证券代码,证券简称,中证一级行业分类代码,中证一级行业分类简称,中证二级行业分类代码,中证二级行业分类简称,中证三级行业分类代码,中证三级行业分类简称,中证四级行业分类代码,中证四级行业分类简称
000001,平安银行,40,金融,4010,银行,401010,商业银行,40101010,综合性银行
000002,万科A,60,房地产,6010,房地产,601010,房地产开发与园区,60101010,房地产开发
000004,*ST国华,45,信息技术,4510,计算机,451010,软件开发,45101010,通用软件
000006,深振业A,60,房地产,6010,房地产,601010,房地产开发与园区,60101010,房地产开发
000007,全新好,60,房地产,6010,房地产,601020,房地产管理与服务,60102010,房地产管理
000008,神州高铁,20,工业,2040,机械制造,204030,交通运输设备,20403010,城轨铁路
000009,中国宝安,20,工业,2030,电力设备,203030,储能设备,20303020,电池部件及材料
000010,美丽生态,20,工业,2020,建筑装饰,202010,建筑与工程,20201020,基础设施建设
000011,深物业A,60,房地产,6010,房地产,601020,房地产管理与服务,60102010,房地产管理
000012,南  玻A,15,原材料,1540,非金属材料,154010,建筑材料,15401020,玻璃
000014,沙河股份,60,房地产,6010,房地产,601010,房地产开发与园区,60101010,房地产开发
000016,深康佳A,25,可选消费,2520,耐用消费品,252010,家用电器,25201010,白色家电
000017,深中华A,25,可选消费,2530,纺织服装与珠宝,253020,珠宝与奢侈品,25302010,珠宝与奢侈品
000019,深粮控股,20,工业,2060,商业服务与用品,206010,商业服务与用品,20601040,贸易商
000020,深华发A,45,信息技术,4520,电子,452030,光学光电子,45203010,面板
000021,深科技,45,信息技术,4520,电子,452010,电子终端及组件,45201040,安防设备及其他
000025,特力A,60,房地产,6010,房地产,601020,房地产管理与服务,60102010,房地产管理
000026,飞亚达,25,可选消费,2530,纺织服装与珠宝,253020,珠宝与奢侈品,25302010,珠宝与奢侈品
000027,深圳能源,55,公用事业,5510,公用事业,551010,电力及电网,55101010,火电
000028,国药一致,35,医药卫生,3510,医疗,351020,医疗商业与服务,35102020,医药商业
000029,深深房A,60,房地产,6010,房地产,601010,房地产开发与园区,60101010,房地产开发
000030,富奥股份,25,可选消费,2510,乘用车及零部件,251010,汽车零部件与轮胎,25101010,汽车系统部件
000031,大悦城,60,房地产,6010,房地产,601010,房地产开发与园区,60101010,房地产开发
000032,深桑达A,20,工业,2020,建筑装饰,202020,建筑装修,20202010,建筑装修
000034,神州数码,25,可选消费,2550,零售业,255020,专营零售,25502010,专营零售
000035,中国天楹,20,工业,2050,环保,205010,污染治理,20501010,固废处理
000036,华联控股,60,房地产,6010,房地产,601020,房地产管理与服务,60102020,房地产服务
000037,深南电A,55,公用事业,5510,公用事业,551010,电力及电网,55101010,火电
000039,中集集团,20,工业,2040,机械制造,204030,交通运输设备,20403020,船舶及其他航运设备
000042,中洲控股,60,房地产,6010,房地产,601010,房地产开发与园区,60101010,房地产开发
000045,深纺织A,45,信息技术,4520,电子,452030,光学光电子,45203010,面板
000048,京基智农,60,房地产,6010,房地产,601010,房地产开发与园区,60101010,房地产开发
000049,德赛电池,20,工业,2030,电力设备,203030,储能设备,20303010,电池
000050,深天马A,45,信息技术,4520,电子,452030,光学光电子,45203010,面板
000055,方大集团,20,工业,2020,建筑装饰,202020,建筑装修,20202010,建筑装修
000056,皇庭国际,60,房地产,6010,房地产,601020,房地产管理与服务,60102020,房地产服务
000058,深赛格,20,工业,2060,商业服务与用品,206010,商业服务与用品,20601020,市场服务
000059,华锦股份,10,能源,1010,能源,101020,石油与天然气,10102020,燃油炼制
000060,中金岭南,15,原材料,1520,有色金属,152010,工业金属,15201010,铜
000061,农 产 品,20,工业,2060,商业服务与用品,206010,商业服务与用品,20601020,市场服务
000062,深圳华强,20,工业,2060,商业服务与用品,206010,商业服务与用品,20601040,贸易商
000063,中兴通讯,50,通信服务,5020,通信设备及技术服务,502010,通信设备,50201020,通信系统设备及组件
000065,北方国际,20,工业,2070,交通运输,207010,运输业,20701020,物流综合
000066,中国长城,45,信息技术,4520,电子,452010,电子终端及组件,45201010,电脑与外围设备
000068,华控赛格,20,工业,2060,商业服务与用品,206010,商业服务与用品,20601040,贸易商
000069,华侨城A,25,可选消费,2540,消费者服务,254010,休闲服务,25401010,景点
000070,特发信息,50,通信服务,5020,通信设备及技术服务,502010,通信设备,50201020,通信系统设备及组件
000078,海王生物,35,医药卫生,3510,医疗,351020,医疗商业与服务,35102020,医药商业
000088,盐田港,20,工业,2070,交通运输,207020,交通基本设施,20702020,港口
000089,深圳机场,20,工业,2070,交通运输,207020,交通基本设施,20702010,机场
000090,天健集团,20,工业,2020,建筑装饰,202010,建筑与工程,20201020,基础设施建设
000096,广聚能源,10,能源,1010,能源,101020,石油与天然气,10102040,油气流通及其他
000099,中信海直,20,工业,2070,交通运输,207010,运输业,20701030,航空运输
0001.HK,长和,50,通信服务,5010,电信服务,501010,电信运营服务,50101010,电信运营服务
000100,TCL科技,45,信息技术,4520,电子,452030,光学光电子,45203010,面板
000151,中成股份,20,工业,2060,商业服务与用品,206010,商业服务与用品,20601040,贸易商
000153,丰原药业,35,医药卫生,3520,医药,352020,化学药,35202020,药品制剂
000155,川能动力,55,公用事业,5510,公用事业,551010,电力及电网,55101040,风电
000156,华数传媒,50,通信服务,5030,传媒,503020,文化娱乐,50302040,广播与电视
000157,中联重科,20,工业,2040,机械制造,204020,专用机械,20402010,工程机械
000158,常山北明,45,信息技术,4510,计算机,451020,信息技术服务,45102010,系统集成服务
000159,国际实业,10,能源,1010,能源,101020,石油与天然气,10102040,油气流通及其他
000166,申万宏源,40,金融,4030,资本市场,403010,证券公司,40301010,证券公司
0002.HK,中电控股,55,公用事业,5510,公用事业,551010,电力及电网,55101010,火电
0003.HK,香港中华煤气,55,公用事业,5510,公用事业,551020,燃气,55102010,燃气
000301,东方盛虹,15,原材料,1510,化工,151030,化学原料,15103050,其他化学原料
000333,美的集团,25,可选消费,2520,耐用消费品,252010,家用电器,25201010,白色家电
000338,潍柴动力,20,工业,2040,机械制造,204030,交通运输设备,20403030,商用车
0004.HK,九龙仓集团,60,房地产,6010,房地产,601010,房地产开发与园区,60101010,房地产开发
000400,许继电气,20,工业,2030,电力设备,203020,电网设备,20302010,电网自动化
000401,金隅冀东,15,原材料,1540,非金属材料,154010,建筑材料,15401010,水泥与混凝土
000402,金 融 街,60,房地产,6010,房地产,601010,房地产开发与园区,60101010,房地产开发
000403,派林生物,35,医药卫生,3520,医药,352010,生物药品,35201010,血液制品
000404,长虹华意,25,可选消费,2520,耐用消费品,252010,家用电器,25201060,家电零部件及其他
000407,胜利股份,55,公用事业,5510,公用事业,551020,燃气,55102010,燃气
000408,藏格矿业,15,原材料,1510,化工,151010,农用化工,15101020,钾肥
000409,云鼎科技,45,信息技术,4510,计算机,451020,信息技术服务,45102010,系统集成服务
000410,沈阳机床,20,工业,2040,机械制造,204010,通用机械,20401040,电动机与工控自动化
000411,英特集团,35,医药卫生,3510,医疗,351020,医疗商业与服务,35102020,医药商业
000415,渤海租赁,20,工业,2060,商业服务与用品,206010,商业服务与用品,20601050,其他商业服务与用品
000417,合百集团,25,可选消费,2550,零售业,255010,一般零售,25501020,超市与便利店
000419,通程控股,25,可选消费,2550,零售业,255010,一般零售,25501010,百货商店
000420,吉林化纤,15,原材料,1510,化工,151020,化学纤维,15102020,粘胶
000421,南京公用,55,公用事业,5510,公用事业,551020,燃气,55102010,燃气
000422,湖北宜化,15,原材料,1510,化工,151030,化学原料,15103020,氯碱
000423,东阿阿胶,35,医药卫生,3520,医药,352030,中药,35203020,中成药
000425,徐工机械,20,工业,2040,机械制造,204020,专用机械,20402010,工程机械
000426,兴业银锡,15,原材料,1520,有色金属,152040,其他有色金属及合金,15204020,其他有色金属及合金
000428,华天酒店,25,可选消费,2540,消费者服务,254010,休闲服务,25401030,酒店
000429,粤高速A,20,工业,2070,交通运输,207020,交通基本设施,20702040,高速公路
000430,ST张家界,25,可选消费,2540,消费者服务,254010,休闲服务,25401010,景点
000488,ST晨鸣,15,原材料,1550,造纸与包装,155020,纸类与林业产品,15502020,纸制品
000498,山东路桥,20,工业,2020,建筑装饰,202010,建筑与工程,20201020,基础设施建设
0005.HK,汇丰控股,40,金融,4010,银行,401010,商业银行,40101010,综合性银行
000501,武商集团,25,可选消费,2550,零售业,255010,一般零售,25501010,百货商店
000503,国新健康,45,信息技术,4510,计算机,451010,软件开发,45101020,行业应用软件
000504,*ST生物,35,医药卫生,3520,医药,352040,制药与生物科技服务,35204010,制药与生物科技服务
000505,京粮控股,30,主要消费,3010,食品、饮料与烟草,301030,食品,30103020,调味品与食用油
000506,招金黄金,15,原材料,1520,有色金属,152020,贵金属,15202010,黄金
000507,珠海港,55,公用事业,5510,公用事业,551010,电力及电网,55101040,风电
000509,华塑控股,45,信息技术,4520,电子,452030,光学光电子,45203010,面板
000510,新金路,15,原材料,1510,化工,151030,化学原料,15103020,氯碱
000513,丽珠集团,35,医药卫生,3520,医药,352020,化学药,35202020,药品制剂
000514,渝开发,60,房地产,6010,房地产,601010,房地产开发与园区,60101010,房地产开发
000516,国际医学,35,医药卫生,3510,医疗,351020,医疗商业与服务,35102010,医疗服务
000517,荣安地产,60,房地产,6010,房地产,601010,房地产开发与园区,60101010,房地产开发
000518,*ST四环,35,医药卫生,3520,医药,352010,生物药品,35201030,其他生物药品
000519,中兵红箭,20,工业,2010,航空航天与国防,201020,国防装备,20102010,国防装备
000520,凤凰航运,20,工业,2070,交通运输,207010,运输业,20701040,航运
000521,长虹美菱,25,可选消费,2520,耐用消费品,252010,家用电器,25201010,白色家电
000523,红棉股份,30,主要消费,3010,食品、饮料与烟草,301030,食品,30103020,调味品与食用油
000524,岭南控股,25,可选消费,2540,消费者服务,254010,休闲服务,25401020,旅游服务
000525,红太阳,15,原材料,1510,化工,151010,农用化工,15101040,农药
000526,学大教育,25,可选消费,2540,消费者服务,254020,教育服务,25402010,学历教育
000528,柳工,20,工业,2040,机械制造,204020,专用机械,20402010,工程机械
000529,广弘控股,30,主要消费,3010,食品、饮料与烟草,301030,食品,30103010,肉制品
000530,冰山冷热,20,工业,2040,机械制造,204010,通用机械,20401070,其他通用机械
000531,穗恒运A,55,公用事业,5510,公用事业,551010,电力及电网,55101010,火电
000532,华金资本,40,金融,4030,资本市场,403020,其他资本市场,40302010,资产管理
000533,顺钠股份,20,工业,2030,电力设备,203020,电网设备,20302020,输变电设备
000534,万泽股份,35,医药卫生,3520,医药,352010,生物药品,35201030,其他生物药品
000536,华映科技,45,信息技术,4520,电子,452030,光学光电子,45203010,面板
000537,绿发电力,55,公用事业,5510,公用事业,551010,电力及电网,55101040,风电
000538,云南白药,35,医药卫生,3520,医药,352030,中药,35203020,中成药
000539,粤电力A,55,公用事业,5510,公用事业,551010,电力及电网,55101010,火电
000541,佛山照明,25,可选消费,2520,耐用消费品,252010,家用电器,25201040,照明电器
000543,皖能电力,55,公用事业,5510,公用事业,551010,电力及电网,55101010,火电
000544,中原环保,20,工业,2050,环保,205010,污染治理,20501020,污水处理
000545,金浦钛业,15,原材料,1510,化工,151030,化学原料,15103040,钛白粉
000546,金圆股份,20,工业,2050,环保,205020,节能与生态修复,20502010,节能与资源回收
000547,航天发展,20,工业,2010,航空航天与国防,201020,国防装备,20102010,国防装备
000548,湖南投资,20,工业,2070,交通运输,207020,交通基本设施,20702040,高速公路
000550,江铃汽车,20,工业,2040,机械制造,204030,交通运输设备,20403030,商用车
000551,创元科技,20,工业,2050,环保,205010,污染治理,20501030,烟气治理
000552,甘肃能化,10,能源,1010,能源,101030,煤炭,10103010,煤炭
000553,安道麦A,15,原材料,1510,化工,151010,农用化工,15101040,农药
000554,泰山石油,10,能源,1010,能源,101020,石油与天然气,10102040,油气流通及其他
000555,神州信息,45,信息技术,4510,计算机,451010,软件开发,45101020,行业应用软件
000557,西部创业,20,工业,2070,交通运输,207010,运输业,20701050,铁路运输
000558,天府文旅,25,可选消费,2540,消费者服务,254010,休闲服务,25401010,景点
000559,万向钱潮,25,可选消费,2510,乘用车及零部件,251010,汽车零部件与轮胎,25101010,汽车系统部件
000560,我爱我家,60,房地产,6010,房地产,601020,房地产管理与服务,60102020,房地产服务
000561,烽火电子,50,通信服务,5020,通信设备及技术服务,502010,通信设备,50201010,通信终端设备及组件
000563,陕国投A,40,金融,4030,资本市场,403020,其他资本市场,40302010,资产管理
000564,供销大集,25,可选消费,2550,零售业,255010,一般零售,25501010,百货商店
000565,渝三峡A,15,原材料,1510,化工,151040,化学制品,15104020,涂料油墨
000566,海南海药,35,医药卫生,3520,医药,352020,化学药,35202020,药品制剂
000567,海德股份,40,金融,4030,资本市场,403020,其他资本市场,40302010,资产管理
000568,泸州老窖,30,主要消费,3010,食品、饮料与烟草,301010,酒,30101010,白酒
000570,苏常柴A,20,工业,2040,机械制造,204010,通用机械,20401020,动力机械
000571,新大洲A,10,能源,1010,能源,101030,煤炭,10103010,煤炭
000572,海马汽车,25,可选消费,2510,乘用车及零部件,251020,乘用车,25102010,乘用车
000573,粤宏远A,60,房地产,6010,房地产,601010,房地产开发与园区,60101010,房地产开发
000576,甘化科工,20,工业,2010,航空航天与国防,201020,国防装备,20102010,国防装备
000581,威孚高科,25,可选消费,2510,乘用车及零部件,251010,汽车零部件与轮胎,25101010,汽车系统部件
000582,北部湾港,20,工业,2070,交通运输,207020,交通基本设施,20702020,港口
000586,汇源通信,50,通信服务,5020,通信设备及技术服务,502010,通信设备,50201020,通信系统设备及组件
000589,贵州轮胎,25,可选消费,2510,乘用车及零部件,251010,汽车零部件与轮胎,25101040,轮胎
000590,古汉医药,35,医药卫生,3520,医药,352030,中药,35203020,中成药
000591,太阳能,55,公用事业,5510,公用事业,551010,电力及电网,55101050,光伏发电
000592,平潭发展,15,原材料,1550,造纸与包装,155020,纸类与林业产品,15502010,林业产品
000593,德龙汇能,55,公用事业,5510,公用事业,551020,燃气,55102010,燃气
000595,*ST宝实,55,公用事业,5510,公用事业,551010,电力及电网,55101040,风电
000596,古井贡酒,30,主要消费,3010,食品、饮料与烟草,301010,酒,30101010,白酒
000597,东北制药,35,医药卫生,3520,医药,352020,化学药,35202020,药品制剂
000598,兴蓉环境,55,公用事业,5510,公用事业,551030,水务,55103010,水务
000599,青岛双星,25,可选消费,2510,乘用车及零部件,251010,汽车零部件与轮胎,25101040,轮胎
0006.HK,电能实业,55,公用事业,5510,公用事业,551010,电力及电网,55101010,火电
000600,建投能源,55,公用事业,5510,公用事业,551010,电力及电网,55101010,火电
000601,韶能股份,55,公用事业,5510,公用事业,551010,电力及电网,55101020,水电
000603,盛达资源,15,原材料,1520,有色金属,152010,工业金属,15201030,铅锌
000605,渤海股份,55,公用事业,5510,公用事业,551030,水务,55103010,水务
000607,华媒控股,50,通信服务,5030,传媒,503010,营销与广告,50301020,其他广告营销
000608,*ST阳光,60,房地产,6010,房地产,601020,房地产管理与服务,60102020,房地产服务
000609,ST中迪,60,房地产,6010,房地产,601010,房地产开发与园区,60101010,房地产开发
000610,西安旅游,25,可选消费,2540,消费者服务,254010,休闲服务,25401020,旅游服务
000612,焦作万方,15,原材料,1520,有色金属,152010,工业金属,15201020,铝
000615,*ST美谷,35,医药卫生,3510,医疗,351020,医疗商业与服务,35102010,医疗服务
000617,中油资本,40,金融,4020,其他金融,402010,其他金融服务,40201030,其他综合性金融服务
000619,海螺新材,20,工业,2020,建筑装饰,202030,建筑产品,20203010,建筑产品
000620,盈新发展,60,房地产,6010,房地产,601010,房地产开发与园区,60101010,房地产开发
000623,吉林敖东,35,医药卫生,3520,医药,352030,中药,35203020,中成药
000625,长安汽车,25,可选消费,2510,乘用车及零部件,251020,乘用车,25102010,乘用车
000626,远大控股,20,工业,2060,商业服务与用品,206010,商业服务与用品,20601040,贸易商
000628,高新发展,20,工业,2020,建筑装饰,202010,建筑与工程,20201010,房屋建设
000629,钒钛股份,15,原材料,1520,有色金属,152030,稀有金属,15203040,其他稀有金属
000630,铜陵有色,15,原材料,1520,有色金属,152010,工业金属,15201010,铜
000631,顺发恒能,60,房地产,6010,房地产,601010,房地产开发与园区,60101010,房地产开发
000632,三木集团,20,工业,2060,商业服务与用品,206010,商业服务与用品,20601040,贸易商
000633,合金投资,15,原材料,1520,有色金属,152040,其他有色金属及合金,15204020,其他有色金属及合金
000635,英 力 特,15,原材料,1510,化工,151030,化学原料,15103020,氯碱
000636,风华高科,45,信息技术,4520,电子,452020,电子元件,45202020,被动元件
000637,茂化实华,15,原材料,1510,化工,151030,化学原料,15103050,其他化学原料
000638,*ST万方,30,主要消费,3020,农牧渔,302010,种植,30201010,农产品
000639,西王食品,30,主要消费,3010,食品、饮料与烟草,301030,食品,30103020,调味品与食用油
000650,仁和药业,35,医药卫生,3520,医药,352030,中药,35203020,中成药
000651,格力电器,25,可选消费,2520,耐用消费品,252010,家用电器,25201010,白色家电
000652,泰达股份,20,工业,2060,商业服务与用品,206010,商业服务与用品,20601040,贸易商
000655,金岭矿业,15,原材料,1530,钢铁,153010,钢铁,15301030,其他钢铁
000656,*ST金科,60,房地产,6010,房地产,601010,房地产开发与园区,60101010,房地产开发
000657,中钨高新,15,原材料,1520,有色金属,152030,稀有金属,15203020,钨钼
000659,珠海中富,15,原材料,1550,造纸与包装,155010,容器与包装,15501010,金属、玻璃与塑料包装
000661,长春高新,35,医药卫生,3520,医药,352010,生物药品,35201030,其他生物药品
000663,永安林业,15,原材料,1550,造纸与包装,155020,纸类与林业产品,15502010,林业产品
000665,湖北广电,50,通信服务,5030,传媒,503020,文化娱乐,50302040,广播与电视
000668,*ST荣控,60,房地产,6010,房地产,601010,房地产开发与园区,60101010,房地产开发
000669,ST金鸿,55,公用事业,5510,公用事业,551020,燃气,55102010,燃气
000670,盈方微,20,工业,2060,商业服务与用品,206010,商业服务与用品,20601040,贸易商
000672,上峰水泥,15,原材料,1540,非金属材料,154010,建筑材料,15401010,水泥与混凝土
000676,智度股份,50,通信服务,5030,传媒,503010,营销与广告,50301010,数字营销
000677,恒天海龙,15,原材料,1510,化工,151020,化学纤维,15102010,锦纶与涤纶
000678,襄阳轴承,25,可选消费,2510,乘用车及零部件,251010,汽车零部件与轮胎,25101010,汽车系统部件
000679,大连友谊,25,可选消费,2550,零售业,255010,一般零售,25501010,百货商店
000680,山推股份,20,工业,2040,机械制造,204020,专用机械,20402010,工程机械
000681,视觉中国,50,通信服务,5030,传媒,503030,数字媒体,50303030,图文媒体
000682,东方电子,20,工业,2030,电力设备,203020,电网设备,20302010,电网自动化
000683,博源化工,15,原材料,1510,化工,151030,化学原料,15103010,纯碱
000685,中山公用,55,公用事业,5510,公用事业,551030,水务,55103010,水务
000686,东北证券,40,金融,4030,资本市场,403010,证券公司,40301010,证券公司
000688,国城矿业,15,原材料,1520,有色金属,152030,稀有金属,15203020,钨钼
000690,宝新能源,55,公用事业,5510,公用事业,551010,电力及电网,55101010,火电
000691,*ST亚太,15,原材料,1510,化工,151040,化学制品,15104080,其他化学制品
000692,惠天热电,55,公用事业,5510,公用事业,551050,供热及其他,55105010,供热及其他
000695,滨海能源,20,工业,2030,电力设备,203030,储能设备,20303020,电池部件及材料
000697,ST炼石,20,工业,2010,航空航天与国防,201010,航空航天,20101010,航空
000698,ST沈化,15,原材料,1510,化工,151040,化学制品,15104060,聚氨酯
0007.HK,智富资源投资,25,可选消费,2550,零售业,255020,专营零售,25502010,专营零售
000700,模塑科技,25,可选消费,2510,乘用车及零部件,251010,汽车零部件与轮胎,25101020,汽车内饰与外饰
000701,厦门信达,20,工业,2060,商业服务与用品,206010,商业服务与用品,20601040,贸易商
000702,正虹科技,30,主要消费,3020,农牧渔,302020,养殖,30202010,饲料
000703,恒逸石化,15,原材料,1510,化工,151020,化学纤维,15102010,锦纶与涤纶
000705,浙江震元,35,医药卫生,3510,医疗,351020,医疗商业与服务,35102020,医药商业
000707,双环科技,15,原材料,1510,化工,151030,化学原料,15103010,纯碱
000708,中信特钢,15,原材料,1530,钢铁,153010,钢铁,15301020,特钢
000709,河钢股份,15,原材料,1530,钢铁,153010,钢铁,15301010,普钢
000710,贝瑞基因,35,医药卫生,3510,医疗,351010,医疗器械,35101030,体外诊断
000711,ST京蓝,20,工业,2050,环保,205020,节能与生态修复,20502010,节能与资源回收
000712,锦龙股份,40,金融,4030,资本市场,403010,证券公司,40301010,证券公司
000713,国投丰乐,15,原材料,1510,化工,151010,农用化工,15101040,农药
000715,中兴商业,25,可选消费,2550,零售业,255010,一般零售,25501010,百货商店
000716,黑芝麻,30,主要消费,3010,食品、饮料与烟草,301020,软饮料,30102010,软饮料
000717,中南股份,15,原材料,1530,钢铁,153010,钢铁,15301010,普钢
000718,苏宁环球,60,房地产,6010,房地产,601010,房地产开发与园区,60101010,房地产开发
000719,中原传媒,50,通信服务,5030,传媒,503020,文化娱乐,50302030,出版
000720,新能泰山,20,工业,2030,电力设备,203020,电网设备,20302040,线缆及其他
000721,西安饮食,25,可选消费,2540,消费者服务,254010,休闲服务,25401040,餐饮服务
000722,湖南发展,55,公用事业,5510,公用事业,551010,电力及电网,55101020,水电
000723,美锦能源,10,能源,1010,能源,101030,煤炭,10103020,焦炭
000725,京东方A,45,信息技术,4520,电子,452030,光学光电子,45203010,面板
000726,鲁  泰A,25,可选消费,2530,纺织服装与珠宝,253010,纺织服装,25301010,纺织品
000727,冠捷科技,45,信息技术,4520,电子,452030,光学光电子,45203010,面板
000728,国元证券,40,金融,4030,资本市场,403010,证券公司,40301010,证券公司
000729,燕京啤酒,30,主要消费,3010,食品、饮料与烟草,301010,酒,30101020,啤酒
000731,四川美丰,15,原材料,1510,化工,151010,农用化工,15101010,氮肥
000733,振华科技,20,工业,2010,航空航天与国防,201020,国防装备,20102010,国防装备
000735,罗牛山,30,主要消费,3020,农牧渔,302020,养殖,30202030,畜牧产品
000736,*ST中地,60,房地产,6010,房地产,601020,房地产管理与服务,60102010,房地产管理
000737,北方铜业,15,原材料,1520,有色金属,152010,工业金属,15201010,铜
000738,航发控制,20,工业,2010,航空航天与国防,201010,航空航天,20101010,航空
000739,普洛药业,35,医药卫生,3520,医药,352020,化学药,35202010,原料药
000750,国海证券,40,金融,4030,资本市场,403010,证券公司,40301010,证券公司
000751,锌业股份,15,原材料,1520,有色金属,152010,工业金属,15201030,铅锌
000752,ST西发,30,主要消费,3010,食品、饮料与烟草,301010,酒,30101020,啤酒
000753,漳州发展,25,可选消费,2510,乘用车及零部件,251040,汽车经销商与汽车服务,25104010,汽车经销商
000755,山西高速,20,工业,2070,交通运输,207020,交通基本设施,20702040,高速公路
000756,新华制药,35,医药卫生,3520,医药,352020,化学药,35202010,原料药
000757,浩物股份,25,可选消费,2510,乘用车及零部件,251040,汽车经销商与汽车服务,25104010,汽车经销商
000758,中色股份,15,原材料,1520,有色金属,152010,工业金属,15201030,铅锌
000759,中百集团,25,可选消费,2550,零售业,255010,一般零售,25501020,超市与便利店
000761,本钢板材,15,原材料,1530,钢铁,153010,钢铁,15301010,普钢
000762,西藏矿业,15,原材料,1520,有色金属,152030,稀有金属,15203030,锂
000766,通化金马,35,医药卫生,3520,医药,352020,化学药,35202020,药品制剂
000767,晋控电力,55,公用事业,5510,公用事业,551010,电力及电网,55101010,火电
000768,中航西飞,20,工业,2010,航空航天与国防,201010,航空航天,20101010,航空
000776,广发证券,40,金融,4030,资本市场,403010,证券公司,40301010,证券公司
000777,中核科技,20,工业,2040,机械制造,204010,通用机械,20401030,气液机械
000778,新兴铸管,15,原材料,1530,钢铁,153010,钢铁,15301030,其他钢铁
000779,甘咨询,20,工业,2020,建筑装饰,202010,建筑与工程,20201050,建筑设计及服务
000782,恒申新材,15,原材料,1510,化工,151020,化学纤维,15102010,锦纶与涤纶
000783,长江证券,40,金融,4030,资本市场,403010,证券公司,40301010,证券公司
000785,居然智家,20,工业,2060,商业服务与用品,206010,商业服务与用品,20601020,市场服务
000786,北新建材,20,工业,2020,建筑装饰,202030,建筑产品,20203010,建筑产品
000788,北大医药,35,医药卫生,3520,医药,352020,化学药,35202020,药品制剂
000789,万年青,15,原材料,1540,非金属材料,154010,建筑材料,15401010,水泥与混凝土
000790,华神科技,35,医药卫生,3520,医药,352030,中药,35203020,中成药
000791,甘肃能源,55,公用事业,5510,公用事业,551010,电力及电网,55101010,火电
000792,盐湖股份,15,原材料,1510,化工,151010,农用化工,15101020,钾肥
000793,*ST华闻,50,通信服务,5030,传媒,503020,文化娱乐,50302030,出版
000795,英洛华,15,原材料,1520,有色金属,152030,稀有金属,15203010,稀土金属
000796,凯撒旅业,25,可选消费,2540,消费者服务,254010,休闲服务,25401040,餐饮服务
000797,中国武夷,60,房地产,6010,房地产,601010,房地产开发与园区,60101010,房地产开发
000798,中水渔业,30,主要消费,3020,农牧渔,302020,养殖,30202040,渔业产品
000799,酒鬼酒,30,主要消费,3010,食品、饮料与烟草,301010,酒,30101010,白酒
0008.HK,电讯盈科,50,通信服务,5010,电信服务,501010,电信运营服务,50101010,电信运营服务
000800,一汽解放,20,工业,2040,机械制造,204030,交通运输设备,20403030,商用车
000801,四川九洲,50,通信服务,5020,通信设备及技术服务,502010,通信设备,50201010,通信终端设备及组件
000802,北京文化,50,通信服务,5030,传媒,503020,文化娱乐,50302010,影视动漫
000803,山高环能,20,工业,2050,环保,205020,节能与生态修复,20502010,节能与资源回收
000807,云铝股份,15,原材料,1520,有色金属,152010,工业金属,15201020,铝
000809,和展能源,20,工业,2030,电力设备,203010,发电设备,20301020,风电设备
000810,创维数字,50,通信服务,5020,通信设备及技术服务,502010,通信设备,50201010,通信终端设备及组件
000811,冰轮环境,20,工业,2040,机械制造,204010,通用机械,20401070,其他通用机械
000812,陕西金叶,15,原材料,1550,造纸与包装,155010,容器与包装,15501020,纸材料包装
000813,德展健康,35,医药卫生,3520,医药,352020,化学药,35202020,药品制剂
000815,美利云,50,通信服务,5020,通信设备及技术服务,502020,数据中心,50202010,数据中心
000816,智慧农业,20,工业,2040,机械制造,204010,通用机械,20401020,动力机械
000818,航锦科技,15,原材料,1510,化工,151030,化学原料,15103020,氯碱
000819,岳阳兴长,15,原材料,1510,化工,151030,化学原料,15103050,其他化学原料
000820,*ST节能,20,工业,2050,环保,205020,节能与生态修复,20502010,节能与资源回收
000821,ST京机,20,工业,2030,电力设备,203010,发电设备,20301010,光伏设备
000822,山东海化,15,原材料,1510,化工,151030,化学原料,15103010,纯碱
000823,超声电子,45,信息技术,4520,电子,452020,电子元件,45202010,印制电路板
000825,太钢不锈,15,原材料,1530,钢铁,153010,钢铁,15301020,特钢
000826,启迪环境,55,公用事业,5510,公用事业,551040,市政环卫,55104010,市政环卫
000828,东莞控股,20,工业,2070,交通运输,207020,交通基本设施,20702040,高速公路
000829,天音控股,25,可选消费,2550,零售业,255020,专营零售,25502010,专营零售
000830,鲁西化工,15,原材料,1510,化工,151030,化学原料,15103050,其他化学原料
000831,中国稀土,15,原材料,1520,有色金属,152030,稀有金属,15203010,稀土金属
000833,粤桂股份,30,主要消费,3010,食品、饮料与烟草,301030,食品,30103020,调味品与食用油
000837,秦川机床,20,工业,2040,机械制造,204010,通用机械,20401010,加工机械
000838,财信发展,60,房地产,6010,房地产,601010,房地产开发与园区,60101010,房地产开发
000839,国安股份,50,通信服务,5010,电信服务,501020,电信增值服务,50102010,电信增值服务
000848,承德露露,30,主要消费,3010,食品、饮料与烟草,301020,软饮料,30102010,软饮料
000850,华茂股份,25,可选消费,2530,纺织服装与珠宝,253010,纺织服装,25301010,纺织品
000852,石化机械,10,能源,1010,能源,101010,油气开采与油田服务,10101010,油气开采
000856,冀东装备,20,工业,2040,机械制造,204020,专用机械,20402080,其他专用机械
000858,五 粮 液,30,主要消费,3010,食品、饮料与烟草,301010,酒,30101010,白酒
000859,国风新材,15,原材料,1510,化工,151050,塑料,15105030,膜材料
000860,顺鑫农业,30,主要消费,3010,食品、饮料与烟草,301010,酒,30101010,白酒
000862,银星能源,55,公用事业,5510,公用事业,551010,电力及电网,55101040,风电
000863,三湘印象,60,房地产,6010,房地产,601010,房地产开发与园区,60101010,房地产开发
000868,安凯客车,20,工业,2040,机械制造,204030,交通运输设备,20403030,商用车
000869,张  裕A,30,主要消费,3010,食品、饮料与烟草,301010,酒,30101040,葡萄酒及其他
000875,电投绿能,55,公用事业,5510,公用事业,551010,电力及电网,55101050,光伏发电
000876,新 希 望,30,主要消费,3020,农牧渔,302020,养殖,30202010,饲料
000877,天山股份,15,原材料,1540,非金属材料,154010,建筑材料,15401010,水泥与混凝土
000878,云南铜业,15,原材料,1520,有色金属,152010,工业金属,15201010,铜
000880,潍柴重机,20,工业,2040,机械制造,204030,交通运输设备,20403020,船舶及其他航运设备
000881,中广核技,15,原材料,1510,化工,151050,塑料,15105010,改性塑料
000882,华联股份,60,房地产,6010,房地产,601020,房地产管理与服务,60102020,房地产服务
000883,湖北能源,55,公用事业,5510,公用事业,551010,电力及电网,55101020,水电
000885,城发环境,20,工业,2050,环保,205010,污染治理,20501010,固废处理
000886,海南高速,60,房地产,6010,房地产,601010,房地产开发与园区,60101010,房地产开发
000887,中鼎股份,25,可选消费,2510,乘用车及零部件,251010,汽车零部件与轮胎,25101010,汽车系统部件
000888,峨眉山A,25,可选消费,2540,消费者服务,254010,休闲服务,25401010,景点
000889,中嘉博创,50,通信服务,5020,通信设备及技术服务,502030,通信技术服务,50203010,通信技术服务
000890,法尔胜,20,工业,2050,环保,205010,污染治理,20501010,固废处理
000892,欢瑞世纪,50,通信服务,5030,传媒,503020,文化娱乐,50302010,影视动漫
000893,亚钾国际,15,原材料,1510,化工,151010,农用化工,15101020,钾肥
000895,双汇发展,30,主要消费,3010,食品、饮料与烟草,301030,食品,30103010,肉制品
000897,津滨发展,60,房地产,6010,房地产,601010,房地产开发与园区,60101010,房地产开发
000898,鞍钢股份,15,原材料,1530,钢铁,153010,钢铁,15301010,普钢
000899,赣能股份,55,公用事业,5510,公用事业,551010,电力及电网,55101010,火电
000900,现代投资,20,工业,2070,交通运输,207020,交通基本设施,20702040,高速公路
000901,航天科技,25,可选消费,2510,乘用车及零部件,251010,汽车零部件与轮胎,25101030,汽车电子
000902,新洋丰,15,原材料,1510,化工,151010,农用化工,15101030,复合肥
000903,ST云动,20,工业,2040,机械制造,204030,交通运输设备,20403030,商用车
000905,厦门港务,20,工业,2070,交通运输,207020,交通基本设施,20702020,港口
000906,浙商中拓,20,工业,2070,交通运输,207010,运输业,20701020,物流综合
000908,ST景峰,35,医药卫生,3520,医药,352020,化学药,35202020,药品制剂
000909,*ST数源,60,房地产,6010,房地产,601010,房地产开发与园区,60101020,园区
000910,大亚圣象,20,工业,2020,建筑装饰,202030,建筑产品,20203010,建筑产品
000911,广农糖业,30,主要消费,3010,食品、饮料与烟草,301030,食品,30103020,调味品与食用油
000912,泸天化,15,原材料,1510,化工,151010,农用化工,15101010,氮肥
000913,钱江摩托,25,可选消费,2510,乘用车及零部件,251030,摩托车及其他,25103010,摩托车及其他
000915,华特达因,35,医药卫生,3520,医药,352020,化学药,35202020,药品制剂
000917,电广传媒,50,通信服务,5030,传媒,503010,营销与广告,50301020,其他广告营销
000919,金陵药业,35,医药卫生,3520,医药,352020,化学药,35202020,药品制剂
000920,沃顿科技,15,原材料,1510,化工,151050,塑料,15105030,膜材料
000921,海信家电,25,可选消费,2520,耐用消费品,252010,家用电器,25201010,白色家电
000922,佳电股份,20,工业,2040,机械制造,204010,通用机械,20401040,电动机与工控自动化
000923,河钢资源,15,原材料,1530,钢铁,153010,钢铁,15301030,其他钢铁
000925,众合科技,20,工业,2040,机械制造,204030,交通运输设备,20403010,城轨铁路
000926,福星股份,60,房地产,6010,房地产,601010,房地产开发与园区,60101010,房地产开发
000927,中国铁物,20,工业,2070,交通运输,207010,运输业,20701020,物流综合
000928,中钢国际,20,工业,2020,建筑装饰,202010,建筑与工程,20201040,专业工程
000929,*ST兰黄,30,主要消费,3010,食品、饮料与烟草,301010,酒,30101020,啤酒
000930,中粮科技,30,主要消费,3020,农牧渔,302010,种植,30201010,农产品
000931,中关村,35,医药卫生,3520,医药,352020,化学药,35202020,药品制剂
000932,华菱钢铁,15,原材料,1530,钢铁,153010,钢铁,15301010,普钢
000933,神火股份,15,原材料,1520,有色金属,152010,工业金属,15201020,铝
000935,四川双马,15,原材料,1540,非金属材料,154010,建筑材料,15401010,水泥与混凝土
000936,华西股份,15,原材料,1510,化工,151020,化学纤维,15102010,锦纶与涤纶
000937,冀中能源,10,能源,1010,能源,101030,煤炭,10103020,焦炭
000938,紫光股份,50,通信服务,5020,通信设备及技术服务,502020,数据中心,50202010,数据中心
000948,南天信息,45,信息技术,4510,计算机,451010,软件开发,45101020,行业应用软件
000949,新乡化纤,15,原材料,1510,化工,151020,化学纤维,15102030,氨纶及其他化纤
000950,重药控股,35,医药卫生,3510,医疗,351020,医疗商业与服务,35102020,医药商业
000951,中国重汽,20,工业,2040,机械制造,204030,交通运输设备,20403030,商用车
000952,广济药业,35,医药卫生,3520,医药,352020,化学药,35202010,原料药
000953,河化股份,35,医药卫生,3520,医药,352020,化学药,35202010,原料药
000955,欣龙控股,25,可选消费,2530,纺织服装与珠宝,253010,纺织服装,25301010,纺织品
000957,中通客车,20,工业,2040,机械制造,204030,交通运输设备,20403030,商用车
000958,电投产融,55,公用事业,5510,公用事业,551010,电力及电网,55101030,核电
000959,首钢股份,15,原材料,1530,钢铁,153010,钢铁,15301010,普钢
000960,锡业股份,15,原材料,1520,有色金属,152040,其他有色金属及合金,15204020,其他有色金属及合金
000962,东方钽业,15,原材料,1520,有色金属,152030,稀有金属,15203040,其他稀有金属
000963,华东医药,35,医药卫生,3520,医药,352020,化学药,35202020,药品制剂
000965,天保基建,60,房地产,6010,房地产,601010,房地产开发与园区,60101010,房地产开发
000966,长源电力,55,公用事业,5510,公用事业,551010,电力及电网,55101010,火电
000967,盈峰环境,55,公用事业,5510,公用事业,551040,市政环卫,55104010,市政环卫
000968,蓝焰控股,10,能源,1010,能源,101020,石油与天然气,10102030,天然气加工
000969,安泰科技,15,原材料,1520,有色金属,152040,其他有色金属及合金,15204020,其他有色金属及合金
000970,中科三环,15,原材料,1520,有色金属,152030,稀有金属,15203010,稀土金属
000972,*ST中基,30,主要消费,3010,食品、饮料与烟草,301030,食品,30103020,调味品与食用油
000973,佛塑科技,20,工业,2030,电力设备,203030,储能设备,20303020,电池部件及材料
000975,山金国际,15,原材料,1520,有色金属,152020,贵金属,15202010,黄金
000977,浪潮信息,45,信息技术,4520,电子,452010,电子终端及组件,45201010,电脑与外围设备
000978,桂林旅游,25,可选消费,2540,消费者服务,254010,休闲服务,25401010,景点
000980,众泰汽车,20,工业,2020,建筑装饰,202030,建筑产品,20203010,建筑产品
000981,山子高科,25,可选消费,2510,乘用车及零部件,251010,汽车零部件与轮胎,25101010,汽车系统部件
000983,山西焦煤,10,能源,1010,能源,101030,煤炭,10103020,焦炭
000985,大庆华科,15,原材料,1510,化工,151030,化学原料,15103050,其他化学原料
000987,越秀资本,40,金融,4020,其他金融,402010,其他金融服务,40201030,其他综合性金融服务
000988,华工科技,45,信息技术,4520,电子,452050,其他电子,45205010,其他电子
000989,九芝堂,35,医药卫生,3520,医药,352030,中药,35203020,中成药
000990,诚志股份,15,原材料,1510,化工,151030,化学原料,15103050,其他化学原料
000993,闽东电力,55,公用事业,5510,公用事业,551010,电力及电网,55101020,水电
000995,皇台酒业,30,主要消费,3010,食品、饮料与烟草,301010,酒,30101010,白酒
000997,新 大 陆,45,信息技术,4520,电子,452010,电子终端及组件,45201040,安防设备及其他
000998,隆平高科,30,主要消费,3020,农牧渔,302010,种植,30201020,种业
000999,华润三九,35,医药卫生,3520,医药,352030,中药,35203020,中成药
0010.HK,恒隆集团,60,房地产,6010,房地产,601020,房地产管理与服务,60102020,房地产服务
0012.HK,恒基地产,60,房地产,6010,房地产,601010,房地产开发与园区,60101010,房地产开发
001201,东瑞股份,30,主要消费,3020,农牧渔,302020,养殖,30202030,畜牧产品
001202,炬申股份,20,工业,2070,交通运输,207010,运输业,20701020,物流综合
001203,大中矿业,15,原材料,1530,钢铁,153010,钢铁,15301030,其他钢铁
001205,盛航股份,20,工业,2070,交通运输,207010,运输业,20701040,航运
001206,依依股份,30,主要消费,3030,家庭与个人用品,303010,家庭用品,30301010,家庭用品
001207,联科科技,15,原材料,1510,化工,151060,橡胶,15106010,橡胶助剂
001208,华菱线缆,20,工业,2030,电力设备,203020,电网设备,20302040,线缆及其他
001209,洪兴股份,25,可选消费,2530,纺织服装与珠宝,253010,纺织服装,25301020,服装
001210,金房能源,55,公用事业,5510,公用事业,551050,供热及其他,55105010,供热及其他
001211,双枪科技,25,可选消费,2520,耐用消费品,252020,家居,25202020,其他家居
001212,中旗新材,20,工业,2020,建筑装饰,202030,建筑产品,20203010,建筑产品
001213,中铁特货,20,工业,2070,交通运输,207010,运输业,20701050,铁路运输
001215,千味央厨,30,主要消费,3010,食品、饮料与烟草,301030,食品,30103050,其他食品
001216,华瓷股份,25,可选消费,2520,耐用消费品,252020,家居,25202020,其他家居
001217,华尔泰,15,原材料,1510,化工,151030,化学原料,15103050,其他化学原料
001218,丽臣实业,15,原材料,1510,化工,151040,化学制品,15104080,其他化学制品
001219,青岛食品,30,主要消费,3010,食品、饮料与烟草,301030,食品,30103040,休闲食品
001220,世盟股份,20,工业,2070,交通运输,207010,运输业,20701020,物流综合
001221,悍高集团,25,可选消费,2520,耐用消费品,252020,家居,25202020,其他家居
001222,源飞宠物,30,主要消费,3030,家庭与个人用品,303010,家庭用品,30301010,家庭用品
001223,欧克科技,20,工业,2040,机械制造,204020,专用机械,20402040,印刷包装机械
001225,和泰机电,20,工业,2040,机械制造,204010,通用机械,20401070,其他通用机械
001226,拓山重工,20,工业,2040,机械制造,204020,专用机械,20402010,工程机械
001227,兰州银行,40,金融,4010,银行,401010,商业银行,40101020,区域性银行
001228,永泰运,20,工业,2070,交通运输,207010,运输业,20701020,物流综合
001229,魅视科技,45,信息技术,4520,电子,452010,电子终端及组件,45201040,安防设备及其他
001230,劲旅环境,55,公用事业,5510,公用事业,551040,市政环卫,55104010,市政环卫
001231,农心科技,15,原材料,1510,化工,151010,农用化工,15101040,农药
001233,海安集团,25,可选消费,2510,乘用车及零部件,251010,汽车零部件与轮胎,25101040,轮胎
001234,泰慕士,25,可选消费,2530,纺织服装与珠宝,253010,纺织服装,25301020,服装
001236,弘业期货,40,金融,4030,资本市场,403020,其他资本市场,40302030,其他资本市场
001238,浙江正特,25,可选消费,2520,耐用消费品,252030,休闲设备与用品,25203010,休闲设备与用品
001239,永达股份,20,工业,2030,电力设备,203010,发电设备,20301020,风电设备
001255,博菲电气,20,工业,2030,电力设备,203020,电网设备,20302040,线缆及其他
001256,炜冈科技,20,工业,2040,机械制造,204020,专用机械,20402040,印刷包装机械
001257,盛龙股份,15,原材料,1520,有色金属,152030,稀有金属,15203020,钨钼
001258,立新能源,55,公用事业,5510,公用事业,551010,电力及电网,55101040,风电
001259,利仁科技,25,可选消费,2520,耐用消费品,252010,家用电器,25201030,小家电
001260,坤泰股份,25,可选消费,2510,乘用车及零部件,251010,汽车零部件与轮胎,25101020,汽车内饰与外饰
001266,宏英智能,20,工业,2040,机械制造,204010,通用机械,20401040,电动机与工控自动化
001267,汇绿生态,20,工业,2020,建筑装饰,202010,建筑与工程,20201030,园林工程
001268,联合精密,20,工业,2040,机械制造,204010,通用机械,20401030,气液机械
001269,欧晶科技,20,工业,2050,环保,205020,节能与生态修复,20502010,节能与资源回收
001270,*ST铖昌,20,工业,2010,航空航天与国防,201020,国防装备,20102010,国防装备
001277,速达股份,20,工业,2040,机械制造,204020,专用机械,20402020,采矿冶金机械
001278,一彬科技,25,可选消费,2510,乘用车及零部件,251010,汽车零部件与轮胎,25101020,汽车内饰与外饰
001279,强邦新材,20,工业,2060,商业服务与用品,206010,商业服务与用品,20601010,商业印刷
001280,中国铀业,15,原材料,1520,有色金属,152030,稀有金属,15203040,其他稀有金属
001282,三联锻造,25,可选消费,2510,乘用车及零部件,251010,汽车零部件与轮胎,25101010,汽车系统部件
001283,豪鹏科技,20,工业,2030,电力设备,203030,储能设备,20303010,电池
001285,瑞立科密,25,可选消费,2510,乘用车及零部件,251010,汽车零部件与轮胎,25101010,汽车系统部件
001286,陕西能源,55,公用事业,5510,公用事业,551010,电力及电网,55101010,火电
001287,中电港,20,工业,2060,商业服务与用品,206010,商业服务与用品,20601040,贸易商
001288,运机集团,20,工业,2040,机械制造,204010,通用机械,20401070,其他通用机械
001289,龙源电力,55,公用事业,5510,公用事业,551010,电力及电网,55101040,风电
001296,长江材料,15,原材料,1540,非金属材料,154020,其他非金属材料,15402020,其他非金属材料
001298,好上好,20,工业,2060,商业服务与用品,206010,商业服务与用品,20601040,贸易商
001299,美能能源,55,公用事业,5510,公用事业,551020,燃气,55102010,燃气
0013.HK,和黄医药,35,医药卫生,3520,医药,352020,化学药,35202020,药品制剂
001300,三柏硕,25,可选消费,2520,耐用消费品,252030,休闲设备与用品,25203010,休闲设备与用品
001301,尚太科技,20,工业,2030,电力设备,203030,储能设备,20303020,电池部件及材料
001306,夏厦精密,25,可选消费,2510,乘用车及零部件,251010,汽车零部件与轮胎,25101010,汽车系统部件
001308,康冠科技,45,信息技术,4520,电子,452030,光学光电子,45203010,面板
001309,德明利,45,信息技术,4530,半导体,453010,集成电路,45301010,集成电路设计
001311,多利科技,25,可选消费,2510,乘用车及零部件,251010,汽车零部件与轮胎,25101050,其他汽车零部件
001313,粤海饲料,30,主要消费,3020,农牧渔,302020,养殖,30202010,饲料
001314,亿道信息,45,信息技术,4520,电子,452010,电子终端及组件,45201010,电脑与外围设备
001316,润贝航科,20,工业,2060,商业服务与用品,206010,商业服务与用品,20601040,贸易商
001317,三羊马,20,工业,2070,交通运输,207010,运输业,20701020,物流综合
001318,阳光乳业,30,主要消费,3010,食品、饮料与烟草,301030,食品,30103030,乳制品
001319,铭科精技,25,可选消费,2510,乘用车及零部件,251010,汽车零部件与轮胎,25101050,其他汽车零部件
001322,箭牌家居,25,可选消费,2520,耐用消费品,252020,家居,25202020,其他家居
001323,慕思股份,25,可选消费,2520,耐用消费品,252020,家居,25202010,家具
001324,长青科技,20,工业,2040,机械制造,204030,交通运输设备,20403010,城轨铁路
001325,元创股份,20,工业,2040,机械制造,204020,专用机械,20402060,农业机械
001326,联域股份,45,信息技术,4520,电子,452030,光学光电子,45203020,LED
001328,登康口腔,30,主要消费,3030,家庭与个人用品,303010,家庭用品,30301010,家庭用品
001330,博纳影业,50,通信服务,5030,传媒,503020,文化娱乐,50302010,影视动漫
001331,胜通能源,10,能源,1010,能源,101020,石油与天然气,10102040,油气流通及其他
001332,锡装股份,20,工业,2040,机械制造,204020,专用机械,20402080,其他专用机械
001333,光华股份,15,原材料,1510,化工,151040,化学制品,15104020,涂料油墨
001335,信凯科技,20,工业,2060,商业服务与用品,206010,商业服务与用品,20601040,贸易商
001336,楚环科技,20,工业,2050,环保,205010,污染治理,20501030,烟气治理
001337,四川黄金,15,原材料,1520,有色金属,152020,贵金属,15202010,黄金
001338,永顺泰,30,主要消费,3010,食品、饮料与烟草,301010,酒,30101020,啤酒
001339,智微智能,45,信息技术,4520,电子,452010,电子终端及组件,45201010,电脑与外围设备
001356,富岭股份,25,可选消费,2520,耐用消费品,252020,家居,25202020,其他家居
001358,兴欣新材,15,原材料,1510,化工,151040,化学制品,15104080,其他化学制品
001359,平安电工,20,工业,2030,电力设备,203020,电网设备,20302040,线缆及其他
001360,南矿集团,20,工业,2040,机械制造,204020,专用机械,20402020,采矿冶金机械
001366,播恩集团,30,主要消费,3020,农牧渔,302020,养殖,30202010,饲料
001367,海森药业,35,医药卫生,3520,医药,352020,化学药,35202010,原料药
001368,通达创智,25,可选消费,2520,耐用消费品,252030,休闲设备与用品,25203010,休闲设备与用品
001369,双欣材料,15,原材料,1510,化工,151030,化学原料,15103050,其他化学原料
001373,翔腾新材,45,信息技术,4520,电子,452030,光学光电子,45203010,面板
001376,百通能源,55,公用事业,5510,公用事业,551050,供热及其他,55105010,供热及其他
001378,德冠新材,15,原材料,1510,化工,151050,塑料,15105030,膜材料
001379,腾达科技,20,工业,2040,机械制造,204010,通用机械,20401070,其他通用机械
001380,华纬科技,25,可选消费,2510,乘用车及零部件,251010,汽车零部件与轮胎,25101010,汽车系统部件
001382,新亚电缆,20,工业,2030,电力设备,203020,电网设备,20302040,线缆及其他
001386,马可波罗,20,工业,2020,建筑装饰,202030,建筑产品,20203010,建筑产品
001387,雪祺电气,25,可选消费,2520,耐用消费品,252010,家用电器,25201010,白色家电
001388,信通电子,20,工业,2030,电力设备,203020,电网设备,20302010,电网自动化
001389,广合科技,45,信息技术,4520,电子,452020,电子元件,45202010,印制电路板
001390,古麒绒材,25,可选消费,2530,纺织服装与珠宝,253010,纺织服装,25301010,纺织品
001391,国货航,20,工业,2070,交通运输,207010,运输业,20701030,航空运输
001395,亚联机械,20,工业,2040,机械制造,204020,专用机械,20402080,其他专用机械
001396,誉帆科技,20,工业,2060,商业服务与用品,206010,商业服务与用品,20601050,其他商业服务与用品
0014.HK,希慎兴业,60,房地产,6010,房地产,601020,房地产管理与服务,60102020,房地产服务
001400,江顺科技,20,工业,2040,机械制造,204010,通用机械,20401010,加工机械
0016.HK,新鸿基地产,60,房地产,6010,房地产,601010,房地产开发与园区,60101010,房地产开发
001696,宗申动力,20,工业,2040,机械制造,204010,通用机械,20401020,动力机械
0017.HK,新世界发展,60,房地产,6010,房地产,601010,房地产开发与园区,60101010,房地产开发
0018.HK,东方传媒集团,50,通信服务,5030,传媒,503020,文化娱乐,50302030,出版
001872,招商港口,20,工业,2070,交通运输,207020,交通基本设施,20702020,港口
001896,豫能控股,55,公用事业,5510,公用事业,551010,电力及电网,55101010,火电
0019.HK,太古股份公司Ａ,20,工业,2040,机械制造,204040,工业集团企业,20404010,工业集团企业
001914,招商积余,60,房地产,6010,房地产,601020,房地产管理与服务,60102010,房地产管理
001965,招商公路,20,工业,2070,交通运输,207020,交通基本设施,20702040,高速公路
001979,招商蛇口,60,房地产,6010,房地产,601010,房地产开发与园区,60101010,房地产开发
0020.HK,商汤-W,45,信息技术,4510,计算机,451010,软件开发,45101010,通用软件
002001,新和成,35,医药卫生,3520,医药,352020,化学药,35202010,原料药
002003,伟星股份,25,可选消费,2530,纺织服装与珠宝,253010,纺织服装,25301020,服装
002004,华邦健康,15,原材料,1510,化工,151010,农用化工,15101040,农药
002005,ST德豪,25,可选消费,2520,耐用消费品,252010,家用电器,25201030,小家电
002006,精工科技,20,工业,2040,机械制造,204020,专用机械,20402030,化工机械
002007,华兰生物,35,医药卫生,3520,医药,352010,生物药品,35201010,血液制品
002008,大族激光,20,工业,2040,机械制造,204020,专用机械,20402080,其他专用机械
002009,天奇股份,20,工业,2040,机械制造,204020,专用机械,20402080,其他专用机械
002010,传化智联,20,工业,2070,交通运输,207010,运输业,20701020,物流综合
002011,盾安环境,20,工业,2040,机械制造,204010,通用机械,20401070,其他通用机械
002012,凯恩股份,15,原材料,1550,造纸与包装,155020,纸类与林业产品,15502020,纸制品
002014,永新股份,15,原材料,1550,造纸与包装,155010,容器与包装,15501010,金属、玻璃与塑料包装
002015,协鑫能科,55,公用事业,5510,公用事业,551010,电力及电网,55101010,火电
002016,世荣兆业,60,房地产,6010,房地产,601010,房地产开发与园区,60101010,房地产开发
002017,东信和平,50,通信服务,5020,通信设备及技术服务,502010,通信设备,50201010,通信终端设备及组件
002019,亿帆医药,35,医药卫生,3520,医药,352020,化学药,35202020,药品制剂
002020,京新药业,35,医药卫生,3520,医药,352020,化学药,35202020,药品制剂
002021,中捷资源,20,工业,2040,机械制造,204020,专用机械,20402050,纺织服装机械
002022,科华生物,35,医药卫生,3510,医疗,351010,医疗器械,35101030,体外诊断
002023,海特高新,20,工业,2010,航空航天与国防,201010,航空航天,20101010,航空
002024,ST易购,25,可选消费,2550,零售业,255020,专营零售,25502010,专营零售
002025,航天电器,20,工业,2010,航空航天与国防,201010,航空航天,20101020,航天
002026,山东威达,20,工业,2040,机械制造,204010,通用机械,20401070,其他通用机械
002027,分众传媒,50,通信服务,5030,传媒,503010,营销与广告,50301020,其他广告营销
002028,思源电气,20,工业,2030,电力设备,203020,电网设备,20302030,配电设备
002029,七匹狼,25,可选消费,2530,纺织服装与珠宝,253010,纺织服装,25301020,服装
002030,达安基因,35,医药卫生,3510,医疗,351010,医疗器械,35101030,体外诊断
002031,巨轮智能,20,工业,2040,机械制造,204020,专用机械,20402080,其他专用机械
002032,苏泊尔,25,可选消费,2520,耐用消费品,252010,家用电器,25201030,小家电
002033,丽江股份,25,可选消费,2540,消费者服务,254010,休闲服务,25401010,景点
002034,旺能环境,20,工业,2050,环保,205010,污染治理,20501010,固废处理
002035,华帝股份,25,可选消费,2520,耐用消费品,252010,家用电器,25201050,厨卫电器
002036,联创电子,45,信息技术,4520,电子,452030,光学光电子,45203030,光学元件
002037,保利联合,15,原材料,1510,化工,151040,化学制品,15104010,民爆制品
002038,双鹭药业,35,医药卫生,3520,医药,352020,化学药,35202020,药品制剂
002039,黔源电力,55,公用事业,5510,公用事业,551010,电力及电网,55101020,水电
002040,南京港,20,工业,2070,交通运输,207020,交通基本设施,20702020,港口
002041,登海种业,30,主要消费,3020,农牧渔,302010,种植,30201020,种业
002042,华孚时尚,25,可选消费,2530,纺织服装与珠宝,253010,纺织服装,25301010,纺织品
002043,兔宝宝,15,原材料,1550,造纸与包装,155020,纸类与林业产品,15502010,林业产品
002044,美年健康,35,医药卫生,3510,医疗,351020,医疗商业与服务,35102010,医疗服务
002045,国光电器,25,可选消费,2520,耐用消费品,252010,家用电器,25201020,黑色家电
002046,国机精工,20,工业,2040,机械制造,204010,通用机械,20401020,动力机械
002047,*ST宝鹰,20,工业,2020,建筑装饰,202020,建筑装修,20202010,建筑装修
002048,宁波华翔,25,可选消费,2510,乘用车及零部件,251010,汽车零部件与轮胎,25101020,汽车内饰与外饰
002049,紫光国微,45,信息技术,4530,半导体,453010,集成电路,45301010,集成电路设计
002050,三花智控,25,可选消费,2520,耐用消费品,252010,家用电器,25201060,家电零部件及其他
002051,中工国际,20,工业,2020,建筑装饰,202010,建筑与工程,20201040,专业工程
002052,同洲电子,50,通信服务,5020,通信设备及技术服务,502010,通信设备,50201010,通信终端设备及组件
002053,云南能投,15,原材料,1510,化工,151030,化学原料,15103030,无机盐
002054,德美化工,15,原材料,1510,化工,151040,化学制品,15104030,印染化学品
002055,ST得润,45,信息技术,4520,电子,452010,电子终端及组件,45201030,消费电子组件及零部件
002056,横店东磁,20,工业,2030,电力设备,203010,发电设备,20301010,光伏设备
002057,中钢天源,15,原材料,1520,有色金属,152040,其他有色金属及合金,15204020,其他有色金属及合金
002058,*ST威尔,20,工业,2030,电力设备,203030,储能设备,20303020,电池部件及材料
002059,云南旅游,25,可选消费,2540,消费者服务,254010,休闲服务,25401020,旅游服务
002060,广东建工,20,工业,2020,建筑装饰,202010,建筑与工程,20201020,基础设施建设
002061,浙江交科,20,工业,2020,建筑装饰,202010,建筑与工程,20201020,基础设施建设
002062,宏润建设,20,工业,2020,建筑装饰,202010,建筑与工程,20201020,基础设施建设
002063,远光软件,45,信息技术,4510,计算机,451010,软件开发,45101010,通用软件
002064,华峰化学,15,原材料,1510,化工,151020,化学纤维,15102030,氨纶及其他化纤
002065,东华软件,45,信息技术,4510,计算机,451020,信息技术服务,45102010,系统集成服务
002066,瑞泰科技,15,原材料,1540,非金属材料,154020,其他非金属材料,15402020,其他非金属材料
002067,景兴纸业,15,原材料,1550,造纸与包装,155010,容器与包装,15501020,纸材料包装
002068,黑猫股份,15,原材料,1510,化工,151060,橡胶,15106010,橡胶助剂
002069,獐子岛,30,主要消费,3020,农牧渔,302020,养殖,30202040,渔业产品
002072,凯瑞德,20,工业,2060,商业服务与用品,206010,商业服务与用品,20601040,贸易商
002073,软控股份,20,工业,2040,机械制造,204020,专用机械,20402080,其他专用机械
002074,国轩高科,20,工业,2030,电力设备,203030,储能设备,20303010,电池
002075,沙钢股份,15,原材料,1530,钢铁,153010,钢铁,15301020,特钢
002076,*ST星光,25,可选消费,2520,耐用消费品,252010,家用电器,25201040,照明电器
002077,大港股份,45,信息技术,4530,半导体,453010,集成电路,45301030,集成电路封测
002078,太阳纸业,15,原材料,1550,造纸与包装,155020,纸类与林业产品,15502020,纸制品
002079,苏州固锝,20,工业,2030,电力设备,203010,发电设备,20301010,光伏设备
002080,中材科技,15,原材料,1540,非金属材料,154020,其他非金属材料,15402010,玻璃纤维
002081,金螳螂,20,工业,2020,建筑装饰,202020,建筑装修,20202010,建筑装修
002082,万邦德,35,医药卫生,3520,医药,352030,中药,35203020,中成药
002083,孚日股份,25,可选消费,2530,纺织服装与珠宝,253010,纺织服装,25301040,家用纺织
002084,海鸥住工,20,工业,2020,建筑装饰,202030,建筑产品,20203010,建筑产品
002085,万丰奥威,25,可选消费,2510,乘用车及零部件,251010,汽车零部件与轮胎,25101010,汽车系统部件
002086,东方海洋,30,主要消费,3020,农牧渔,302020,养殖,30202040,渔业产品
002088,鲁阳节能,15,原材料,1540,非金属材料,154020,其他非金属材料,15402020,其他非金属材料
002090,金智科技,20,工业,2030,电力设备,203020,电网设备,20302010,电网自动化
002091,江苏国泰,25,可选消费,2550,零售业,255020,专营零售,25502010,专营零售
002092,中泰化学,15,原材料,1510,化工,151030,化学原料,15103020,氯碱
002093,国脉科技,25,可选消费,2540,消费者服务,254020,教育服务,25402020,培训教育及其他
002094,青岛金王,25,可选消费,2520,耐用消费品,252020,家居,25202020,其他家居
002095,生意宝,45,信息技术,4510,计算机,451020,信息技术服务,45102030,其他IT与互联网服务
002096,易普力,15,原材料,1510,化工,151040,化学制品,15104010,民爆制品
002097,山河智能,20,工业,2040,机械制造,204020,专用机械,20402010,工程机械
002098,浔兴股份,25,可选消费,2530,纺织服装与珠宝,253010,纺织服装,25301020,服装
002099,海翔药业,35,医药卫生,3520,医药,352020,化学药,35202010,原料药
0021.HK,大中华控股,60,房地产,6010,房地产,601010,房地产开发与园区,60101010,房地产开发
002100,天康生物,30,主要消费,3020,农牧渔,302020,养殖,30202010,饲料
002101,广东鸿图,25,可选消费,2510,乘用车及零部件,251010,汽车零部件与轮胎,25101050,其他汽车零部件
002102,能特科技,35,医药卫生,3520,医药,352020,化学药,35202010,原料药
002103,广博股份,20,工业,2060,商业服务与用品,206010,商业服务与用品,20601030,办公服务与用品
002104,恒宝股份,50,通信服务,5020,通信设备及技术服务,502010,通信设备,50201010,通信终端设备及组件
002105,信隆健康,25,可选消费,2520,耐用消费品,252030,休闲设备与用品,25203010,休闲设备与用品
002106,莱宝高科,45,信息技术,4520,电子,452030,光学光电子,45203010,面板
002107,沃华医药,35,医药卫生,3520,医药,352030,中药,35203020,中成药
002108,沧州明珠,20,工业,2020,建筑装饰,202030,建筑产品,20203010,建筑产品
002109,兴化股份,15,原材料,1510,化工,151030,化学原料,15103050,其他化学原料
002110,三钢闽光,15,原材料,1530,钢铁,153010,钢铁,15301010,普钢
002111,威海广泰,20,工业,2010,航空航天与国防,201010,航空航天,20101010,航空
002112,三变科技,20,工业,2030,电力设备,203020,电网设备,20302020,输变电设备
002114,罗平锌电,15,原材料,1520,有色金属,152010,工业金属,15201030,铅锌
002115,三维通信,50,通信服务,5030,传媒,503010,营销与广告,50301010,数字营销
002116,中国海诚,20,工业,2020,建筑装饰,202010,建筑与工程,20201040,专业工程
002117,东港股份,20,工业,2060,商业服务与用品,206010,商业服务与用品,20601010,商业印刷
002119,康强电子,45,信息技术,4530,半导体,453030,半导体材料与设备,45303010,半导体材料
002120,韵达股份,20,工业,2070,交通运输,207010,运输业,20701010,快递
002121,科陆电子,20,工业,2030,电力设备,203020,电网设备,20302010,电网自动化
002122,ST汇洲,20,工业,2040,机械制造,204010,通用机械,20401010,加工机械
002123,梦网科技,50,通信服务,5010,电信服务,501020,电信增值服务,50102010,电信增值服务
002124,天邦食品,30,主要消费,3020,农牧渔,302020,养殖,30202030,畜牧产品
002125,湘潭电化,20,工业,2030,电力设备,203030,储能设备,20303020,电池部件及材料
002126,银轮股份,25,可选消费,2510,乘用车及零部件,251010,汽车零部件与轮胎,25101010,汽车系统部件
002127,南极电商,25,可选消费,2550,零售业,255040,互联网零售,25504010,互联网零售
002128,电投能源,15,原材料,1520,有色金属,152010,工业金属,15201020,铝
002129,TCL中环,20,工业,2030,电力设备,203010,发电设备,20301010,光伏设备
002130,沃尔核材,45,信息技术,4520,电子,452050,其他电子,45205010,其他电子
002131,利欧股份,50,通信服务,5030,传媒,503010,营销与广告,50301010,数字营销
002132,恒星科技,15,原材料,1530,钢铁,153010,钢铁,15301030,其他钢铁
002133,广宇集团,60,房地产,6010,房地产,601010,房地产开发与园区,60101010,房地产开发
002134,天津普林,45,信息技术,4520,电子,452020,电子元件,45202010,印制电路板
002135,东南网架,20,工业,2020,建筑装饰,202010,建筑与工程,20201040,专业工程
002136,安纳达,15,原材料,1510,化工,151030,化学原料,15103040,钛白粉
002137,实益达,45,信息技术,4520,电子,452030,光学光电子,45203020,LED
002138,顺络电子,45,信息技术,4520,电子,452020,电子元件,45202020,被动元件
002139,拓邦股份,45,信息技术,4520,电子,452010,电子终端及组件,45201040,安防设备及其他
002140,东华科技,20,工业,2020,建筑装饰,202010,建筑与工程,20201040,专业工程
002141,贤丰控股,30,主要消费,3020,农牧渔,302020,养殖,30202020,动物保健与育种
002142,宁波银行,40,金融,4010,银行,401010,商业银行,40101020,区域性银行
002144,宏达高科,25,可选消费,2510,乘用车及零部件,251010,汽车零部件与轮胎,25101020,汽车内饰与外饰
002145,钛能化学,15,原材料,1510,化工,151030,化学原料,15103040,钛白粉
002146,荣盛发展,60,房地产,6010,房地产,601010,房地产开发与园区,60101010,房地产开发
002148,北纬科技,50,通信服务,5010,电信服务,501020,电信增值服务,50102010,电信增值服务
002149,西部材料,15,原材料,1520,有色金属,152040,其他有色金属及合金,15204010,钛
002150,正泰电源,20,工业,2040,机械制造,204010,通用机械,20401070,其他通用机械
002151,北斗星通,50,通信服务,5020,通信设备及技术服务,502010,通信设备,50201010,通信终端设备及组件
002152,广电运通,45,信息技术,4520,电子,452010,电子终端及组件,45201040,安防设备及其他
002153,石基信息,45,信息技术,4510,计算机,451010,软件开发,45101020,行业应用软件
002154,报喜鸟,25,可选消费,2530,纺织服装与珠宝,253010,纺织服装,25301020,服装
002155,湖南黄金,15,原材料,1520,有色金属,152020,贵金属,15202010,黄金
002156,通富微电,45,信息技术,4530,半导体,453010,集成电路,45301030,集成电路封测
002157,正邦科技,30,主要消费,3020,农牧渔,302020,养殖,30202030,畜牧产品
002158,汉钟精机,20,工业,2040,机械制造,204010,通用机械,20401030,气液机械
002159,三特索道,25,可选消费,2540,消费者服务,254010,休闲服务,25401010,景点
002160,常铝股份,15,原材料,1520,有色金属,152010,工业金属,15201020,铝
002161,远望谷,50,通信服务,5020,通信设备及技术服务,502010,通信设备,50201010,通信终端设备及组件
002162,悦心健康,20,工业,2020,建筑装饰,202030,建筑产品,20203010,建筑产品
002163,海南发展,20,工业,2020,建筑装饰,202020,建筑装修,20202010,建筑装修
002164,宁波东力,20,工业,2040,机械制造,204010,通用机械,20401020,动力机械
002165,红宝丽,15,原材料,1510,化工,151040,化学制品,15104060,聚氨酯
002166,莱茵生物,30,主要消费,3020,农牧渔,302010,种植,30201010,农产品
002167,东方锆业,15,原材料,1520,有色金属,152030,稀有金属,15203040,其他稀有金属
002168,*ST惠程,20,工业,2030,电力设备,203020,电网设备,20302030,配电设备
002169,智光电气,20,工业,2030,电力设备,203020,电网设备,20302010,电网自动化
002170,芭田股份,15,原材料,1510,化工,151010,农用化工,15101030,复合肥
002171,楚江新材,15,原材料,1520,有色金属,152010,工业金属,15201010,铜
002172,澳洋健康,35,医药卫生,3510,医疗,351020,医疗商业与服务,35102010,医疗服务
002173,创新医疗,35,医药卫生,3510,医疗,351020,医疗商业与服务,35102010,医疗服务
002174,游族网络,50,通信服务,5030,传媒,503020,文化娱乐,50302020,游戏
002175,东方智造,20,工业,2040,机械制造,204010,通用机械,20401050,仪器仪表
002176,江特电机,15,原材料,1520,有色金属,152030,稀有金属,15203030,锂
002177,御银股份,60,房地产,6010,房地产,601020,房地产管理与服务,60102020,房地产服务
002178,延华智能,45,信息技术,4510,计算机,451020,信息技术服务,45102010,系统集成服务
002179,中航光电,20,工业,2010,航空航天与国防,201010,航空航天,20101010,航空
002180,纳思达,45,信息技术,4520,电子,452010,电子终端及组件,45201010,电脑与外围设备
002181,粤传媒,50,通信服务,5030,传媒,503020,文化娱乐,50302030,出版
002182,宝武镁业,15,原材料,1520,有色金属,152040,其他有色金属及合金,15204020,其他有色金属及合金
002183,怡亚通,20,工业,2070,交通运输,207010,运输业,20701020,物流综合
002184,海得控制,20,工业,2040,机械制造,204010,通用机械,20401040,电动机与工控自动化
002185,华天科技,45,信息技术,4530,半导体,453010,集成电路,45301030,集成电路封测
002186,全聚德,25,可选消费,2540,消费者服务,254010,休闲服务,25401040,餐饮服务
002187,广百股份,25,可选消费,2550,零售业,255010,一般零售,25501010,百货商店
002188,中天服务,60,房地产,6010,房地产,601020,房地产管理与服务,60102010,房地产管理
002189,中光学,45,信息技术,4520,电子,452030,光学光电子,45203030,光学元件
002190,成飞集成,25,可选消费,2510,乘用车及零部件,251010,汽车零部件与轮胎,25101050,其他汽车零部件
002191,劲嘉股份,15,原材料,1550,造纸与包装,155010,容器与包装,15501020,纸材料包装
002192,融捷股份,15,原材料,1520,有色金属,152030,稀有金属,15203030,锂
002193,如意集团,25,可选消费,2530,纺织服装与珠宝,253010,纺织服装,25301020,服装
002194,武汉凡谷,50,通信服务,5020,通信设备及技术服务,502010,通信设备,50201020,通信系统设备及组件
002195,岩山科技,50,通信服务,5030,传媒,503030,数字媒体,50303050,其他数字媒体
002196,方正电机,25,可选消费,2510,乘用车及零部件,251010,汽车零部件与轮胎,25101010,汽车系统部件
002197,证通电子,50,通信服务,5020,通信设备及技术服务,502020,数据中心,50202010,数据中心
002198,嘉应制药,35,医药卫生,3520,医药,352030,中药,35203020,中成药
002199,*ST东晶,45,信息技术,4520,电子,452020,电子元件,45202020,被动元件
0022.HK,茂盛控股,25,可选消费,2540,消费者服务,254010,休闲服务,25401030,酒店
002200,*ST交投,20,工业,2020,建筑装饰,202010,建筑与工程,20201030,园林工程
002201,九鼎新材,15,原材料,1540,非金属材料,154020,其他非金属材料,15402010,玻璃纤维
002202,金风科技,20,工业,2030,电力设备,203010,发电设备,20301020,风电设备
002203,海亮股份,15,原材料,1520,有色金属,152010,工业金属,15201010,铜
002204,大连重工,20,工业,2040,机械制造,204020,专用机械,20402080,其他专用机械
002205,国统股份,15,原材料,1540,非金属材料,154010,建筑材料,15401010,水泥与混凝土
002206,海利得,15,原材料,1510,化工,151020,化学纤维,15102010,锦纶与涤纶
002207,准油股份,10,能源,1010,能源,101010,油气开采与油田服务,10101020,油田服务
002208,合肥城建,60,房地产,6010,房地产,601010,房地产开发与园区,60101010,房地产开发
002209,达意隆,20,工业,2040,机械制造,204020,专用机械,20402040,印刷包装机械
002210,飞马国际,20,工业,2050,环保,205010,污染治理,20501010,固废处理
002211,ST宏达,15,原材料,1510,化工,151040,化学制品,15104050,有机硅
002212,天融信,45,信息技术,4510,计算机,451010,软件开发,45101010,通用软件
002213,大为股份,45,信息技术,4520,电子,452010,电子终端及组件,45201010,电脑与外围设备
002214,*ST大立,20,工业,2010,航空航天与国防,201020,国防装备,20102010,国防装备
002215,诺普信,15,原材料,1510,化工,151010,农用化工,15101040,农药
002216,三全食品,30,主要消费,3010,食品、饮料与烟草,301030,食品,30103050,其他食品
002217,合力泰,45,信息技术,4520,电子,452030,光学光电子,45203010,面板
002218,拓日新能,20,工业,2030,电力设备,203010,发电设备,20301010,光伏设备
002219,新里程,35,医药卫生,3510,医疗,351020,医疗商业与服务,35102010,医疗服务
002221,东华能源,10,能源,1010,能源,101020,石油与天然气,10102040,油气流通及其他
002222,福晶科技,45,信息技术,4520,电子,452030,光学光电子,45203030,光学元件
002223,鱼跃医疗,35,医药卫生,3510,医疗,351010,医疗器械,35101010,医疗设备
002224,三力士,15,原材料,1510,化工,151060,橡胶,15106020,橡胶制品
002225,濮耐股份,15,原材料,1540,非金属材料,154020,其他非金属材料,15402020,其他非金属材料
002226,江南化工,15,原材料,1510,化工,151040,化学制品,15104010,民爆制品
002227,奥特迅,20,工业,2030,电力设备,203030,储能设备,20303030,其他储能设备
002228,合兴包装,15,原材料,1550,造纸与包装,155010,容器与包装,15501020,纸材料包装
002229,鸿博股份,20,工业,2060,商业服务与用品,206010,商业服务与用品,20601010,商业印刷
002230,科大讯飞,45,信息技术,4510,计算机,451010,软件开发,45101010,通用软件
002232,启明信息,45,信息技术,4510,计算机,451020,信息技术服务,45102010,系统集成服务
002233,塔牌集团,15,原材料,1540,非金属材料,154010,建筑材料,15401010,水泥与混凝土
002234,民和股份,30,主要消费,3020,农牧渔,302020,养殖,30202030,畜牧产品
002235,安妮股份,15,原材料,1550,造纸与包装,155020,纸类与林业产品,15502020,纸制品
002236,大华股份,45,信息技术,4520,电子,452010,电子终端及组件,45201040,安防设备及其他
002237,恒邦股份,15,原材料,1520,有色金属,152020,贵金属,15202010,黄金
002238,天威视讯,50,通信服务,5030,传媒,503020,文化娱乐,50302040,广播与电视
002239,奥特佳,25,可选消费,2510,乘用车及零部件,251010,汽车零部件与轮胎,25101010,汽车系统部件
002240,盛新锂能,15,原材料,1520,有色金属,152030,稀有金属,15203030,锂
002241,歌尔股份,45,信息技术,4520,电子,452010,电子终端及组件,45201030,消费电子组件及零部件
002242,九阳股份,25,可选消费,2520,耐用消费品,252010,家用电器,25201030,小家电
002243,力合科创,15,原材料,1550,造纸与包装,155010,容器与包装,15501010,金属、玻璃与塑料包装
002244,滨江集团,60,房地产,6010,房地产,601010,房地产开发与园区,60101010,房地产开发
002245,蔚蓝锂芯,20,工业,2070,交通运输,207010,运输业,20701020,物流综合
002246,北化股份,20,工业,2010,航空航天与国防,201020,国防装备,20102010,国防装备
002247,聚力文化,20,工业,2020,建筑装饰,202030,建筑产品,20203010,建筑产品
002248,华东数控,20,工业,2040,机械制造,204010,通用机械,20401040,电动机与工控自动化
002249,大洋电机,20,工业,2040,机械制造,204010,通用机械,20401040,电动机与工控自动化
002250,联化科技,15,原材料,1510,化工,151010,农用化工,15101040,农药
002251,步步高,25,可选消费,2550,零售业,255010,一般零售,25501020,超市与便利店
002252,上海莱士,35,医药卫生,3520,医药,352010,生物药品,35201010,血液制品
002253,*ST智胜,45,信息技术,4510,计算机,451010,软件开发,45101020,行业应用软件
002254,泰和新材,15,原材料,1510,化工,151020,化学纤维,15102030,氨纶及其他化纤
002255,海陆重工,20,工业,2050,环保,205020,节能与生态修复,20502010,节能与资源回收
002256,兆新股份,55,公用事业,5510,公用事业,551010,电力及电网,55101050,光伏发电
002258,利尔化学,15,原材料,1510,化工,151010,农用化工,15101040,农药
002259,升达林业,55,公用事业,5510,公用事业,551020,燃气,55102010,燃气
002261,拓维信息,45,信息技术,4510,计算机,451010,软件开发,45101020,行业应用软件
002262,恩华药业,35,医药卫生,3520,医药,352020,化学药,35202020,药品制剂
002263,大东南,15,原材料,1510,化工,151050,塑料,15105030,膜材料
002264,新华都,50,通信服务,5030,传媒,503010,营销与广告,50301010,数字营销
002265,建设工业,25,可选消费,2510,乘用车及零部件,251010,汽车零部件与轮胎,25101010,汽车系统部件
002266,浙富控股,20,工业,2050,环保,205020,节能与生态修复,20502010,节能与资源回收
002267,陕天然气,55,公用事业,5510,公用事业,551020,燃气,55102010,燃气
002268,电科网安,45,信息技术,4510,计算机,451020,信息技术服务,45102010,系统集成服务
002269,美邦服饰,25,可选消费,2530,纺织服装与珠宝,253010,纺织服装,25301020,服装
002270,华明装备,20,工业,2030,电力设备,203020,电网设备,20302020,输变电设备
002271,东方雨虹,20,工业,2020,建筑装饰,202030,建筑产品,20203010,建筑产品
002272,川润股份,20,工业,2040,机械制造,204010,通用机械,20401070,其他通用机械
002273,水晶光电,45,信息技术,4520,电子,452030,光学光电子,45203030,光学元件
002274,华昌化工,15,原材料,1510,化工,151030,化学原料,15103050,其他化学原料
002275,桂林三金,35,医药卫生,3520,医药,352030,中药,35203020,中成药
002276,万马股份,20,工业,2030,电力设备,203020,电网设备,20302040,线缆及其他
002277,友阿股份,25,可选消费,2550,零售业,255010,一般零售,25501010,百货商店
002278,神开股份,10,能源,1010,能源,101010,油气开采与油田服务,10101010,油气开采
002279,久其软件,45,信息技术,4510,计算机,451010,软件开发,45101010,通用软件
002281,光迅科技,50,通信服务,5020,通信设备及技术服务,502010,通信设备,50201020,通信系统设备及组件
002282,博深股份,20,工业,2040,机械制造,204010,通用机械,20401060,磨具磨料
002283,天润工业,25,可选消费,2510,乘用车及零部件,251010,汽车零部件与轮胎,25101010,汽车系统部件
002284,亚太股份,25,可选消费,2510,乘用车及零部件,251010,汽车零部件与轮胎,25101010,汽车系统部件
002285,世联行,60,房地产,6010,房地产,601020,房地产管理与服务,60102020,房地产服务
002286,保龄宝,30,主要消费,3010,食品、饮料与烟草,301030,食品,30103050,其他食品
002287,奇正藏药,35,医药卫生,3520,医药,352030,中药,35203020,中成药
002289,*ST宇顺,45,信息技术,4520,电子,452030,光学光电子,45203010,面板
002290,禾盛新材,25,可选消费,2520,耐用消费品,252010,家用电器,25201060,家电零部件及其他
002291,遥望科技,50,通信服务,5030,传媒,503010,营销与广告,50301010,数字营销
002292,奥飞娱乐,25,可选消费,2520,耐用消费品,252030,休闲设备与用品,25203010,休闲设备与用品
002293,罗莱生活,25,可选消费,2530,纺织服装与珠宝,253010,纺织服装,25301040,家用纺织
002294,信立泰,35,医药卫生,3520,医药,352020,化学药,35202020,药品制剂
002295,精艺股份,15,原材料,1520,有色金属,152010,工业金属,15201010,铜
002296,辉煌科技,20,工业,2040,机械制造,204030,交通运输设备,20403010,城轨铁路
002297,博云新材,20,工业,2010,航空航天与国防,201010,航空航天,20101010,航空
002298,中电鑫龙,20,工业,2030,电力设备,203020,电网设备,20302010,电网自动化
002299,圣农发展,30,主要消费,3020,农牧渔,302020,养殖,30202030,畜牧产品
0023.HK,东亚银行,40,金融,4010,银行,401010,商业银行,40101010,综合性银行
002300,太阳电缆,20,工业,2030,电力设备,203020,电网设备,20302040,线缆及其他
002301,齐心集团,20,工业,2060,商业服务与用品,206010,商业服务与用品,20601030,办公服务与用品
002302,西部建设,15,原材料,1540,非金属材料,154010,建筑材料,15401010,水泥与混凝土
002303,美盈森,15,原材料,1550,造纸与包装,155010,容器与包装,15501020,纸材料包装
002304,洋河股份,30,主要消费,3010,食品、饮料与烟草,301010,酒,30101010,白酒
002305,*ST南置,60,房地产,6010,房地产,601010,房地产开发与园区,60101010,房地产开发
002306,*ST云网,25,可选消费,2540,消费者服务,254010,休闲服务,25401040,餐饮服务
002307,北新路桥,20,工业,2020,建筑装饰,202010,建筑与工程,20201020,基础设施建设
002309,中利集团,20,工业,2030,电力设备,203010,发电设备,20301010,光伏设备
002310,东方新能,20,工业,2050,环保,205020,节能与生态修复,20502010,节能与资源回收
002311,海大集团,30,主要消费,3020,农牧渔,302020,养殖,30202010,饲料
002312,川发龙蟒,15,原材料,1510,化工,151010,农用化工,15101050,磷肥及磷化工
002313,日海智能,50,通信服务,5020,通信设备及技术服务,502010,通信设备,50201010,通信终端设备及组件
002314,南山控股,60,房地产,6010,房地产,601010,房地产开发与园区,60101010,房地产开发
002315,焦点科技,45,信息技术,4510,计算机,451020,信息技术服务,45102030,其他IT与互联网服务
002316,亚联发展,45,信息技术,4510,计算机,451020,信息技术服务,45102010,系统集成服务
002317,众生药业,35,医药卫生,3520,医药,352030,中药,35203020,中成药
002318,久立特材,15,原材料,1530,钢铁,153010,钢铁,15301020,特钢
002319,乐通股份,15,原材料,1510,化工,151040,化学制品,15104020,涂料油墨
002320,海峡股份,20,工业,2070,交通运输,207010,运输业,20701040,航运
002321,华英农业,30,主要消费,3020,农牧渔,302020,养殖,30202030,畜牧产品
002322,理工能科,45,信息技术,4510,计算机,451010,软件开发,45101020,行业应用软件
002323,雅博股份,20,工业,2020,建筑装饰,202020,建筑装修,20202010,建筑装修
002324,普利特,15,原材料,1510,化工,151050,塑料,15105010,改性塑料
002326,永太科技,15,原材料,1510,化工,151040,化学制品,15104040,氟化工
002327,富安娜,25,可选消费,2530,纺织服装与珠宝,253010,纺织服装,25301040,家用纺织
002328,新朋股份,25,可选消费,2510,乘用车及零部件,251010,汽车零部件与轮胎,25101050,其他汽车零部件
002329,皇氏集团,30,主要消费,3010,食品、饮料与烟草,301030,食品,30103030,乳制品
002330,得利斯,30,主要消费,3010,食品、饮料与烟草,301030,食品,30103010,肉制品
002331,皖通科技,45,信息技术,4510,计算机,451020,信息技术服务,45102010,系统集成服务
002332,仙琚制药,35,医药卫生,3520,医药,352020,化学药,35202020,药品制剂
002333,罗普斯金,20,工业,2020,建筑装饰,202030,建筑产品,20203010,建筑产品
002334,英威腾,20,工业,2040,机械制造,204010,通用机械,20401040,电动机与工控自动化
002335,科华数据,20,工业,2030,电力设备,203030,储能设备,20303030,其他储能设备
002337,赛象科技,20,工业,2040,机械制造,204020,专用机械,20402080,其他专用机械
002338,奥普光电,20,工业,2010,航空航天与国防,201020,国防装备,20102010,国防装备
002339,积成电子,20,工业,2030,电力设备,203020,电网设备,20302010,电网自动化
002340,格林美,20,工业,2030,电力设备,203030,储能设备,20303020,电池部件及材料
002342,巨力索具,20,工业,2040,机械制造,204010,通用机械,20401070,其他通用机械
002343,慈文传媒,50,通信服务,5030,传媒,503020,文化娱乐,50302010,影视动漫
002344,海宁皮城,20,工业,2060,商业服务与用品,206010,商业服务与用品,20601020,市场服务
002345,潮宏基,25,可选消费,2530,纺织服装与珠宝,253020,珠宝与奢侈品,25302010,珠宝与奢侈品
002346,柘中股份,20,工业,2030,电力设备,203020,电网设备,20302030,配电设备
002347,泰尔股份,20,工业,2040,机械制造,204020,专用机械,20402020,采矿冶金机械
002348,高乐股份,25,可选消费,2520,耐用消费品,252030,休闲设备与用品,25203010,休闲设备与用品
002349,精华制药,35,医药卫生,3520,医药,352030,中药,35203020,中成药
002350,北京科锐,20,工业,2030,电力设备,203020,电网设备,20302030,配电设备
002351,漫步者,45,信息技术,4520,电子,452010,电子终端及组件,45201020,消费电子终端
002352,顺丰控股,20,工业,2070,交通运输,207010,运输业,20701010,快递
002353,杰瑞股份,10,能源,1010,能源,101010,油气开采与油田服务,10101010,油气开采
002354,天娱数科,50,通信服务,5030,传媒,503010,营销与广告,50301010,数字营销
002355,兴民智通,25,可选消费,2510,乘用车及零部件,251010,汽车零部件与轮胎,25101010,汽车系统部件
002356,赫美集团,25,可选消费,2550,零售业,255020,专营零售,25502010,专营零售
002357,富临运业,20,工业,2070,交通运输,207010,运输业,20701060,公路运输
002358,森源电气,20,工业,2030,电力设备,203020,电网设备,20302020,输变电设备
002360,同德化工,15,原材料,1510,化工,151040,化学制品,15104010,民爆制品
002361,神剑股份,15,原材料,1510,化工,151050,塑料,15105020,合成树脂
002362,汉王科技,45,信息技术,4520,电子,452010,电子终端及组件,45201020,消费电子终端
002363,隆基机械,25,可选消费,2510,乘用车及零部件,251010,汽车零部件与轮胎,25101010,汽车系统部件
002364,中恒电气,20,工业,2030,电力设备,203030,储能设备,20303030,其他储能设备
002365,永安药业,35,医药卫生,3520,医药,352020,化学药,35202010,原料药
002366,融发核电,20,工业,2030,电力设备,203010,发电设备,20301030,其他发电设备
002367,康力电梯,20,工业,2040,机械制造,204020,专用机械,20402070,楼宇设备
002368,太极股份,45,信息技术,4510,计算机,451020,信息技术服务,45102010,系统集成服务
002369,卓翼科技,50,通信服务,5020,通信设备及技术服务,502010,通信设备,50201010,通信终端设备及组件
002370,亚太药业,35,医药卫生,3520,医药,352020,化学药,35202020,药品制剂
002371,北方华创,45,信息技术,4530,半导体,453030,半导体材料与设备,45303020,半导体设备
002372,伟星新材,20,工业,2020,建筑装饰,202030,建筑产品,20203010,建筑产品
002373,千方科技,45,信息技术,4510,计算机,451020,信息技术服务,45102010,系统集成服务
002374,中锐股份,15,原材料,1550,造纸与包装,155010,容器与包装,15501010,金属、玻璃与塑料包装
002375,亚厦股份,20,工业,2020,建筑装饰,202020,建筑装修,20202010,建筑装修
002376,新北洋,45,信息技术,4520,电子,452010,电子终端及组件,45201010,电脑与外围设备
002377,国创高新,15,原材料,1540,非金属材料,154010,建筑材料,15401010,水泥与混凝土
002378,章源钨业,15,原材料,1520,有色金属,152030,稀有金属,15203020,钨钼
002379,宏桥控股,15,原材料,1520,有色金属,152010,工业金属,15201020,铝
002380,科远智慧,45,信息技术,4510,计算机,451020,信息技术服务,45102010,系统集成服务
002381,双箭股份,15,原材料,1510,化工,151060,橡胶,15106020,橡胶制品
002382,蓝帆医疗,35,医药卫生,3510,医疗,351010,医疗器械,35101020,医疗耗材
002383,合众思壮,50,通信服务,5020,通信设备及技术服务,502010,通信设备,50201010,通信终端设备及组件
002384,东山精密,45,信息技术,4520,电子,452020,电子元件,45202010,印制电路板
002385,大北农,30,主要消费,3020,农牧渔,302020,养殖,30202010,饲料
002386,天原股份,15,原材料,1510,化工,151030,化学原料,15103020,氯碱
002387,维信诺,45,信息技术,4520,电子,452030,光学光电子,45203010,面板
002388,新亚制程,45,信息技术,4520,电子,452050,其他电子,45205010,其他电子
002389,航天彩虹,20,工业,2010,航空航天与国防,201010,航空航天,20101010,航空
002390,信邦制药,35,医药卫生,3510,医疗,351020,医疗商业与服务,35102020,医药商业
002391,长青股份,15,原材料,1510,化工,151010,农用化工,15101040,农药
002392,北京利尔,15,原材料,1540,非金属材料,154020,其他非金属材料,15402020,其他非金属材料
002393,力生制药,35,医药卫生,3520,医药,352020,化学药,35202020,药品制剂
002394,联发股份,25,可选消费,2530,纺织服装与珠宝,253010,纺织服装,25301010,纺织品
002395,双象股份,15,原材料,1510,化工,151050,塑料,15105020,合成树脂
002396,星网锐捷,50,通信服务,5020,通信设备及技术服务,502010,通信设备,50201020,通信系统设备及组件
002397,梦洁股份,25,可选消费,2530,纺织服装与珠宝,253010,纺织服装,25301040,家用纺织
002398,垒知集团,15,原材料,1540,非金属材料,154010,建筑材料,15401010,水泥与混凝土
002399,海普瑞,35,医药卫生,3520,医药,352020,化学药,35202020,药品制剂
002400,省广集团,50,通信服务,5030,传媒,503010,营销与广告,50301010,数字营销
002401,中远海科,45,信息技术,4510,计算机,451020,信息技术服务,45102010,系统集成服务
002402,和而泰,45,信息技术,4520,电子,452010,电子终端及组件,45201040,安防设备及其他
002403,爱仕达,25,可选消费,2520,耐用消费品,252020,家居,25202020,其他家居
002404,嘉欣丝绸,25,可选消费,2530,纺织服装与珠宝,253010,纺织服装,25301020,服装
002405,四维图新,45,信息技术,4510,计算机,451010,软件开发,45101010,通用软件
002406,远东传动,25,可选消费,2510,乘用车及零部件,251010,汽车零部件与轮胎,25101010,汽车系统部件
002407,多氟多,15,原材料,1510,化工,151040,化学制品,15104040,氟化工
002408,齐翔腾达,15,原材料,1510,化工,151030,化学原料,15103050,其他化学原料
002409,雅克科技,45,信息技术,4530,半导体,453030,半导体材料与设备,45303010,半导体材料
002410,广联达,45,信息技术,4510,计算机,451010,软件开发,45101020,行业应用软件
002412,汉森制药,35,医药卫生,3520,医药,352030,中药,35203020,中成药
002413,雷科防务,20,工业,2010,航空航天与国防,201020,国防装备,20102010,国防装备
002414,高德红外,20,工业,2010,航空航天与国防,201020,国防装备,20102010,国防装备
002415,海康威视,45,信息技术,4520,电子,452010,电子终端及组件,45201040,安防设备及其他
002416,爱施德,25,可选消费,2550,零售业,255020,专营零售,25502010,专营零售
002418,康盛股份,25,可选消费,2520,耐用消费品,252010,家用电器,25201060,家电零部件及其他
002419,天虹股份,25,可选消费,2550,零售业,255010,一般零售,25501020,超市与便利店
002420,毅昌科技,25,可选消费,2520,耐用消费品,252010,家用电器,25201060,家电零部件及其他
002421,达实智能,45,信息技术,4510,计算机,451020,信息技术服务,45102010,系统集成服务
002422,科伦药业,35,医药卫生,3520,医药,352020,化学药,35202020,药品制剂
002423,中粮资本,40,金融,4020,其他金融,402010,其他金融服务,40201030,其他综合性金融服务
002424,ST百灵,35,医药卫生,3520,医药,352030,中药,35203020,中成药
002425,凯撒文化,50,通信服务,5030,传媒,503020,文化娱乐,50302020,游戏
002426,胜利精密,45,信息技术,4520,电子,452010,电子终端及组件,45201030,消费电子组件及零部件
002427,尤夫股份,15,原材料,1510,化工,151020,化学纤维,15102010,锦纶与涤纶
002428,云南锗业,15,原材料,1520,有色金属,152030,稀有金属,15203040,其他稀有金属
002429,兆驰股份,25,可选消费,2520,耐用消费品,252010,家用电器,25201020,黑色家电
002430,杭氧股份,15,原材料,1510,化工,151030,化学原料,15103050,其他化学原料
002431,棕榈股份,20,工业,2020,建筑装饰,202010,建筑与工程,20201030,园林工程
002432,九安医疗,35,医药卫生,3510,医疗,351010,医疗器械,35101010,医疗设备
002434,万里扬,25,可选消费,2510,乘用车及零部件,251010,汽车零部件与轮胎,25101010,汽车系统部件
002436,兴森科技,45,信息技术,4520,电子,452020,电子元件,45202010,印制电路板
002437,誉衡药业,35,医药卫生,3520,医药,352020,化学药,35202020,药品制剂
002438,江苏神通,20,工业,2040,机械制造,204010,通用机械,20401030,气液机械
002439,启明星辰,45,信息技术,4510,计算机,451010,软件开发,45101010,通用软件
002440,闰土股份,15,原材料,1510,化工,151040,化学制品,15104030,印染化学品
002441,众业达,20,工业,2060,商业服务与用品,206010,商业服务与用品,20601040,贸易商
002442,龙星科技,15,原材料,1510,化工,151060,橡胶,15106010,橡胶助剂
002443,金洲管道,15,原材料,1530,钢铁,153010,钢铁,15301020,特钢
002444,巨星科技,20,工业,2040,机械制造,204010,通用机械,20401070,其他通用机械
002445,中南文化,20,工业,2040,机械制造,204010,通用机械,20401070,其他通用机械
002446,盛路通信,50,通信服务,5020,通信设备及技术服务,502010,通信设备,50201020,通信系统设备及组件
002448,中原内配,25,可选消费,2510,乘用车及零部件,251010,汽车零部件与轮胎,25101010,汽车系统部件
002449,国星光电,45,信息技术,4520,电子,452030,光学光电子,45203020,LED
002451,摩恩电气,20,工业,2030,电力设备,203020,电网设备,20302040,线缆及其他
002452,长高电新,20,工业,2030,电力设备,203020,电网设备,20302020,输变电设备
002453,华软科技,15,原材料,1510,化工,151040,化学制品,15104080,其他化学制品
002454,松芝股份,25,可选消费,2510,乘用车及零部件,251010,汽车零部件与轮胎,25101010,汽车系统部件
002455,百川股份,15,原材料,1510,化工,151040,化学制品,15104080,其他化学制品
002456,欧菲光,45,信息技术,4520,电子,452030,光学光电子,45203030,光学元件
002457,青龙管业,15,原材料,1540,非金属材料,154010,建筑材料,15401010,水泥与混凝土
002458,益生股份,30,主要消费,3020,农牧渔,302020,养殖,30202030,畜牧产品
002459,晶澳科技,20,工业,2030,电力设备,203010,发电设备,20301010,光伏设备
002460,赣锋锂业,15,原材料,1520,有色金属,152030,稀有金属,15203030,锂
002461,珠江啤酒,30,主要消费,3010,食品、饮料与烟草,301010,酒,30101020,啤酒
002462,嘉事堂,35,医药卫生,3510,医疗,351020,医疗商业与服务,35102020,医药商业
002463,沪电股份,45,信息技术,4520,电子,452020,电子元件,45202010,印制电路板
002465,海格通信,50,通信服务,5020,通信设备及技术服务,502010,通信设备,50201020,通信系统设备及组件
002466,天齐锂业,15,原材料,1520,有色金属,152030,稀有金属,15203030,锂
002467,二六三,45,信息技术,4510,计算机,451020,信息技术服务,45102020,云计算服务
002468,申通快递,20,工业,2070,交通运输,207010,运输业,20701010,快递
002469,三维化学,15,原材料,1510,化工,151030,化学原料,15103050,其他化学原料
002470,金正大,15,原材料,1510,化工,151010,农用化工,15101030,复合肥
002471,中超控股,20,工业,2030,电力设备,203020,电网设备,20302040,线缆及其他
002472,双环传动,25,可选消费,2510,乘用车及零部件,251010,汽车零部件与轮胎,25101010,汽车系统部件
002474,榕基软件,45,信息技术,4510,计算机,451010,软件开发,45101020,行业应用软件
002475,立讯精密,45,信息技术,4520,电子,452010,电子终端及组件,45201030,消费电子组件及零部件
002476,宝莫股份,15,原材料,1510,化工,151040,化学制品,15104080,其他化学制品
002478,常宝股份,15,原材料,1530,钢铁,153010,钢铁,15301020,特钢
002479,富春环保,55,公用事业,5510,公用事业,551050,供热及其他,55105010,供热及其他
002480,新筑股份,20,工业,2040,机械制造,204030,交通运输设备,20403010,城轨铁路
002481,双塔食品,30,主要消费,3010,食品、饮料与烟草,301030,食品,30103050,其他食品
002482,广田集团,20,工业,2020,建筑装饰,202020,建筑装修,20202010,建筑装修
002483,润邦股份,20,工业,2040,机械制造,204020,专用机械,20402010,工程机械
002484,江海股份,45,信息技术,4520,电子,452020,电子元件,45202020,被动元件
002485,ST雪发,20,工业,2060,商业服务与用品,206010,商业服务与用品,20601040,贸易商
002486,嘉麟杰,25,可选消费,2530,纺织服装与珠宝,253010,纺织服装,25301020,服装
002487,大金重工,20,工业,2030,电力设备,203010,发电设备,20301020,风电设备
002488,金固股份,25,可选消费,2510,乘用车及零部件,251010,汽车零部件与轮胎,25101010,汽车系统部件
002489,浙江永强,25,可选消费,2520,耐用消费品,252020,家居,25202010,家具
002490,山东墨龙,10,能源,1010,能源,101010,油气开采与油田服务,10101010,油气开采
002491,通鼎互联,50,通信服务,5020,通信设备及技术服务,502010,通信设备,50201020,通信系统设备及组件
002492,恒基达鑫,10,能源,1010,能源,101020,石油与天然气,10102040,油气流通及其他
002493,荣盛石化,15,原材料,1510,化工,151030,化学原料,15103050,其他化学原料
002494,华斯股份,25,可选消费,2530,纺织服装与珠宝,253010,纺织服装,25301020,服装
002495,佳隆股份,30,主要消费,3010,食品、饮料与烟草,301030,食品,30103020,调味品与食用油
002496,*ST辉丰,15,原材料,1510,化工,151010,农用化工,15101040,农药
002497,雅化集团,15,原材料,1520,有色金属,152030,稀有金属,15203030,锂
002498,汉缆股份,20,工业,2030,电力设备,203020,电网设备,20302040,线缆及其他
0025.HK,CHEVALIER INT'L,20,工业,2020,建筑装饰,202010,建筑与工程,20201010,房屋建设
002500,山西证券,40,金融,4030,资本市场,403010,证券公司,40301010,证券公司
002501,利源股份,15,原材料,1520,有色金属,152010,工业金属,15201020,铝
002506,协鑫集成,20,工业,2030,电力设备,203010,发电设备,20301010,光伏设备
002507,涪陵榨菜,30,主要消费,3010,食品、饮料与烟草,301030,食品,30103020,调味品与食用油
002508,老板电器,25,可选消费,2520,耐用消费品,252010,家用电器,25201050,厨卫电器
002510,天汽模,25,可选消费,2510,乘用车及零部件,251010,汽车零部件与轮胎,25101050,其他汽车零部件
002511,中顺洁柔,30,主要消费,3030,家庭与个人用品,303010,家庭用品,30301010,家庭用品
002512,ST达华,25,可选消费,2520,耐用消费品,252010,家用电器,25201060,家电零部件及其他
002513,蓝丰生化,20,工业,2030,电力设备,203010,发电设备,20301010,光伏设备
002514,宝馨科技,20,工业,2040,机械制造,204010,通用机械,20401070,其他通用机械
002515,金字火腿,30,主要消费,3010,食品、饮料与烟草,301030,食品,30103010,肉制品
002516,旷达科技,25,可选消费,2510,乘用车及零部件,251010,汽车零部件与轮胎,25101020,汽车内饰与外饰
002517,恺英网络,50,通信服务,5030,传媒,503020,文化娱乐,50302020,游戏
002518,科士达,20,工业,2030,电力设备,203030,储能设备,20303030,其他储能设备
002519,银河电子,20,工业,2010,航空航天与国防,201020,国防装备,20102010,国防装备
002520,日发精机,20,工业,2040,机械制造,204010,通用机械,20401040,电动机与工控自动化
002521,齐峰新材,15,原材料,1550,造纸与包装,155020,纸类与林业产品,15502020,纸制品
002522,浙江众成,15,原材料,1550,造纸与包装,155010,容器与包装,15501010,金属、玻璃与塑料包装
002523,天桥起重,20,工业,2040,机械制造,204020,专用机械,20402010,工程机械
002524,光正眼科,35,医药卫生,3510,医疗,351020,医疗商业与服务,35102010,医疗服务
002526,山东矿机,20,工业,2040,机械制造,204020,专用机械,20402020,采矿冶金机械
002527,新时达,20,工业,2040,机械制造,204010,通用机械,20401040,电动机与工控自动化
002528,ST英飞拓,45,信息技术,4520,电子,452010,电子终端及组件,45201040,安防设备及其他
002529,*ST海源,25,可选消费,2510,乘用车及零部件,251010,汽车零部件与轮胎,25101050,其他汽车零部件
002530,金财互联,20,工业,2040,机械制造,204010,通用机械,20401070,其他通用机械
002531,天顺风能,20,工业,2030,电力设备,203010,发电设备,20301020,风电设备
002532,天山铝业,15,原材料,1520,有色金属,152010,工业金属,15201020,铝
002533,金杯电工,20,工业,2030,电力设备,203020,电网设备,20302040,线缆及其他
002534,西子洁能,20,工业,2050,环保,205020,节能与生态修复,20502010,节能与资源回收
002535,林州重机,20,工业,2040,机械制造,204020,专用机械,20402020,采矿冶金机械
002536,飞龙股份,25,可选消费,2510,乘用车及零部件,251010,汽车零部件与轮胎,25101010,汽车系统部件
002537,海联金汇,25,可选消费,2510,乘用车及零部件,251010,汽车零部件与轮胎,25101050,其他汽车零部件
002538,ST司特,15,原材料,1510,化工,151010,农用化工,15101030,复合肥
002539,云图控股,15,原材料,1510,化工,151010,农用化工,15101030,复合肥
002540,亚太科技,25,可选消费,2510,乘用车及零部件,251010,汽车零部件与轮胎,25101010,汽车系统部件
002541,鸿路钢构,20,工业,2020,建筑装饰,202010,建筑与工程,20201040,专业工程
002542,中化岩土,20,工业,2020,建筑装饰,202010,建筑与工程,20201040,专业工程
002543,万和电气,25,可选消费,2520,耐用消费品,252010,家用电器,25201050,厨卫电器
002544,普天科技,50,通信服务,5020,通信设备及技术服务,502030,通信技术服务,50203010,通信技术服务
002545,东方铁塔,15,原材料,1510,化工,151010,农用化工,15101020,钾肥
002546,新联电子,20,工业,2030,电力设备,203020,电网设备,20302010,电网自动化
002547,春兴精工,25,可选消费,2510,乘用车及零部件,251010,汽车零部件与轮胎,25101050,其他汽车零部件
002548,金新农,30,主要消费,3020,农牧渔,302020,养殖,30202010,饲料
002549,凯美特气,20,工业,2050,环保,205020,节能与生态修复,20502010,节能与资源回收
002550,千红制药,35,医药卫生,3520,医药,352010,生物药品,35201030,其他生物药品
002551,尚荣医疗,35,医药卫生,3510,医疗,351010,医疗器械,35101020,医疗耗材
002552,宝鼎科技,45,信息技术,4520,电子,452020,电子元件,45202010,印制电路板
002553,南方精工,25,可选消费,2510,乘用车及零部件,251010,汽车零部件与轮胎,25101010,汽车系统部件
002554,惠博普,10,能源,1010,能源,101010,油气开采与油田服务,10101020,油田服务
002555,三七互娱,50,通信服务,5030,传媒,503020,文化娱乐,50302020,游戏
002556,辉隆股份,20,工业,2060,商业服务与用品,206010,商业服务与用品,20601040,贸易商
002557,洽洽食品,30,主要消费,3010,食品、饮料与烟草,301030,食品,30103040,休闲食品
002558,巨人网络,50,通信服务,5030,传媒,503020,文化娱乐,50302020,游戏
002559,亚威股份,20,工业,2040,机械制造,204010,通用机械,20401040,电动机与工控自动化
002560,通达股份,20,工业,2030,电力设备,203020,电网设备,20302040,线缆及其他
002561,徐家汇,25,可选消费,2550,零售业,255010,一般零售,25501010,百货商店
002562,兄弟科技,30,主要消费,3020,农牧渔,302020,养殖,30202010,饲料
002563,森马服饰,25,可选消费,2530,纺织服装与珠宝,253010,纺织服装,25301020,服装
002564,天沃科技,20,工业,2040,机械制造,204020,专用机械,20402030,化工机械
002565,顺灏股份,15,原材料,1550,造纸与包装,155010,容器与包装,15501020,纸材料包装
002566,益盛药业,35,医药卫生,3520,医药,352030,中药,35203020,中成药
002567,唐人神,30,主要消费,3020,农牧渔,302020,养殖,30202010,饲料
002568,百润股份,30,主要消费,3010,食品、饮料与烟草,301010,酒,30101040,葡萄酒及其他
002569,*ST步森,25,可选消费,2530,纺织服装与珠宝,253010,纺织服装,25301020,服装
002570,贝因美,30,主要消费,3010,食品、饮料与烟草,301030,食品,30103030,乳制品
002571,德力股份,25,可选消费,2520,耐用消费品,252020,家居,25202020,其他家居
002572,索菲亚,25,可选消费,2520,耐用消费品,252020,家居,25202010,家具
002573,清新环境,20,工业,2050,环保,205020,节能与生态修复,20502010,节能与资源回收
002574,明牌珠宝,25,可选消费,2530,纺织服装与珠宝,253020,珠宝与奢侈品,25302010,珠宝与奢侈品
002575,群兴玩具,25,可选消费,2550,零售业,255020,专营零售,25502010,专营零售
002576,通达动力,20,工业,2040,机械制造,204010,通用机械,20401040,电动机与工控自动化
002577,雷柏科技,45,信息技术,4520,电子,452010,电子终端及组件,45201010,电脑与外围设备
002578,闽发铝业,15,原材料,1520,有色金属,152010,工业金属,15201020,铝
002579,中京电子,45,信息技术,4520,电子,452020,电子元件,45202010,印制电路板
002580,圣阳股份,20,工业,2030,电力设备,203030,储能设备,20303010,电池
002581,ST未名,35,医药卫生,3520,医药,352010,生物药品,35201030,其他生物药品
002582,好想你,30,主要消费,3010,食品、饮料与烟草,301030,食品,30103040,休闲食品
002583,海能达,50,通信服务,5020,通信设备及技术服务,502010,通信设备,50201010,通信终端设备及组件
002584,西陇科学,45,信息技术,4520,电子,452040,电子化学品,45204010,电子化学品
002585,双星新材,45,信息技术,4520,电子,452030,光学光电子,45203010,面板
002586,ST围海,20,工业,2020,建筑装饰,202010,建筑与工程,20201020,基础设施建设
002587,奥拓电子,45,信息技术,4520,电子,452030,光学光电子,45203020,LED
002588,史丹利,15,原材料,1510,化工,151010,农用化工,15101030,复合肥
002589,瑞康医药,35,医药卫生,3510,医疗,351020,医疗商业与服务,35102020,医药商业
002590,万安科技,25,可选消费,2510,乘用车及零部件,251010,汽车零部件与轮胎,25101010,汽车系统部件
002591,恒大高新,15,原材料,1510,化工,151040,化学制品,15104020,涂料油墨
002592,ST八菱,25,可选消费,2510,乘用车及零部件,251010,汽车零部件与轮胎,25101010,汽车系统部件
002593,日上集团,20,工业,2020,建筑装饰,202010,建筑与工程,20201040,专业工程
002594,比亚迪,25,可选消费,2510,乘用车及零部件,251020,乘用车,25102010,乘用车
002595,豪迈科技,20,工业,2040,机械制造,204020,专用机械,20402080,其他专用机械
002596,海南瑞泽,15,原材料,1540,非金属材料,154010,建筑材料,15401010,水泥与混凝土
002597,金禾实业,30,主要消费,3010,食品、饮料与烟草,301030,食品,30103050,其他食品
002598,山东章鼓,20,工业,2040,机械制造,204010,通用机械,20401030,气液机械
002599,盛通股份,20,工业,2060,商业服务与用品,206010,商业服务与用品,20601010,商业印刷
0026.HK,中华汽车,60,房地产,6010,房地产,601020,房地产管理与服务,60102020,房地产服务
002600,领益智造,45,信息技术,4520,电子,452010,电子终端及组件,45201030,消费电子组件及零部件
002601,龙佰集团,15,原材料,1510,化工,151030,化学原料,15103040,钛白粉
002602,世纪华通,50,通信服务,5030,传媒,503020,文化娱乐,50302020,游戏
002603,以岭药业,35,医药卫生,3520,医药,352030,中药,35203020,中成药
002605,姚记科技,50,通信服务,5030,传媒,503020,文化娱乐,50302020,游戏
002606,大连电瓷,20,工业,2030,电力设备,203020,电网设备,20302040,线缆及其他
002607,中公教育,25,可选消费,2540,消费者服务,254020,教育服务,25402020,培训教育及其他
002608,江苏国信,55,公用事业,5510,公用事业,551010,电力及电网,55101010,火电
002609,捷顺科技,45,信息技术,4510,计算机,451020,信息技术服务,45102010,系统集成服务
002611,东方精工,20,工业,2040,机械制造,204020,专用机械,20402040,印刷包装机械
002612,朗姿股份,25,可选消费,2530,纺织服装与珠宝,253010,纺织服装,25301020,服装
002613,北玻股份,20,工业,2040,机械制造,204020,专用机械,20402080,其他专用机械
002614,奥佳华,25,可选消费,2520,耐用消费品,252010,家用电器,25201030,小家电
002615,哈尔斯,25,可选消费,2520,耐用消费品,252020,家居,25202020,其他家居
002616,长青集团,55,公用事业,5510,公用事业,551010,电力及电网,55101060,其他能源发电
002617,露笑科技,45,信息技术,4520,电子,452050,其他电子,45205010,其他电子
002620,ST瑞和,20,工业,2020,建筑装饰,202020,建筑装修,20202010,建筑装修
002622,皓宸医疗,35,医药卫生,3510,医疗,351020,医疗商业与服务,35102010,医疗服务
002623,亚玛顿,20,工业,2030,电力设备,203010,发电设备,20301010,光伏设备
002624,完美世界,50,通信服务,5030,传媒,503020,文化娱乐,50302020,游戏
002625,光启技术,20,工业,2010,航空航天与国防,201020,国防装备,20102010,国防装备
002626,金达威,30,主要消费,3010,食品、饮料与烟草,301030,食品,30103050,其他食品
002627,三峡旅游,25,可选消费,2540,消费者服务,254010,休闲服务,25401010,景点
002628,成都路桥,20,工业,2020,建筑装饰,202010,建筑与工程,20201020,基础设施建设
002629,仁智股份,10,能源,1010,能源,101010,油气开采与油田服务,10101020,油田服务
002630,ST华西,20,工业,2020,建筑装饰,202010,建筑与工程,20201020,基础设施建设
002631,德尔未来,20,工业,2020,建筑装饰,202030,建筑产品,20203010,建筑产品
002632,道明光学,15,原材料,1510,化工,151050,塑料,15105030,膜材料
002633,申科股份,20,工业,2040,机械制造,204010,通用机械,20401020,动力机械
002634,棒杰股份,25,可选消费,2530,纺织服装与珠宝,253010,纺织服装,25301020,服装
002635,安洁科技,45,信息技术,4520,电子,452010,电子终端及组件,45201030,消费电子组件及零部件
002636,金安国纪,45,信息技术,4520,电子,452020,电子元件,45202010,印制电路板
002637,赞宇科技,15,原材料,1510,化工,151040,化学制品,15104080,其他化学制品
002638,勤上股份,45,信息技术,4520,电子,452030,光学光电子,45203020,LED
002639,雪人集团,20,工业,2040,机械制造,204010,通用机械,20401030,气液机械
002640,跨境通,25,可选消费,2550,零售业,255040,互联网零售,25504010,互联网零售
002641,公元股份,20,工业,2020,建筑装饰,202030,建筑产品,20203010,建筑产品
002642,荣联科技,50,通信服务,5020,通信设备及技术服务,502020,数据中心,50202010,数据中心
002643,万润股份,45,信息技术,4520,电子,452040,电子化学品,45204010,电子化学品
002644,佛慈制药,35,医药卫生,3520,医药,352030,中药,35203020,中成药
002645,华宏科技,20,工业,2050,环保,205020,节能与生态修复,20502010,节能与资源回收
002646,天佑德酒,30,主要消费,3010,食品、饮料与烟草,301010,酒,30101010,白酒
002647,*ST仁东,40,金融,4020,其他金融,402010,其他金融服务,40201020,特殊金融服务
002648,卫星化学,15,原材料,1510,化工,151030,化学原料,15103050,其他化学原料
002649,博彦科技,45,信息技术,4510,计算机,451020,信息技术服务,45102030,其他IT与互联网服务
002650,ST加加,30,主要消费,3010,食品、饮料与烟草,301030,食品,30103020,调味品与食用油
002651,利君股份,20,工业,2010,航空航天与国防,201010,航空航天,20101010,航空
002652,扬子新材,15,原材料,1530,钢铁,153010,钢铁,15301030,其他钢铁
002653,海思科,35,医药卫生,3520,医药,352020,化学药,35202020,药品制剂
002654,万润科技,50,通信服务,5030,传媒,503010,营销与广告,50301010,数字营销
002655,共达电声,45,信息技术,4520,电子,452010,电子终端及组件,45201030,消费电子组件及零部件
002656,*ST摩登,25,可选消费,2530,纺织服装与珠宝,253010,纺织服装,25301020,服装
002657,中科金财,45,信息技术,4510,计算机,451020,信息技术服务,45102010,系统集成服务
002658,雪迪龙,20,工业,2050,环保,205020,节能与生态修复,20502020,环境监测
002659,凯文教育,25,可选消费,2540,消费者服务,254020,教育服务,25402010,学历教育
002660,茂硕电源,45,信息技术,4520,电子,452010,电子终端及组件,45201030,消费电子组件及零部件
002661,克明食品,30,主要消费,3020,农牧渔,302010,种植,30201010,农产品
002662,峰璟股份,25,可选消费,2510,乘用车及零部件,251010,汽车零部件与轮胎,25101020,汽车内饰与外饰
002663,普邦股份,20,工业,2020,建筑装饰,202010,建筑与工程,20201030,园林工程
002664,信质集团,25,可选消费,2510,乘用车及零部件,251010,汽车零部件与轮胎,25101010,汽车系统部件
002666,德联集团,15,原材料,1510,化工,151040,化学制品,15104080,其他化学制品
002667,威领股份,15,原材料,1520,有色金属,152030,稀有金属,15203030,锂
002668,TCL智家,25,可选消费,2520,耐用消费品,252010,家用电器,25201010,白色家电
002669,康达新材,15,原材料,1510,化工,151040,化学制品,15104070,胶黏剂及胶带
002670,国盛证券,40,金融,4030,资本市场,403010,证券公司,40301010,证券公司
002671,龙泉股份,15,原材料,1540,非金属材料,154010,建筑材料,15401010,水泥与混凝土
002672,东江环保,20,工业,2050,环保,205010,污染治理,20501010,固废处理
002673,西部证券,40,金融,4030,资本市场,403010,证券公司,40301010,证券公司
002674,兴业科技,25,可选消费,2530,纺织服装与珠宝,253010,纺织服装,25301030,鞋帽与配饰
002675,东诚药业,35,医药卫生,3520,医药,352020,化学药,35202010,原料药
002676,顺威股份,25,可选消费,2520,耐用消费品,252010,家用电器,25201060,家电零部件及其他
002677,浙江美大,25,可选消费,2520,耐用消费品,252010,家用电器,25201050,厨卫电器
002678,珠江钢琴,25,可选消费,2520,耐用消费品,252030,休闲设备与用品,25203010,休闲设备与用品
002679,福建金森,15,原材料,1550,造纸与包装,155020,纸类与林业产品,15502010,林业产品
002681,奋达科技,25,可选消费,2520,耐用消费品,252010,家用电器,25201020,黑色家电
002682,龙洲股份,20,工业,2070,交通运输,207010,运输业,20701020,物流综合
002683,广东宏大,15,原材料,1510,化工,151040,化学制品,15104010,民爆制品
002685,华东重机,20,工业,2040,机械制造,204020,专用机械,20402010,工程机械
002686,亿利达,20,工业,2040,机械制造,204020,专用机械,20402070,楼宇设备
002687,乔治白,25,可选消费,2530,纺织服装与珠宝,253010,纺织服装,25301020,服装
002688,金河生物,30,主要消费,3020,农牧渔,302020,养殖,30202020,动物保健与育种
002689,ST远智,20,工业,2040,机械制造,204020,专用机械,20402070,楼宇设备
002690,美亚光电,20,工业,2040,机械制造,204020,专用机械,20402080,其他专用机械
002691,冀凯股份,20,工业,2040,机械制造,204020,专用机械,20402020,采矿冶金机械
002692,远程股份,20,工业,2030,电力设备,203020,电网设备,20302040,线缆及其他
002693,*ST双成,35,医药卫生,3520,医药,352020,化学药,35202020,药品制剂
002694,顾地科技,20,工业,2020,建筑装饰,202030,建筑产品,20203010,建筑产品
002695,煌上煌,30,主要消费,3010,食品、饮料与烟草,301030,食品,30103040,休闲食品
002696,百洋股份,30,主要消费,3020,农牧渔,302020,养殖,30202010,饲料
002697,红旗连锁,25,可选消费,2550,零售业,255010,一般零售,25501020,超市与便利店
002698,博实股份,20,工业,2040,机械制造,204020,专用机械,20402030,化工机械
0027.HK,银河娱乐,25,可选消费,2540,消费者服务,254010,休闲服务,25401060,博彩
002700,万憬能源,55,公用事业,5510,公用事业,551020,燃气,55102010,燃气
002701,奥瑞金,15,原材料,1550,造纸与包装,155010,容器与包装,15501010,金属、玻璃与塑料包装
002702,海欣食品,30,主要消费,3010,食品、饮料与烟草,301030,食品,30103050,其他食品
002703,浙江世宝,25,可选消费,2510,乘用车及零部件,251010,汽车零部件与轮胎,25101010,汽车系统部件
002705,新宝股份,25,可选消费,2520,耐用消费品,252010,家用电器,25201030,小家电
002706,良信股份,20,工业,2030,电力设备,203020,电网设备,20302030,配电设备
002707,众信旅游,25,可选消费,2540,消费者服务,254010,休闲服务,25401020,旅游服务
002708,光洋股份,25,可选消费,2510,乘用车及零部件,251010,汽车零部件与轮胎,25101010,汽车系统部件
002709,天赐材料,20,工业,2030,电力设备,203030,储能设备,20303020,电池部件及材料
002712,思美传媒,50,通信服务,5030,传媒,503010,营销与广告,50301010,数字营销
002713,*ST东易,20,工业,2020,建筑装饰,202020,建筑装修,20202010,建筑装修
002714,牧原股份,30,主要消费,3020,农牧渔,302020,养殖,30202030,畜牧产品
002715,登云股份,25,可选消费,2510,乘用车及零部件,251010,汽车零部件与轮胎,25101010,汽车系统部件
002716,湖南白银,15,原材料,1520,有色金属,152020,贵金属,15202020,其他贵金属
002717,ST岭南,20,工业,2050,环保,205010,污染治理,20501020,污水处理
002718,友邦吊顶,20,工业,2020,建筑装饰,202030,建筑产品,20203010,建筑产品
002719,麦趣尔,30,主要消费,3010,食品、饮料与烟草,301030,食品,30103040,休闲食品
002721,金一文化,25,可选消费,2530,纺织服装与珠宝,253020,珠宝与奢侈品,25302010,珠宝与奢侈品
002722,物产金轮,15,原材料,1530,钢铁,153010,钢铁,15301020,特钢
002723,小崧股份,20,工业,2020,建筑装饰,202010,建筑与工程,20201020,基础设施建设
002724,海洋王,45,信息技术,4520,电子,452030,光学光电子,45203020,LED
002725,跃岭股份,25,可选消费,2510,乘用车及零部件,251010,汽车零部件与轮胎,25101010,汽车系统部件
002726,龙大美食,30,主要消费,3010,食品、饮料与烟草,301030,食品,30103010,肉制品
002727,一心堂,35,医药卫生,3510,医疗,351020,医疗商业与服务,35102020,医药商业
002728,特一药业,35,医药卫生,3520,医药,352020,化学药,35202020,药品制剂
002729,好利科技,45,信息技术,4520,电子,452050,其他电子,45205010,其他电子
002730,电光科技,20,工业,2040,机械制造,204020,专用机械,20402020,采矿冶金机械
002731,ST萃华,25,可选消费,2530,纺织服装与珠宝,253020,珠宝与奢侈品,25302010,珠宝与奢侈品
002732,燕塘乳业,30,主要消费,3010,食品、饮料与烟草,301030,食品,30103030,乳制品
002733,雄韬股份,20,工业,2030,电力设备,203030,储能设备,20303010,电池
002734,利民股份,15,原材料,1510,化工,151010,农用化工,15101040,农药
002735,王子新材,15,原材料,1550,造纸与包装,155010,容器与包装,15501010,金属、玻璃与塑料包装
002736,国信证券,40,金融,4030,资本市场,403010,证券公司,40301010,证券公司
002737,葵花药业,35,医药卫生,3520,医药,352030,中药,35203020,中成药
002738,中矿资源,15,原材料,1520,有色金属,152030,稀有金属,15203030,锂
002739,万达电影,50,通信服务,5030,传媒,503020,文化娱乐,50302010,影视动漫
002741,光华科技,45,信息技术,4520,电子,452040,电子化学品,45204010,电子化学品
002742,*ST三圣,15,原材料,1540,非金属材料,154010,建筑材料,15401010,水泥与混凝土
002743,富煌钢构,20,工业,2020,建筑装饰,202010,建筑与工程,20201040,专业工程
002745,木林森,45,信息技术,4520,电子,452030,光学光电子,45203020,LED
002746,仙坛股份,30,主要消费,3020,农牧渔,302020,养殖,30202030,畜牧产品
002747,埃斯顿,20,工业,2040,机械制造,204010,通用机械,20401040,电动机与工控自动化
002748,世龙实业,15,原材料,1510,化工,151040,化学制品,15104080,其他化学制品
002749,国光股份,15,原材料,1510,化工,151010,农用化工,15101040,农药
002752,昇兴股份,15,原材料,1550,造纸与包装,155010,容器与包装,15501010,金属、玻璃与塑料包装
002753,永东股份,15,原材料,1510,化工,151060,橡胶,15106010,橡胶助剂
002755,奥赛康,35,医药卫生,3520,医药,352020,化学药,35202020,药品制剂
002756,永兴材料,15,原材料,1520,有色金属,152030,稀有金属,15203030,锂
002757,南兴股份,20,工业,2040,机械制造,204020,专用机械,20402080,其他专用机械
002758,浙农股份,25,可选消费,2510,乘用车及零部件,251040,汽车经销商与汽车服务,25104010,汽车经销商
002759,天际股份,20,工业,2030,电力设备,203030,储能设备,20303020,电池部件及材料
002760,凤形股份,20,工业,2040,机械制造,204010,通用机械,20401060,磨具磨料
002761,浙江建投,20,工业,2020,建筑装饰,202010,建筑与工程,20201010,房屋建设
002762,*ST金比,25,可选消费,2530,纺织服装与珠宝,253010,纺织服装,25301020,服装
002763,汇洁股份,25,可选消费,2530,纺织服装与珠宝,253010,纺织服装,25301020,服装
002765,蓝黛科技,25,可选消费,2510,乘用车及零部件,251010,汽车零部件与轮胎,25101010,汽车系统部件
002766,索菱股份,25,可选消费,2510,乘用车及零部件,251010,汽车零部件与轮胎,25101030,汽车电子
002767,先锋电子,20,工业,2040,机械制造,204010,通用机械,20401050,仪器仪表
002768,国恩股份,15,原材料,1510,化工,151050,塑料,15105010,改性塑料
002769,普路通,20,工业,2070,交通运输,207010,运输业,20701020,物流综合
002771,真视通,45,信息技术,4510,计算机,451020,信息技术服务,45102010,系统集成服务
002772,众兴菌业,30,主要消费,3020,农牧渔,302010,种植,30201010,农产品
002773,康弘药业,35,医药卫生,3520,医药,352010,生物药品,35201030,其他生物药品
002774,快意电梯,20,工业,2040,机械制造,204020,专用机械,20402070,楼宇设备
002775,文科股份,20,工业,2020,建筑装饰,202010,建筑与工程,20201030,园林工程
002777,久远银海,45,信息技术,4510,计算机,451010,软件开发,45101020,行业应用软件
002778,中晟高科,20,工业,2050,环保,205010,污染治理,20501020,污水处理
002779,中坚科技,20,工业,2040,机械制造,204020,专用机械,20402060,农业机械
002780,三夫户外,25,可选消费,2550,零售业,255020,专营零售,25502010,专营零售
002782,可立克,45,信息技术,4520,电子,452020,电子元件,45202020,被动元件
002783,凯龙股份,15,原材料,1510,化工,151040,化学制品,15104010,民爆制品
002785,万里石,20,工业,2020,建筑装饰,202030,建筑产品,20203010,建筑产品
002786,银宝山新,20,工业,2040,机械制造,204020,专用机械,20402080,其他专用机械
002787,华源控股,15,原材料,1550,造纸与包装,155010,容器与包装,15501010,金属、玻璃与塑料包装
002788,鹭燕医药,35,医药卫生,3510,医疗,351020,医疗商业与服务,35102020,医药商业
002789,*ST建艺,20,工业,2020,建筑装饰,202010,建筑与工程,20201010,房屋建设
002790,瑞尔特,25,可选消费,2520,耐用消费品,252020,家居,25202020,其他家居
002791,坚朗五金,20,工业,2020,建筑装饰,202030,建筑产品,20203010,建筑产品
002792,通宇通讯,50,通信服务,5020,通信设备及技术服务,502010,通信设备,50201020,通信系统设备及组件
002793,罗欣药业,35,医药卫生,3520,医药,352020,化学药,35202020,药品制剂
002795,永和智控,20,工业,2020,建筑装饰,202030,建筑产品,20203010,建筑产品
002796,世嘉科技,50,通信服务,5020,通信设备及技术服务,502010,通信设备,50201020,通信系统设备及组件
002797,第一创业,40,金融,4030,资本市场,403010,证券公司,40301010,证券公司
002798,帝欧水华,20,工业,2020,建筑装饰,202030,建筑产品,20203010,建筑产品
002799,环球印务,15,原材料,1550,造纸与包装,155010,容器与包装,15501020,纸材料包装
0028.HK,天安,60,房地产,6010,房地产,601010,房地产开发与园区,60101010,房地产开发
002800,天顺股份,20,工业,2070,交通运输,207010,运输业,20701020,物流综合
002801,微光股份,20,工业,2040,机械制造,204010,通用机械,20401040,电动机与工控自动化
002802,洪汇新材,15,原材料,1510,化工,151050,塑料,15105020,合成树脂
002803,吉宏股份,25,可选消费,2550,零售业,255040,互联网零售,25504010,互联网零售
002805,丰元股份,20,工业,2030,电力设备,203030,储能设备,20303020,电池部件及材料
002806,华锋股份,15,原材料,1520,有色金属,152010,工业金属,15201020,铝
002807,江阴银行,40,金融,4010,银行,401010,商业银行,40101020,区域性银行
002808,*ST恒久,45,信息技术,4520,电子,452010,电子终端及组件,45201010,电脑与外围设备
002809,红墙股份,15,原材料,1540,非金属材料,154010,建筑材料,15401010,水泥与混凝土
002810,山东赫达,15,原材料,1510,化工,151040,化学制品,15104080,其他化学制品
002811,郑中设计,20,工业,2020,建筑装饰,202020,建筑装修,20202010,建筑装修
002812,恩捷股份,20,工业,2030,电力设备,203030,储能设备,20303020,电池部件及材料
002813,路畅科技,25,可选消费,2510,乘用车及零部件,251010,汽车零部件与轮胎,25101030,汽车电子
002815,崇达技术,45,信息技术,4520,电子,452020,电子元件,45202010,印制电路板
002816,*ST和科,20,工业,2040,机械制造,204020,专用机械,20402080,其他专用机械
002817,黄山胶囊,35,医药卫生,3520,医药,352020,化学药,35202010,原料药
002818,富森美,20,工业,2060,商业服务与用品,206010,商业服务与用品,20601020,市场服务
002819,东方中科,20,工业,2060,商业服务与用品,206010,商业服务与用品,20601040,贸易商
002820,桂发祥,30,主要消费,3010,食品、饮料与烟草,301030,食品,30103040,休闲食品
002821,凯莱英,35,医药卫生,3520,医药,352040,制药与生物科技服务,35204010,制药与生物科技服务
002822,ST中装,20,工业,2020,建筑装饰,202020,建筑装修,20202010,建筑装修
002823,凯中精密,20,工业,2040,机械制造,204010,通用机械,20401040,电动机与工控自动化
002824,和胜股份,15,原材料,1520,有色金属,152010,工业金属,15201020,铝
002825,纳尔股份,25,可选消费,2510,乘用车及零部件,251010,汽车零部件与轮胎,25101020,汽车内饰与外饰
002826,易明医药,35,医药卫生,3520,医药,352020,化学药,35202020,药品制剂
002827,高争民爆,15,原材料,1510,化工,151040,化学制品,15104010,民爆制品
002828,贝肯能源,10,能源,1010,能源,101010,油气开采与油田服务,10101010,油气开采
002829,星网宇达,20,工业,2010,航空航天与国防,201010,航空航天,20101010,航空
002830,名雕股份,20,工业,2020,建筑装饰,202020,建筑装修,20202010,建筑装修
002831,裕同科技,15,原材料,1550,造纸与包装,155010,容器与包装,15501020,纸材料包装
002832,比音勒芬,25,可选消费,2530,纺织服装与珠宝,253010,纺织服装,25301020,服装
002833,弘亚数控,20,工业,2040,机械制造,204020,专用机械,20402080,其他专用机械
002835,同为股份,45,信息技术,4520,电子,452010,电子终端及组件,45201040,安防设备及其他
002836,新宏泽,15,原材料,1550,造纸与包装,155010,容器与包装,15501020,纸材料包装
002837,英维克,20,工业,2040,机械制造,204020,专用机械,20402070,楼宇设备
002838,道恩股份,15,原材料,1510,化工,151050,塑料,15105010,改性塑料
002839,张家港行,40,金融,4010,银行,401010,商业银行,40101020,区域性银行
002840,华统股份,30,主要消费,3010,食品、饮料与烟草,301030,食品,30103010,肉制品
002841,视源股份,45,信息技术,4520,电子,452030,光学光电子,45203010,面板
002842,翔鹭钨业,15,原材料,1520,有色金属,152030,稀有金属,15203020,钨钼
002843,泰嘉股份,20,工业,2040,机械制造,204010,通用机械,20401010,加工机械
002845,同兴达,45,信息技术,4520,电子,452030,光学光电子,45203010,面板
002846,英联股份,15,原材料,1550,造纸与包装,155010,容器与包装,15501010,金属、玻璃与塑料包装
002847,盐津铺子,30,主要消费,3010,食品、饮料与烟草,301030,食品,30103040,休闲食品
002848,*ST高斯,50,通信服务,5020,通信设备及技术服务,502010,通信设备,50201010,通信终端设备及组件
002849,威星智能,20,工业,2040,机械制造,204010,通用机械,20401050,仪器仪表
002850,科达利,20,工业,2030,电力设备,203030,储能设备,20303020,电池部件及材料
002851,麦格米特,25,可选消费,2520,耐用消费品,252010,家用电器,25201060,家电零部件及其他
002852,道道全,30,主要消费,3010,食品、饮料与烟草,301030,食品,30103020,调味品与食用油
002853,皮阿诺,25,可选消费,2520,耐用消费品,252020,家居,25202010,家具
002855,捷荣技术,45,信息技术,4520,电子,452010,电子终端及组件,45201030,消费电子组件及零部件
002856,美芝股份,20,工业,2020,建筑装饰,202020,建筑装修,20202010,建筑装修
002857,三晖电气,20,工业,2030,电力设备,203020,电网设备,20302010,电网自动化
002858,力盛体育,25,可选消费,2540,消费者服务,254010,休闲服务,25401070,其他休闲服务
002859,洁美科技,45,信息技术,4520,电子,452050,其他电子,45205010,其他电子
002860,星帅尔,25,可选消费,2520,耐用消费品,252010,家用电器,25201060,家电零部件及其他
002861,瀛通通讯,45,信息技术,4520,电子,452010,电子终端及组件,45201030,消费电子组件及零部件
002862,实丰文化,25,可选消费,2520,耐用消费品,252030,休闲设备与用品,25203010,休闲设备与用品
002863,今飞凯达,25,可选消费,2510,乘用车及零部件,251010,汽车零部件与轮胎,25101010,汽车系统部件
002864,盘龙药业,35,医药卫生,3520,医药,352030,中药,35203020,中成药
002865,钧达股份,20,工业,2030,电力设备,203010,发电设备,20301010,光伏设备
002866,传艺科技,45,信息技术,4520,电子,452010,电子终端及组件,45201010,电脑与外围设备
002867,周大生,25,可选消费,2530,纺织服装与珠宝,253020,珠宝与奢侈品,25302010,珠宝与奢侈品
002868,*ST绿康,30,主要消费,3020,农牧渔,302020,养殖,30202020,动物保健与育种
002869,金溢科技,50,通信服务,5020,通信设备及技术服务,502010,通信设备,50201010,通信终端设备及组件
002870,香山股份,25,可选消费,2510,乘用车及零部件,251010,汽车零部件与轮胎,25101020,汽车内饰与外饰
002871,伟隆股份,20,工业,2040,机械制造,204010,通用机械,20401030,气液机械
002872,ST天圣,35,医药卫生,3520,医药,352030,中药,35203020,中成药
002873,新天药业,35,医药卫生,3520,医药,352030,中药,35203020,中成药
002875,安奈儿,25,可选消费,2530,纺织服装与珠宝,253010,纺织服装,25301020,服装
002876,三利谱,45,信息技术,4520,电子,452030,光学光电子,45203010,面板
002877,智能自控,20,工业,2040,机械制造,204010,通用机械,20401040,电动机与工控自动化
002878,元隆雅图,50,通信服务,5030,传媒,503010,营销与广告,50301020,其他广告营销
002879,长缆科技,20,工业,2030,电力设备,203020,电网设备,20302040,线缆及其他
002880,卫光生物,35,医药卫生,3520,医药,352010,生物药品,35201010,血液制品
002881,美格智能,50,通信服务,5020,通信设备及技术服务,502010,通信设备,50201010,通信终端设备及组件
002882,金龙羽,20,工业,2030,电力设备,203020,电网设备,20302040,线缆及其他
002883,中设股份,20,工业,2020,建筑装饰,202010,建筑与工程,20201050,建筑设计及服务
002884,凌霄泵业,20,工业,2040,机械制造,204010,通用机械,20401030,气液机械
002885,京泉华,45,信息技术,4520,电子,452050,其他电子,45205010,其他电子
002886,沃特股份,15,原材料,1510,化工,151050,塑料,15105010,改性塑料
002887,绿茵生态,20,工业,2050,环保,205020,节能与生态修复,20502030,生态修复
002888,惠威科技,25,可选消费,2520,耐用消费品,252010,家用电器,25201020,黑色家电
002889,东方嘉盛,20,工业,2070,交通运输,207010,运输业,20701020,物流综合
002890,弘宇股份,20,工业,2040,机械制造,204020,专用机械,20402060,农业机械
002891,中宠股份,30,主要消费,3030,家庭与个人用品,303010,家庭用品,30301010,家庭用品
002892,科力尔,20,工业,2040,机械制造,204010,通用机械,20401040,电动机与工控自动化
002893,京能热力,55,公用事业,5510,公用事业,551050,供热及其他,55105010,供热及其他
002895,川恒股份,15,原材料,1510,化工,151010,农用化工,15101050,磷肥及磷化工
002896,中大力德,20,工业,2040,机械制造,204010,通用机械,20401040,电动机与工控自动化
002897,意华股份,20,工业,2030,电力设备,203010,发电设备,20301010,光伏设备
002898,*ST赛隆,35,医药卫生,3520,医药,352020,化学药,35202020,药品制剂
002899,英派斯,25,可选消费,2520,耐用消费品,252030,休闲设备与用品,25203010,休闲设备与用品
0029.HK,达力集团,60,房地产,6010,房地产,601020,房地产管理与服务,60102020,房地产服务
002900,哈三联,35,医药卫生,3520,医药,352020,化学药,35202020,药品制剂
002901,大博医疗,35,医药卫生,3510,医疗,351010,医疗器械,35101020,医疗耗材
002902,铭普光磁,50,通信服务,5020,通信设备及技术服务,502010,通信设备,50201020,通信系统设备及组件
002903,宇环数控,20,工业,2040,机械制造,204010,通用机械,20401040,电动机与工控自动化
002905,金逸影视,50,通信服务,5030,传媒,503020,文化娱乐,50302010,影视动漫
002906,华阳集团,25,可选消费,2510,乘用车及零部件,251010,汽车零部件与轮胎,25101030,汽车电子
002907,华森制药,35,医药卫生,3520,医药,352030,中药,35203020,中成药
002908,德生科技,50,通信服务,5020,通信设备及技术服务,502010,通信设备,50201010,通信终端设备及组件
002909,集泰股份,15,原材料,1510,化工,151040,化学制品,15104070,胶黏剂及胶带
002910,庄园牧场,30,主要消费,3010,食品、饮料与烟草,301030,食品,30103030,乳制品
002911,佛燃能源,55,公用事业,5510,公用事业,551020,燃气,55102010,燃气
002912,中新赛克,50,通信服务,5020,通信设备及技术服务,502010,通信设备,50201020,通信系统设备及组件
002913,奥士康,45,信息技术,4520,电子,452020,电子元件,45202010,印制电路板
002915,中欣氟材,15,原材料,1510,化工,151040,化学制品,15104040,氟化工
002916,深南电路,45,信息技术,4520,电子,452020,电子元件,45202010,印制电路板
002917,金奥博,15,原材料,1510,化工,151040,化学制品,15104010,民爆制品
002918,蒙娜丽莎,20,工业,2020,建筑装饰,202030,建筑产品,20203010,建筑产品
002919,名臣健康,50,通信服务,5030,传媒,503020,文化娱乐,50302020,游戏
002920,德赛西威,25,可选消费,2510,乘用车及零部件,251010,汽车零部件与轮胎,25101030,汽车电子
002921,联诚精密,20,工业,2040,机械制造,204020,专用机械,20402010,工程机械
002922,伊戈尔,20,工业,2030,电力设备,203020,电网设备,20302020,输变电设备
002923,润都股份,35,医药卫生,3520,医药,352020,化学药,35202020,药品制剂
002925,盈趣科技,45,信息技术,4520,电子,452010,电子终端及组件,45201020,消费电子终端
002926,华西证券,40,金融,4030,资本市场,403010,证券公司,40301010,证券公司
002927,泰永长征,20,工业,2030,电力设备,203020,电网设备,20302030,配电设备
002928,华夏航空,20,工业,2070,交通运输,207010,运输业,20701030,航空运输
002929,润建股份,50,通信服务,5020,通信设备及技术服务,502030,通信技术服务,50203010,通信技术服务
002930,宏川智慧,20,工业,2070,交通运输,207010,运输业,20701020,物流综合
002931,锋龙股份,20,工业,2040,机械制造,204020,专用机械,20402060,农业机械
002932,明德生物,35,医药卫生,3510,医疗,351010,医疗器械,35101030,体外诊断
002933,新兴装备,20,工业,2010,航空航天与国防,201010,航空航天,20101010,航空
002935,天奥电子,20,工业,2010,航空航天与国防,201010,航空航天,20101020,航天
002936,郑州银行,40,金融,4010,银行,401010,商业银行,40101020,区域性银行
002937,兴瑞科技,25,可选消费,2510,乘用车及零部件,251010,汽车零部件与轮胎,25101030,汽车电子
002938,鹏鼎控股,45,信息技术,4520,电子,452020,电子元件,45202010,印制电路板
002939,长城证券,40,金融,4030,资本市场,403010,证券公司,40301010,证券公司
002940,昂利康,35,医药卫生,3520,医药,352020,化学药,35202020,药品制剂
002941,新疆交建,20,工业,2020,建筑装饰,202010,建筑与工程,20201020,基础设施建设
002942,新农股份,15,原材料,1510,化工,151010,农用化工,15101040,农药
002943,宇晶股份,20,工业,2040,机械制造,204010,通用机械,20401010,加工机械
002945,华林证券,40,金融,4030,资本市场,403010,证券公司,40301010,证券公司
002946,新乳业,30,主要消费,3010,食品、饮料与烟草,301030,食品,30103030,乳制品
002947,恒铭达,45,信息技术,4520,电子,452010,电子终端及组件,45201030,消费电子组件及零部件
002948,青岛银行,40,金融,4010,银行,401010,商业银行,40101020,区域性银行
002949,华阳国际,20,工业,2020,建筑装饰,202010,建筑与工程,20201050,建筑设计及服务
002950,奥美医疗,35,医药卫生,3510,医疗,351010,医疗器械,35101020,医疗耗材
002951,金时科技,15,原材料,1550,造纸与包装,155010,容器与包装,15501020,纸材料包装
002952,亚世光电,45,信息技术,4520,电子,452030,光学光电子,45203010,面板
002953,日丰股份,25,可选消费,2520,耐用消费品,252010,家用电器,25201060,家电零部件及其他
002955,鸿合科技,45,信息技术,4520,电子,452010,电子终端及组件,45201040,安防设备及其他
002956,西麦食品,30,主要消费,3010,食品、饮料与烟草,301030,食品,30103040,休闲食品
002957,科瑞技术,20,工业,2040,机械制造,204010,通用机械,20401040,电动机与工控自动化
002958,青农商行,40,金融,4010,银行,401010,商业银行,40101020,区域性银行
002959,小熊电器,25,可选消费,2520,耐用消费品,252010,家用电器,25201030,小家电
002960,青鸟消防,20,工业,2040,机械制造,204020,专用机械,20402070,楼宇设备
002961,瑞达期货,40,金融,4030,资本市场,403020,其他资本市场,40302030,其他资本市场
002962,五方光电,45,信息技术,4520,电子,452030,光学光电子,45203030,光学元件
002963,豪尔赛,20,工业,2020,建筑装饰,202010,建筑与工程,20201040,专业工程
002965,祥鑫科技,25,可选消费,2510,乘用车及零部件,251010,汽车零部件与轮胎,25101050,其他汽车零部件
002966,苏州银行,40,金融,4010,银行,401010,商业银行,40101020,区域性银行
002967,广电计量,20,工业,2060,商业服务与用品,206010,商业服务与用品,20601050,其他商业服务与用品
002968,新大正,60,房地产,6010,房地产,601020,房地产管理与服务,60102010,房地产管理
002969,嘉美包装,15,原材料,1550,造纸与包装,155010,容器与包装,15501010,金属、玻璃与塑料包装
002970,锐明技术,45,信息技术,4520,电子,452010,电子终端及组件,45201040,安防设备及其他
002971,和远气体,15,原材料,1510,化工,151030,化学原料,15103050,其他化学原料
002972,科安达,20,工业,2040,机械制造,204030,交通运输设备,20403010,城轨铁路
002973,侨银股份,55,公用事业,5510,公用事业,551040,市政环卫,55104010,市政环卫
002975,博杰股份,20,工业,2040,机械制造,204010,通用机械,20401040,电动机与工控自动化
002976,瑞玛精密,25,可选消费,2510,乘用车及零部件,251010,汽车零部件与轮胎,25101050,其他汽车零部件
002977,天箭科技,20,工业,2010,航空航天与国防,201010,航空航天,20101020,航天
002978,安宁股份,15,原材料,1520,有色金属,152040,其他有色金属及合金,15204010,钛
002979,雷赛智能,20,工业,2040,机械制造,204010,通用机械,20401040,电动机与工控自动化
002980,华盛昌,20,工业,2040,机械制造,204010,通用机械,20401050,仪器仪表
002981,朝阳科技,45,信息技术,4520,电子,452010,电子终端及组件,45201020,消费电子终端
002982,湘佳股份,30,主要消费,3020,农牧渔,302020,养殖,30202030,畜牧产品
002983,芯瑞达,45,信息技术,4520,电子,452030,光学光电子,45203020,LED
002984,森麒麟,25,可选消费,2510,乘用车及零部件,251010,汽车零部件与轮胎,25101040,轮胎
002985,北摩高科,20,工业,2010,航空航天与国防,201010,航空航天,20101010,航空
002986,宇新股份,15,原材料,1510,化工,151030,化学原料,15103050,其他化学原料
002987,京北方,45,信息技术,4510,计算机,451010,软件开发,45101020,行业应用软件
002988,豪美新材,15,原材料,1520,有色金属,152010,工业金属,15201020,铝
002989,中天精装,20,工业,2020,建筑装饰,202020,建筑装修,20202010,建筑装修
002990,盛视科技,45,信息技术,4510,计算机,451020,信息技术服务,45102010,系统集成服务
002991,甘源食品,30,主要消费,3010,食品、饮料与烟草,301030,食品,30103040,休闲食品
002992,宝明科技,45,信息技术,4520,电子,452030,光学光电子,45203020,LED
002993,奥海科技,45,信息技术,4520,电子,452010,电子终端及组件,45201030,消费电子组件及零部件
002995,天地在线,50,通信服务,5030,传媒,503010,营销与广告,50301010,数字营销
002996,顺博合金,20,工业,2050,环保,205020,节能与生态修复,20502010,节能与资源回收
002997,瑞鹄模具,25,可选消费,2510,乘用车及零部件,251010,汽车零部件与轮胎,25101050,其他汽车零部件
002998,优彩资源,15,原材料,1510,化工,151020,化学纤维,15102010,锦纶与涤纶
002999,天禾股份,20,工业,2060,商业服务与用品,206010,商业服务与用品,20601040,贸易商
0030.HK,云白国际,20,工业,2060,商业服务与用品,206010,商业服务与用品,20601040,贸易商
003000,劲仔食品,30,主要消费,3010,食品、饮料与烟草,301030,食品,30103040,休闲食品
003001,中岩大地,20,工业,2020,建筑装饰,202010,建筑与工程,20201040,专业工程
003002,壶化股份,15,原材料,1510,化工,151040,化学制品,15104010,民爆制品
003003,天元股份,15,原材料,1550,造纸与包装,155010,容器与包装,15501020,纸材料包装
003004,*ST声迅,45,信息技术,4510,计算机,451020,信息技术服务,45102010,系统集成服务
003005,竞业达,45,信息技术,4510,计算机,451010,软件开发,45101020,行业应用软件
003006,百亚股份,30,主要消费,3030,家庭与个人用品,303010,家庭用品,30301010,家庭用品
003007,直真科技,45,信息技术,4510,计算机,451010,软件开发,45101020,行业应用软件
003008,开普检测,20,工业,2060,商业服务与用品,206010,商业服务与用品,20601050,其他商业服务与用品
003009,中天火箭,20,工业,2010,航空航天与国防,201010,航空航天,20101020,航天
003010,若羽臣,25,可选消费,2550,零售业,255040,互联网零售,25504010,互联网零售
003011,海象新材,20,工业,2020,建筑装饰,202030,建筑产品,20203010,建筑产品
003012,东鹏控股,20,工业,2020,建筑装饰,202030,建筑产品,20203010,建筑产品
003013,地铁设计,20,工业,2020,建筑装饰,202010,建筑与工程,20201050,建筑设计及服务
003015,日久光电,45,信息技术,4520,电子,452030,光学光电子,45203010,面板
003016,欣贺股份,25,可选消费,2530,纺织服装与珠宝,253010,纺织服装,25301020,服装
003017,大洋生物,15,原材料,1510,化工,151030,化学原料,15103030,无机盐
003018,金富科技,15,原材料,1550,造纸与包装,155010,容器与包装,15501010,金属、玻璃与塑料包装
003019,宸展光电,45,信息技术,4520,电子,452030,光学光电子,45203010,面板
003020,立方制药,35,医药卫生,3520,医药,352020,化学药,35202020,药品制剂
003021,兆威机电,20,工业,2040,机械制造,204010,通用机械,20401020,动力机械
003022,联泓新科,15,原材料,1510,化工,151040,化学制品,15104080,其他化学制品
003023,彩虹集团,25,可选消费,2520,耐用消费品,252010,家用电器,25201030,小家电
003025,思进智能,20,工业,2040,机械制造,204010,通用机械,20401040,电动机与工控自动化
003026,中晶科技,45,信息技术,4530,半导体,453030,半导体材料与设备,45303010,半导体材料
003027,同兴科技,20,工业,2050,环保,205010,污染治理,20501030,烟气治理
003028,振邦智能,45,信息技术,4520,电子,452010,电子终端及组件,45201040,安防设备及其他
003029,吉大正元,45,信息技术,4510,计算机,451010,软件开发,45101010,通用软件
003030,祖名股份,30,主要消费,3020,农牧渔,302010,种植,30201010,农产品
003031,中瓷电子,50,通信服务,5020,通信设备及技术服务,502010,通信设备,50201020,通信系统设备及组件
003032,*ST传智,25,可选消费,2540,消费者服务,254020,教育服务,25402020,培训教育及其他
003033,征和工业,20,工业,2040,机械制造,204010,通用机械,20401070,其他通用机械
003035,南网能源,20,工业,2050,环保,205020,节能与生态修复,20502010,节能与资源回收
003036,泰坦股份,20,工业,2040,机械制造,204020,专用机械,20402050,纺织服装机械
003037,三和管桩,15,原材料,1540,非金属材料,154010,建筑材料,15401010,水泥与混凝土
003038,鑫铂股份,15,原材料,1520,有色金属,152010,工业金属,15201020,铝
003039,顺控发展,55,公用事业,5510,公用事业,551030,水务,55103010,水务
003040,楚天龙,50,通信服务,5020,通信设备及技术服务,502010,通信设备,50201010,通信终端设备及组件
003041,真爱美家,25,可选消费,2530,纺织服装与珠宝,253010,纺织服装,25301040,家用纺织
003042,中农联合,15,原材料,1510,化工,151010,农用化工,15101040,农药
003043,华亚智能,20,工业,2040,机械制造,204010,通用机械,20401070,其他通用机械
0031.HK,航天控股,45,信息技术,4520,电子,452010,电子终端及组件,45201030,消费电子组件及零部件
0032.HK,港通控股,25,可选消费,2540,消费者服务,254020,教育服务,25402020,培训教育及其他
0033.HK,INTL GENIUS,20,工业,2060,商业服务与用品,206010,商业服务与用品,20601040,贸易商
0034.HK,九龙建业,60,房地产,6010,房地产,601010,房地产开发与园区,60101010,房地产开发
0035.HK,远东发展,60,房地产,6010,房地产,601010,房地产开发与园区,60101010,房地产开发
0036.HK,远东控股国际,60,房地产,6010,房地产,601020,房地产管理与服务,60102020,房地产服务
0037.HK,远东酒店实业,60,房地产,6010,房地产,601020,房地产管理与服务,60102020,房地产服务
0038.HK,第一拖拉机股份,20,工业,2040,机械制造,204020,专用机械,20402060,农业机械
003816,中国广核,55,公用事业,5510,公用事业,551010,电力及电网,55101030,核电
0039.HK,中国北大荒,25,可选消费,2550,零售业,255020,专营零售,25502010,专营零售
0040.HK,金山科技工业,20,工业,2030,电力设备,203030,储能设备,20303010,电池
0041.HK,鹰君,25,可选消费,2540,消费者服务,254010,休闲服务,25401030,酒店
0042.HK,东北电气,20,工业,2030,电力设备,203020,电网设备,20302020,输变电设备
0045.HK,大酒店,25,可选消费,2540,消费者服务,254010,休闲服务,25401030,酒店
0046.HK,科联系统,45,信息技术,4510,计算机,451010,软件开发,45101010,通用软件
0048.HK,中国汽车内饰,25,可选消费,2510,乘用车及零部件,251010,汽车零部件与轮胎,25101020,汽车内饰与外饰
0050.HK,香港小轮（集团）,60,房地产,6010,房地产,601020,房地产管理与服务,60102020,房地产服务
0051.HK,海港企业,25,可选消费,2540,消费者服务,254010,休闲服务,25401030,酒店
0052.HK,大快活集团,25,可选消费,2540,消费者服务,254010,休闲服务,25401040,餐饮服务
0053.HK,国浩集团,25,可选消费,2540,消费者服务,254010,休闲服务,25401030,酒店
0055.HK,中星集团控股,20,工业,2060,商业服务与用品,206010,商业服务与用品,20601010,商业印刷
0057.HK,震雄集团,20,工业,2040,机械制造,204010,通用机械,20401010,加工机械
0058.HK,新威国际,15,原材料,1540,非金属材料,154010,建筑材料,15401010,水泥与混凝土
0059.HK,天誉置业,60,房地产,6010,房地产,601010,房地产开发与园区,60101010,房地产开发
0060.HK,香港食品投资,25,可选消费,2550,零售业,255010,一般零售,25501020,超市与便利店
0061.HK,绿领控股,10,能源,1010,能源,101030,煤炭,10103010,煤炭
0062.HK,载通,20,工业,2070,交通运输,207010,运输业,20701070,公共交通
0063.HK,中亚烯谷集团,60,房地产,6010,房地产,601020,房地产管理与服务,60102010,房地产管理
0064.HK,结好控股,40,金融,4030,资本市场,403010,证券公司,40301010,证券公司
0065.HK,弘海高新资源,10,能源,1010,能源,101030,煤炭,10103010,煤炭
0066.HK,港铁公司,20,工业,2070,交通运输,207010,运输业,20701050,铁路运输
0069.HK,香格里拉（亚洲）,25,可选消费,2540,消费者服务,254010,休闲服务,25401030,酒店
0070.HK,金粤控股,40,金融,4020,其他金融,402010,其他金融服务,40201020,特殊金融服务
0071.HK,美丽华酒店,60,房地产,6010,房地产,601020,房地产管理与服务,60102020,房地产服务
0072.HK,超媒体控股,50,通信服务,5030,传媒,503020,文化娱乐,50302030,出版
0073.HK,亚洲果业,25,可选消费,2550,零售业,255020,专营零售,25502010,专营零售
0075.HK,渝太地产,60,房地产,6010,房地产,601010,房地产开发与园区,60101010,房地产开发
0076.HK,谊砾控股,45,信息技术,4520,电子,452010,电子终端及组件,45201040,安防设备及其他
0077.HK,进智公共交通,20,工业,2070,交通运输,207010,运输业,20701070,公共交通
0078.HK,REGAL INT'L,25,可选消费,2540,消费者服务,254010,休闲服务,25401030,酒店
0079.HK,世纪建业,25,可选消费,2540,消费者服务,254010,休闲服务,25401030,酒店
0080.HK,CAI控股,40,金融,4030,资本市场,403020,其他资本市场,40302010,资产管理
0081.HK,中国海外宏洋集团,60,房地产,6010,房地产,601010,房地产开发与园区,60101010,房地产开发
0082.HK,疯狂体育,45,信息技术,4510,计算机,451010,软件开发,45101020,行业应用软件
0083.HK,信和置业,60,房地产,6010,房地产,601010,房地产开发与园区,60101010,房地产开发
0084.HK,宝光实业,25,可选消费,2530,纺织服装与珠宝,253020,珠宝与奢侈品,25302010,珠宝与奢侈品
0085.HK,中电华大科技,45,信息技术,4530,半导体,453010,集成电路,45301010,集成电路设计
0086.HK,新鸿基公司,40,金融,4020,其他金融,402020,消费信贷,40202010,消费信贷
0087.HK,太古股份公司Ｂ,20,工业,2040,机械制造,204040,工业集团企业,20404010,工业集团企业
0088.HK,TAI CHEUNG HOLD,60,房地产,6010,房地产,601010,房地产开发与园区,60101010,房地产开发
0089.HK,大生地产,60,房地产,6010,房地产,601020,房地产管理与服务,60102020,房地产服务
0090.HK,普星能量,55,公用事业,5510,公用事业,551010,电力及电网,55101010,火电
0092.HK,冠军科技集团,45,信息技术,4520,电子,452010,电子终端及组件,45201040,安防设备及其他
0093.HK,零在科技金融,40,金融,4020,其他金融,402020,消费信贷,40202010,消费信贷
0094.HK,绿心集团,15,原材料,1550,造纸与包装,155020,纸类与林业产品,15502010,林业产品
0095.HK,绿景中国地产,60,房地产,6010,房地产,601010,房地产开发与园区,60101010,房地产开发
0096.HK,ＹＵＳＥＩ,15,原材料,1510,化工,151050,塑料,15105040,其他塑料制品
0097.HK,恒基发展,25,可选消费,2550,零售业,255010,一般零售,25501010,百货商店
0098.HK,兴发铝业,20,工业,2020,建筑装饰,202030,建筑产品,20203010,建筑产品
0099.HK,王氏国际,45,信息技术,4520,电子,452050,其他电子,45205010,其他电子
0100.HK,MINIMAX-WP,45,信息技术,4510,计算机,451010,软件开发,45101010,通用软件
0101.HK,恒隆地产,60,房地产,6010,房地产,601020,房地产管理与服务,60102020,房地产服务
0103.HK,首佳科技,25,可选消费,2510,乘用车及零部件,251010,汽车零部件与轮胎,25101040,轮胎
0104.HK,ASIA COMM HOLD,25,可选消费,2530,纺织服装与珠宝,253020,珠宝与奢侈品,25302010,珠宝与奢侈品
0105.HK,凯联国际酒店,60,房地产,6010,房地产,601020,房地产管理与服务,60102020,房地产服务
0106.HK,朗诗绿色管理,60,房地产,6010,房地产,601010,房地产开发与园区,60101010,房地产开发
0107.HK,四川成渝高速公路,20,工业,2070,交通运输,207020,交通基本设施,20702040,高速公路
0108.HK,国锐生活,60,房地产,6010,房地产,601020,房地产管理与服务,60102010,房地产管理
0110.HK,中国长远,25,可选消费,2550,零售业,255020,专营零售,25502010,专营零售
0111.HK,信达国际控股,40,金融,4030,资本市场,403020,其他资本市场,40302010,资产管理
0113.HK,迪生创建,25,可选消费,2550,零售业,255020,专营零售,25502010,专营零售
0114.HK,HERALD HOLD,25,可选消费,2520,耐用消费品,252030,休闲设备与用品,25203010,休闲设备与用品
0115.HK,钧濠集团,60,房地产,6010,房地产,601010,房地产开发与园区,60101010,房地产开发
0116.HK,周生生,25,可选消费,2530,纺织服装与珠宝,253020,珠宝与奢侈品,25302010,珠宝与奢侈品
0117.HK,天利控股集团,45,信息技术,4520,电子,452020,电子元件,45202020,被动元件
0118.HK,大同机械,20,工业,2040,机械制造,204010,通用机械,20401010,加工机械
0119.HK,保利置业集团,60,房地产,6010,房地产,601010,房地产开发与园区,60101010,房地产开发
0120.HK,COSMOPOL INT'L,60,房地产,6010,房地产,601010,房地产开发与园区,60101010,房地产开发
0122.HK,鳄鱼恤,60,房地产,6010,房地产,601020,房地产管理与服务,60102020,房地产服务
0123.HK,越秀地产,60,房地产,6010,房地产,601010,房地产开发与园区,60101010,房地产开发
0124.HK,粤海置地,60,房地产,6010,房地产,601010,房地产开发与园区,60101010,房地产开发
0125.HK,新兴光学,25,可选消费,2530,纺织服装与珠宝,253010,纺织服装,25301030,鞋帽与配饰
0126.HK,佳宁娜,25,可选消费,2540,消费者服务,254010,休闲服务,25401030,酒店
0127.HK,华人置业,60,房地产,6010,房地产,601010,房地产开发与园区,60101010,房地产开发
0129.HK,泛海集团,40,金融,4030,资本市场,403020,其他资本市场,40302010,资产管理
0130.HK,慕诗国际,25,可选消费,2530,纺织服装与珠宝,253010,纺织服装,25301020,服装
0131.HK,卓能(集团),60,房地产,6010,房地产,601020,房地产管理与服务,60102020,房地产服务
0132.HK,兴业控股,40,金融,4020,其他金融,402010,其他金融服务,40201020,特殊金融服务
0133.HK,招商局中国基金,40,金融,4030,资本市场,403020,其他资本市场,40302010,资产管理
0135.HK,昆仑能源,55,公用事业,5510,公用事业,551020,燃气,55102010,燃气
0136.HK,中国儒意,50,通信服务,5030,传媒,503030,数字媒体,50303020,视频媒体
0137.HK,金辉集团,20,工业,2070,交通运输,207010,运输业,20701040,航运
0138.HK,中建富通,25,可选消费,2510,乘用车及零部件,251040,汽车经销商与汽车服务,25104010,汽车经销商
0139.HK,小鱼盈通,40,金融,4030,资本市场,403010,证券公司,40301010,证券公司
0142.HK,第一太平,30,主要消费,3010,食品、饮料与烟草,301030,食品,30103040,休闲食品
0144.HK,招商局港口,20,工业,2070,交通运输,207020,交通基本设施,20702020,港口
0145.HK,信能低碳,20,工业,2050,环保,205020,节能与生态修复,20502010,节能与资源回收
0146.HK,TAI PING CARPET,25,可选消费,2520,耐用消费品,252020,家居,25202020,其他家居
0147.HK,国际商业结算,60,房地产,6010,房地产,601010,房地产开发与园区,60101010,房地产开发
0148.HK,建滔集团,45,信息技术,4520,电子,452020,电子元件,45202010,印制电路板
0149.HK,中国农产品交易,20,工业,2060,商业服务与用品,206010,商业服务与用品,20601020,市场服务
0150.HK,HYPEBEAST,50,通信服务,5030,传媒,503030,数字媒体,50303030,图文媒体
0151.HK,中国旺旺,30,主要消费,3010,食品、饮料与烟草,301020,软饮料,30102010,软饮料
0152.HK,深圳国际,20,工业,2070,交通运输,207020,交通基本设施,20702040,高速公路
0154.HK,北京控股环境集团,20,工业,2050,环保,205010,污染治理,20501010,固废处理
0156.HK,力宝华润,25,可选消费,2540,消费者服务,254010,休闲服务,25401040,餐饮服务
0157.HK,自然美,30,主要消费,3030,家庭与个人用品,303020,美容护理,30302010,美容护理
0158.HK,万邦投资,60,房地产,6010,房地产,601020,房地产管理与服务,60102020,房地产服务
0159.HK,布莱克万矿业,15,原材料,1530,钢铁,153010,钢铁,15301030,其他钢铁
0160.HK,汉国置业,60,房地产,6010,房地产,601010,房地产开发与园区,60101010,房地产开发
0162.HK,世纪金花,25,可选消费,2550,零售业,255010,一般零售,25501010,百货商店
0163.HK,英皇国际,60,房地产,6010,房地产,601020,房地产管理与服务,60102020,房地产服务
0164.HK,中国宝力科技,50,通信服务,5030,传媒,503010,营销与广告,50301010,数字营销
0165.HK,中国光大控股,40,金融,4030,资本市场,403020,其他资本市场,40302010,资产管理
0166.HK,新时代集团控股,20,工业,2060,商业服务与用品,206010,商业服务与用品,20601040,贸易商
0167.HK,IDT INT'L,45,信息技术,4520,电子,452010,电子终端及组件,45201020,消费电子终端
0168.HK,青岛啤酒股份,30,主要消费,3010,食品、饮料与烟草,301010,酒,30101020,啤酒
0169.HK,万达酒店发展,25,可选消费,2540,消费者服务,254010,休闲服务,25401030,酒店
0171.HK,银建国际,60,房地产,6010,房地产,601020,房地产管理与服务,60102020,房地产服务
0173.HK,嘉华国际,60,房地产,6010,房地产,601010,房地产开发与园区,60101010,房地产开发
0174.HK,盛洋投资,60,房地产,6010,房地产,601020,房地产管理与服务,60102020,房地产服务
0175.HK,吉利汽车,25,可选消费,2510,乘用车及零部件,251020,乘用车,25102010,乘用车
0176.HK,先机企业集团,45,信息技术,4520,电子,452010,电子终端及组件,45201020,消费电子终端
0177.HK,江苏宁沪高速公路,20,工业,2070,交通运输,207020,交通基本设施,20702040,高速公路
0178.HK,莎莎国际,25,可选消费,2550,零售业,255020,专营零售,25502010,专营零售
0179.HK,德昌电机控股,25,可选消费,2510,乘用车及零部件,251010,汽车零部件与轮胎,25101010,汽车系统部件
0180.HK,开达集团,25,可选消费,2520,耐用消费品,252030,休闲设备与用品,25203010,休闲设备与用品
0181.HK,闽港控股,25,可选消费,2540,消费者服务,254010,休闲服务,25401030,酒店
0182.HK,协合新能源,55,公用事业,5510,公用事业,551010,电力及电网,55101040,风电
0183.HK,宏辉集团,60,房地产,6010,房地产,601020,房地产管理与服务,60102020,房地产服务
0184.HK,激成投资,25,可选消费,2540,消费者服务,254010,休闲服务,25401030,酒店
0185.HK,正商实业,60,房地产,6010,房地产,601010,房地产开发与园区,60101010,房地产开发
0186.HK,敏捷控股,60,房地产,6010,房地产,601010,房地产开发与园区,60101010,房地产开发
0187.HK,京城机电股份,20,工业,2040,机械制造,204020,专用机械,20402080,其他专用机械
0188.HK,新华汇富金融,40,金融,4030,资本市场,403010,证券公司,40301010,证券公司
0189.HK,东岳集团,15,原材料,1510,化工,151040,化学制品,15104040,氟化工
0191.HK,丽新国际,60,房地产,6010,房地产,601010,房地产开发与园区,60101010,房地产开发
0193.HK,冠中地产,40,金融,4020,其他金融,402020,消费信贷,40202010,消费信贷
0194.HK,廖创兴企业,60,房地产,6010,房地产,601020,房地产管理与服务,60102010,房地产管理
0195.HK,绿科科技国际,15,原材料,1520,有色金属,152040,其他有色金属及合金,15204020,其他有色金属及合金
0196.HK,宏华集团,10,能源,1010,能源,101010,油气开采与油田服务,10101010,油气开采
0197.HK,亨泰,25,可选消费,2550,零售业,255020,专营零售,25502010,专营零售
0199.HK,德祥地产,60,房地产,6010,房地产,601010,房地产开发与园区,60101010,房地产开发
0200.HK,新濠国际发展,25,可选消费,2540,消费者服务,254010,休闲服务,25401060,博彩
0201.HK,华大酒店,25,可选消费,2540,消费者服务,254010,休闲服务,25401030,酒店
0202.HK,润中国际控股,30,主要消费,3020,农牧渔,302010,种植,30201010,农产品
0204.HK,资本界金控,40,金融,4030,资本市场,403020,其他资本市场,40302010,资产管理
0205.HK,BFB HEALTH,50,通信服务,5030,传媒,503010,营销与广告,50301010,数字营销
0206.HK,华商能源,10,能源,1010,能源,101010,油气开采与油田服务,10101010,油气开采
0209.HK,瀛晟科学,25,可选消费,2520,耐用消费品,252030,休闲设备与用品,25203010,休闲设备与用品
0210.HK,达芙妮国际,25,可选消费,2530,纺织服装与珠宝,253010,纺织服装,25301030,鞋帽与配饰
0211.HK,STYLAND HOLD,40,金融,4010,银行,401020,抵押信贷机构,40102010,抵押信贷机构
0212.HK,NANYANG HOLD,40,金融,4030,资本市场,403020,其他资本市场,40302010,资产管理
0213.HK,NATIONAL ELEC H,25,可选消费,2530,纺织服装与珠宝,253010,纺织服装,25301030,鞋帽与配饰
0214.HK,汇汉控股,40,金融,4030,资本市场,403020,其他资本市场,40302010,资产管理
0215.HK,和记电讯香港,50,通信服务,5010,电信服务,501010,电信运营服务,50101010,电信运营服务
0216.HK,建业实业,60,房地产,6010,房地产,601010,房地产开发与园区,60101010,房地产开发
0217.HK,中国诚通发展集团,40,金融,4020,其他金融,402010,其他金融服务,40201020,特殊金融服务
0218.HK,申万宏源香港,40,金融,4030,资本市场,403010,证券公司,40301010,证券公司
0219.HK,顺豪物业,25,可选消费,2540,消费者服务,254010,休闲服务,25401030,酒店
0220.HK,统一企业中国,30,主要消费,3010,食品、饮料与烟草,301020,软饮料,30102010,软饮料
0222.HK,闽信集团,40,金融,4040,保险,404010,保险,40401020,多元化保险
0223.HK,易生活控股,20,工业,2060,商业服务与用品,206010,商业服务与用品,20601040,贸易商
0224.HK,建生国际,60,房地产,6010,房地产,601020,房地产管理与服务,60102020,房地产服务
0225.HK,博富临置业,60,房地产,6010,房地产,601020,房地产管理与服务,60102020,房地产服务
0227.HK,第一上海,40,金融,4030,资本市场,403010,证券公司,40301010,证券公司
0228.HK,中能控股,10,能源,1010,能源,101020,石油与天然气,10102030,天然气加工
0229.HK,利民实业,25,可选消费,2520,耐用消费品,252010,家用电器,25201030,小家电
0232.HK,大陆航空科技控股,20,工业,2010,航空航天与国防,201010,航空航天,20101010,航空
0234.HK,新世纪集团,40,金融,4020,其他金融,402010,其他金融服务,40201030,其他综合性金融服务
0235.HK,中策资本控股,40,金融,4020,其他金融,402020,消费信贷,40202010,消费信贷
0236.HK,香港生力啤,30,主要消费,3010,食品、饮料与烟草,301010,酒,30101020,啤酒
0237.HK,安全货仓,60,房地产,6010,房地产,601020,房地产管理与服务,60102020,房地产服务
0239.HK,白花油,35,医药卫生,3520,医药,352030,中药,35203020,中成药
0240.HK,利基控股,20,工业,2020,建筑装饰,202010,建筑与工程,20201020,基础设施建设
0241.HK,阿里健康,35,医药卫生,3510,医疗,351020,医疗商业与服务,35102020,医药商业
0242.HK,信德集团,60,房地产,6010,房地产,601010,房地产开发与园区,60101010,房地产开发
0243.HK,QPL INT'L,45,信息技术,4530,半导体,453030,半导体材料与设备,45303010,半导体材料
0244.HK,先施,25,可选消费,2550,零售业,255010,一般零售,25501010,百货商店
0245.HK,中薇金融,40,金融,4020,其他金融,402010,其他金融服务,40201010,多领域投资
0247.HK,TST PROPERTIES,60,房地产,6010,房地产,601020,房地产管理与服务,60102020,房地产服务
0248.HK,香港通讯国际控股,25,可选消费,2550,零售业,255020,专营零售,25502010,专营零售
0251.HK,爪哇控股,60,房地产,6010,房地产,601020,房地产管理与服务,60102010,房地产管理
0252.HK,华信地产财务,15,原材料,1550,造纸与包装,155010,容器与包装,15501010,金属、玻璃与塑料包装
0253.HK,顺豪控股,25,可选消费,2540,消费者服务,254010,休闲服务,25401030,酒店
0254.HK,国家联合资源,20,工业,2070,交通运输,207010,运输业,20701060,公路运输
0255.HK,龙记集团,20,工业,2040,机械制造,204020,专用机械,20402080,其他专用机械
0256.HK,冠城钟表珠宝,25,可选消费,2530,纺织服装与珠宝,253020,珠宝与奢侈品,25302010,珠宝与奢侈品
0257.HK,光大环境,20,工业,2050,环保,205010,污染治理,20501010,固废处理
0258.HK,汤臣集团,60,房地产,6010,房地产,601010,房地产开发与园区,60101010,房地产开发
0259.HK,亿都（国际控股）,45,信息技术,4520,电子,452030,光学光电子,45203010,面板
0261.HK,GBA集团,60,房地产,6010,房地产,601010,房地产开发与园区,60101010,房地产开发
0262.HK,迪臣发展国际,60,房地产,6010,房地产,601020,房地产管理与服务,60102020,房地产服务
0264.HK,中联发展控股,25,可选消费,2530,纺织服装与珠宝,253010,纺织服装,25301030,鞋帽与配饰
0265.HK,港誉智慧城市服务,60,房地产,6010,房地产,601020,房地产管理与服务,60102010,房地产管理
0266.HK,天德地产,60,房地产,6010,房地产,601020,房地产管理与服务,60102020,房地产服务
0267.HK,中信股份,40,金融,4020,其他金融,402010,其他金融服务,40201010,多领域投资
0268.HK,金蝶国际,45,信息技术,4510,计算机,451020,信息技术服务,45102020,云计算服务
0269.HK,中国资源交通,20,工业,2070,交通运输,207020,交通基本设施,20702040,高速公路
0270.HK,粤海投资,55,公用事业,5510,公用事业,551030,水务,55103010,水务
0271.HK,亚证地产,60,房地产,6010,房地产,601020,房地产管理与服务,60102020,房地产服务
0272.HK,瑞安房地产,60,房地产,6010,房地产,601010,房地产开发与园区,60101010,房地产开发
0274.HK,复兴亚洲,15,原材料,1520,有色金属,152020,贵金属,15202010,黄金
0276.HK,蒙古能源,10,能源,1010,能源,101030,煤炭,10103020,焦炭
0277.HK,太兴置业,60,房地产,6010,房地产,601020,房地产管理与服务,60102020,房地产服务
0279.HK,裕承科金,40,金融,4030,资本市场,403010,证券公司,40301010,证券公司
0280.HK,景福集团,25,可选消费,2530,纺织服装与珠宝,253020,珠宝与奢侈品,25302010,珠宝与奢侈品
0285.HK,比亚迪电子,45,信息技术,4520,电子,452010,电子终端及组件,45201030,消费电子组件及零部件
0286.HK,爱帝宫,35,医药卫生,3510,医疗,351020,医疗商业与服务,35102010,医疗服务
0287.HK,永发置业,60,房地产,6010,房地产,601020,房地产管理与服务,60102020,房地产服务
0288.HK,万洲国际,30,主要消费,3010,食品、饮料与烟草,301030,食品,30103010,肉制品
0289.HK,WING ON CO,25,可选消费,2550,零售业,255010,一般零售,25501010,百货商店
0290.HK,国富量子,40,金融,4030,资本市场,403010,证券公司,40301010,证券公司
0291.HK,华润啤酒,30,主要消费,3010,食品、饮料与烟草,301010,酒,30101020,啤酒
0293.HK,国泰航空,20,工业,2070,交通运输,207010,运输业,20701030,航空运输
0294.HK,长江制衣,25,可选消费,2530,纺织服装与珠宝,253010,纺织服装,25301020,服装
0295.HK,江山控股,55,公用事业,5510,公用事业,551010,电力及电网,55101050,光伏发电
0296.HK,英皇娱乐酒店,25,可选消费,2540,消费者服务,254010,休闲服务,25401060,博彩
0297.HK,中化化肥,15,原材料,1510,化工,151010,农用化工,15101030,复合肥
0298.HK,庄士中国,60,房地产,6010,房地产,601010,房地产开发与园区,60101010,房地产开发
0299.HK,宝新置地,60,房地产,6010,房地产,601010,房地产开发与园区,60101010,房地产开发
0300.HK,美的集团,25,可选消费,2520,耐用消费品,252010,家用电器,25201010,白色家电
0301.HK,三和精化,15,原材料,1510,化工,151040,化学制品,15104080,其他化学制品
0302.HK,中手游,50,通信服务,5030,传媒,503020,文化娱乐,50302020,游戏
0303.HK,VTECH HOLDINGS,45,信息技术,4520,电子,452010,电子终端及组件,45201020,消费电子终端
0305.HK,五菱汽车,25,可选消费,2510,乘用车及零部件,251010,汽车零部件与轮胎,25101010,汽车系统部件
0306.HK,冠忠巴士集团,20,工业,2070,交通运输,207010,运输业,20701070,公共交通
0308.HK,香港中旅,25,可选消费,2540,消费者服务,254010,休闲服务,25401010,景点
0309.HK,新华通讯频媒,20,工业,2060,商业服务与用品,206010,商业服务与用品,20601050,其他商业服务与用品
0310.HK,嘉进投资国际,40,金融,4030,资本市场,403020,其他资本市场,40302010,资产管理
0311.HK,联泰控股,25,可选消费,2530,纺织服装与珠宝,253010,纺织服装,25301020,服装
0312.HK,岁宝百货,25,可选消费,2550,零售业,255010,一般零售,25501010,百货商店
0313.HK,裕田中国,60,房地产,6010,房地产,601010,房地产开发与园区,60101010,房地产开发
0314.HK,思派健康,35,医药卫生,3510,医疗,351020,医疗商业与服务,35102020,医药商业
0315.HK,数码通电讯,50,通信服务,5010,电信服务,501010,电信运营服务,50101010,电信运营服务
0316.HK,东方海外国际,20,工业,2070,交通运输,207010,运输业,20701040,航运
0317.HK,中船防务,20,工业,2040,机械制造,204030,交通运输设备,20403020,船舶及其他航运设备
0318.HK,黄河实业,45,信息技术,4510,计算机,451010,软件开发,45101020,行业应用软件
0320.HK,金宝通,45,信息技术,4520,电子,452010,电子终端及组件,45201040,安防设备及其他
0321.HK,德永佳集团,25,可选消费,2530,纺织服装与珠宝,253010,纺织服装,25301010,纺织品
0322.HK,康师傅控股,30,主要消费,3010,食品、饮料与烟草,301020,软饮料,30102010,软饮料
0323.HK,马鞍山钢铁股份,15,原材料,1530,钢铁,153010,钢铁,15301010,普钢
0325.HK,布鲁可,25,可选消费,2520,耐用消费品,252030,休闲设备与用品,25203010,休闲设备与用品
0326.HK,中国星集团,60,房地产,6010,房地产,601010,房地产开发与园区,60101010,房地产开发
0327.HK,百富环球,45,信息技术,4520,电子,452010,电子终端及组件,45201040,安防设备及其他
0328.HK,ALCO HOLDINGS,45,信息技术,4520,电子,452010,电子终端及组件,45201010,电脑与外围设备
0329.HK,东建国际,40,金融,4030,资本市场,403020,其他资本市场,40302010,资产管理
0330.HK,思捷环球,25,可选消费,2530,纺织服装与珠宝,253010,纺织服装,25301020,服装
0331.HK,丰盛生活服务,20,工业,2060,商业服务与用品,206010,商业服务与用品,20601050,其他商业服务与用品
0332.HK,元亨燃气,10,能源,1010,能源,101020,石油与天然气,10102040,油气流通及其他
0333.HK,黛丽斯国际,25,可选消费,2530,纺织服装与珠宝,253010,纺织服装,25301020,服装
0334.HK,华显光电,45,信息技术,4520,电子,452030,光学光电子,45203010,面板
0335.HK,美建集团,40,金融,4020,其他金融,402010,其他金融服务,40201020,特殊金融服务
0336.HK,华宝国际,30,主要消费,3010,食品、饮料与烟草,301030,食品,30103050,其他食品
0337.HK,绿地香港,60,房地产,6010,房地产,601010,房地产开发与园区,60101010,房地产开发
0338.HK,上海石油化工股份,10,能源,1010,能源,101020,石油与天然气,10102020,燃油炼制
0339.HK,中国科创产业投资,40,金融,4030,资本市场,403020,其他资本市场,40302010,资产管理
0340.HK,潼关黄金,15,原材料,1520,有色金属,152020,贵金属,15202010,黄金
0341.HK,大家乐集团,25,可选消费,2540,消费者服务,254010,休闲服务,25401040,餐饮服务
0343.HK,文化传信,50,通信服务,5030,传媒,503020,文化娱乐,50302030,出版
0345.HK,VITASOY INT'L,30,主要消费,3010,食品、饮料与烟草,301020,软饮料,30102010,软饮料
0346.HK,延长石油国际,10,能源,1010,能源,101020,石油与天然气,10102040,油气流通及其他
0347.HK,鞍钢股份,15,原材料,1530,钢铁,153010,钢铁,15301010,普钢
0348.HK,中国智能健康,35,医药卫生,3510,医疗,351020,医疗商业与服务,35102020,医药商业
0351.HK,亚洲能源物流,20,工业,2070,交通运输,207010,运输业,20701040,航运
0352.HK,富阳,60,房地产,6010,房地产,601020,房地产管理与服务,60102020,房地产服务
0353.HK,能源国际投资,20,工业,2070,交通运输,207020,交通基本设施,20702020,港口
0354.HK,中国软件国际,45,信息技术,4510,计算机,451020,信息技术服务,45102030,其他IT与互联网服务
0355.HK,世纪城市国际,25,可选消费,2540,消费者服务,254010,休闲服务,25401030,酒店
0356.HK,鼎立资本,40,金融,4030,资本市场,403020,其他资本市场,40302010,资产管理
0357.HK,美兰空港,20,工业,2070,交通运输,207020,交通基本设施,20702010,机场
0358.HK,江西铜业股份,15,原材料,1520,有色金属,152010,工业金属,15201010,铜
0360.HK,新焦点,25,可选消费,2510,乘用车及零部件,251010,汽车零部件与轮胎,25101030,汽车电子
0361.HK,汉成发展控股,25,可选消费,2520,耐用消费品,252030,休闲设备与用品,25203010,休闲设备与用品
0362.HK,中国天化工,15,原材料,1510,化工,151030,化学原料,15103050,其他化学原料
0363.HK,上海实业控股,20,工业,2040,机械制造,204040,工业集团企业,20404010,工业集团企业
0365.HK,芯成科技,20,工业,2040,机械制造,204020,专用机械,20402080,其他专用机械
0366.HK,陆氏集团(越南),15,原材料,1540,非金属材料,154010,建筑材料,15401010,水泥与混凝土
0367.HK,庄士机构国际,60,房地产,6010,房地产,601020,房地产管理与服务,60102020,房地产服务
0368.HK,德合集团,20,工业,2020,建筑装饰,202020,建筑装修,20202010,建筑装修
0369.HK,永泰地产,60,房地产,6010,房地产,601010,房地产开发与园区,60101010,房地产开发
0370.HK,港仔机器人,20,工业,2020,建筑装饰,202010,建筑与工程,20201010,房屋建设
0371.HK,北控水务集团,55,公用事业,5510,公用事业,551030,水务,55103010,水务
0372.HK,保德国际发展,20,工业,2060,商业服务与用品,206010,商业服务与用品,20601040,贸易商
0373.HK,联合集团,40,金融,4020,其他金融,402020,消费信贷,40202010,消费信贷
0374.HK,四洲集团,30,主要消费,3010,食品、饮料与烟草,301030,食品,30103040,休闲食品
0375.HK,YGM TRADING,25,可选消费,2530,纺织服装与珠宝,253010,纺织服装,25301020,服装
0376.HK,云锋金融,40,金融,4040,保险,404010,保险,40401010,人寿与健康保险
0377.HK,中国华君,20,工业,2070,交通运输,207010,运输业,20701020,物流综合
0379.HK,恒嘉融资租赁,35,医药卫生,3510,医疗,351020,医疗商业与服务,35102020,医药商业
0380.HK,中国管业,20,工业,2060,商业服务与用品,206010,商业服务与用品,20601040,贸易商
0381.HK,权识国际,25,可选消费,2520,耐用消费品,252030,休闲设备与用品,25203010,休闲设备与用品
0382.HK,中汇集团,25,可选消费,2540,消费者服务,254020,教育服务,25402010,学历教育
0383.HK,天安卓健,35,医药卫生,3510,医疗,351020,医疗商业与服务,35102010,医疗服务
0384.HK,中国燃气,55,公用事业,5510,公用事业,551020,燃气,55102010,燃气
0385.HK,建联集团,20,工业,2020,建筑装饰,202010,建筑与工程,20201010,房屋建设
0386.HK,中国石油化工股份,10,能源,1010,能源,101020,石油与天然气,10102010,综合性石油与天然气企业
0387.HK,力丰（集团）,20,工业,2060,商业服务与用品,206010,商业服务与用品,20601040,贸易商
0388.HK,香港交易所,40,金融,4030,资本市场,403020,其他资本市场,40302020,金融交易所与数据
0389.HK,通天酒业,30,主要消费,3010,食品、饮料与烟草,301010,酒,30101040,葡萄酒及其他
0390.HK,中国中铁,20,工业,2020,建筑装饰,202010,建筑与工程,20201020,基础设施建设
0391.HK,美亚娱乐资讯,50,通信服务,5030,传媒,503020,文化娱乐,50302010,影视动漫
0392.HK,北京控股,55,公用事业,5510,公用事业,551020,燃气,55102010,燃气
0393.HK,旭日企业,20,工业,2020,建筑装饰,202020,建筑装修,20202010,建筑装修
0396.HK,兴利(香港)控股,25,可选消费,2520,耐用消费品,252020,家居,25202010,家具
0397.HK,嬴集团,40,金融,4020,其他金融,402020,消费信贷,40202010,消费信贷
0398.HK,东方表行集团,25,可选消费,2530,纺织服装与珠宝,253020,珠宝与奢侈品,25302010,珠宝与奢侈品
0399.HK,星太链集团,30,主要消费,3030,家庭与个人用品,303020,美容护理,30302010,美容护理
0400.HK,硬蛋创新,25,可选消费,2550,零售业,255020,专营零售,25502010,专营零售
0401.HK,万嘉集团,35,医药卫生,3510,医疗,351020,医疗商业与服务,35102010,医疗服务
0403.HK,星光集团,15,原材料,1550,造纸与包装,155010,容器与包装,15501020,纸材料包装
0405.HK,越秀房产信托基金,60,房地产,6010,房地产,601030,房地产投资信托(REITs),60103010,房地产投资信托(REITs)
0406.HK,有利集团,20,工业,2020,建筑装饰,202010,建筑与工程,20201010,房屋建设
0408.HK,叶氏化工集团,15,原材料,1510,化工,151040,化学制品,15104020,涂料油墨
0410.HK,SOHO中国,60,房地产,6010,房地产,601020,房地产管理与服务,60102020,房地产服务
0411.HK,南顺（香港）,30,主要消费,3020,农牧渔,302010,种植,30201010,农产品
0412.HK,山高控股,40,金融,4030,资本市场,403020,其他资本市场,40302010,资产管理
0413.HK,南华集团控股,25,可选消费,2520,耐用消费品,252030,休闲设备与用品,25203010,休闲设备与用品
0417.HK,谢瑞麟,25,可选消费,2530,纺织服装与珠宝,253020,珠宝与奢侈品,25302010,珠宝与奢侈品
0418.HK,方正控股,45,信息技术,4510,计算机,451010,软件开发,45101020,行业应用软件
0419.HK,弘毅文化集团,35,医药卫生,3510,医疗,351020,医疗商业与服务,35102020,医药商业
0420.HK,福田实业,25,可选消费,2530,纺织服装与珠宝,253010,纺织服装,25301010,纺织品
0422.HK,越南制造加工出口,25,可选消费,2510,乘用车及零部件,251030,摩托车及其他,25103010,摩托车及其他
0423.HK,经济日报集团,50,通信服务,5030,传媒,503030,数字媒体,50303030,图文媒体
0425.HK,敏实集团,25,可选消费,2510,乘用车及零部件,251010,汽车零部件与轮胎,25101020,汽车内饰与外饰
0426.HK,万华媒体,50,通信服务,5030,传媒,503020,文化娱乐,50302030,出版
0428.HK,中国天弓控股,40,金融,4030,资本市场,403020,其他资本市场,40302010,资产管理
0430.HK,东方兴业控股,60,房地产,6010,房地产,601020,房地产管理与服务,60102020,房地产服务
0431.HK,大中华金融,40,金融,4020,其他金融,402010,其他金融服务,40201020,特殊金融服务
0432.HK,盈大地产,60,房地产,6010,房地产,601020,房地产管理与服务,60102020,房地产服务
0433.HK,北方矿业,15,原材料,1510,化工,151030,化学原料,15103050,其他化学原料
0434.HK,博雅互动,50,通信服务,5030,传媒,503020,文化娱乐,50302020,游戏
0435.HK,阳光房地产基金,60,房地产,6010,房地产,601030,房地产投资信托(REITs),60103010,房地产投资信托(REITs)
0436.HK,新宇环保,20,工业,2050,环保,205010,污染治理,20501010,固废处理
0438.HK,彩虹新能源,20,工业,2030,电力设备,203010,发电设备,20301010,光伏设备
0439.HK,瀚源控股,45,信息技术,4520,电子,452010,电子终端及组件,45201040,安防设备及其他
0440.HK,大新金融,40,金融,4010,银行,401010,商业银行,40101010,综合性银行
0442.HK,域能控股,25,可选消费,2530,纺织服装与珠宝,253020,珠宝与奢侈品,25302010,珠宝与奢侈品
0444.HK,SINCEREWATCH HK,25,可选消费,2530,纺织服装与珠宝,253020,珠宝与奢侈品,25302010,珠宝与奢侈品
0450.HK,鸿兴印刷集团,15,原材料,1550,造纸与包装,155010,容器与包装,15501020,纸材料包装
0451.HK,协鑫新能源,55,公用事业,5510,公用事业,551010,电力及电网,55101050,光伏发电
0455.HK,天大药业,35,医药卫生,3520,医药,352020,化学药,35202020,药品制剂
0456.HK,新城市建设发展,25,可选消费,2550,零售业,255010,一般零售,25501020,超市与便利店
0458.HK,联亚集团,25,可选消费,2530,纺织服装与珠宝,253010,纺织服装,25301020,服装
0460.HK,四环医药,35,医药卫生,3520,医药,352020,化学药,35202020,药品制剂
0464.HK,中国智能科技,25,可选消费,2520,耐用消费品,252010,家用电器,25201030,小家电
0465.HK,富通科技,45,信息技术,4510,计算机,451020,信息技术服务,45102020,云计算服务
0467.HK,联合能源集团,10,能源,1010,能源,101020,石油与天然气,10102020,燃油炼制
0468.HK,纷美包装,15,原材料,1550,造纸与包装,155010,容器与包装,15501020,纸材料包装
0470.HK,先导智能,20,工业,2040,机械制造,204020,专用机械,20402080,其他专用机械
0471.HK,中播数据,50,通信服务,5030,传媒,503020,文化娱乐,50302040,广播与电视
0472.HK,新丝路控股集团,60,房地产,6010,房地产,601020,房地产管理与服务,60102010,房地产管理
0474.HK,信铭生命科技,20,工业,2060,商业服务与用品,206010,商业服务与用品,20601050,其他商业服务与用品
0475.HK,中发展控股,55,公用事业,5510,公用事业,551020,燃气,55102010,燃气
0476.HK,科轩动力控股,25,可选消费,2510,乘用车及零部件,251020,乘用车,25102010,乘用车
0480.HK,香港兴业国际,60,房地产,6010,房地产,601020,房地产管理与服务,60102020,房地产服务
0483.HK,包浩斯国际,25,可选消费,2530,纺织服装与珠宝,253010,纺织服装,25301020,服装
0484.HK,云游控股,20,工业,2060,商业服务与用品,206010,商业服务与用品,20601040,贸易商
0485.HK,中国华星,60,房地产,6010,房地产,601010,房地产开发与园区,60101010,房地产开发
0486.HK,俄铝,15,原材料,1520,有色金属,152010,工业金属,15201020,铝
0487.HK,实德环球,25,可选消费,2540,消费者服务,254010,休闲服务,25401020,旅游服务
0488.HK,丽新发展,60,房地产,6010,房地产,601010,房地产开发与园区,60101010,房地产开发
0491.HK,英皇文化产业,50,通信服务,5030,传媒,503020,文化娱乐,50302010,影视动漫
0493.HK,国美零售,25,可选消费,2550,零售业,255020,专营零售,25502010,专营零售
0495.HK,PALADIN,20,工业,2040,机械制造,204010,通用机械,20401050,仪器仪表
0496.HK,卡森国际,25,可选消费,2520,耐用消费品,252020,家居,25202010,家具
0497.HK,资本策略地产,60,房地产,6010,房地产,601020,房地产管理与服务,60102020,房地产服务
0498.HK,蓝河控股,20,工业,2070,交通运输,207020,交通基本设施,20702020,港口
0499.HK,青岛控股,45,信息技术,4520,电子,452010,电子终端及组件,45201040,安防设备及其他
0500.HK,先丰服务集团,20,工业,2060,商业服务与用品,206010,商业服务与用品,20601050,其他商业服务与用品
0501.HK,豪威集团,45,信息技术,4530,半导体,453010,集成电路,45301010,集成电路设计
0505.HK,兴业合金,15,原材料,1520,有色金属,152010,工业金属,15201010,铜
0506.HK,中国食品,30,主要消费,3010,食品、饮料与烟草,301020,软饮料,30102010,软饮料
0508.HK,鼎亿集团投资,60,房地产,6010,房地产,601010,房地产开发与园区,60101010,房地产开发
0509.HK,世纪阳光,15,原材料,1510,化工,151010,农用化工,15101030,复合肥
0510.HK,时富金融服务集团,40,金融,4030,资本市场,403010,证券公司,40301010,证券公司
0511.HK,电视广播,50,通信服务,5030,传媒,503020,文化娱乐,50302040,广播与电视
0512.HK,远大医药,35,医药卫生,3520,医药,352020,化学药,35202020,药品制剂
0513.HK,恒和集团,25,可选消费,2530,纺织服装与珠宝,253020,珠宝与奢侈品,25302010,珠宝与奢侈品
0515.HK,中华银科技,45,信息技术,4520,电子,452020,电子元件,45202010,印制电路板
0517.HK,中远海运国际,20,工业,2040,机械制造,204030,交通运输设备,20403020,船舶及其他航运设备
0518.HK,同得仕（集团）,25,可选消费,2530,纺织服装与珠宝,253010,纺织服装,25301020,服装
0519.HK,诺科达科技,60,房地产,6010,房地产,601010,房地产开发与园区,60101010,房地产开发
0520.HK,呷哺呷哺,25,可选消费,2540,消费者服务,254010,休闲服务,25401040,餐饮服务
0521.HK,CWT INT'L,20,工业,2060,商业服务与用品,206010,商业服务与用品,20601040,贸易商
0522.HK,ASMPT,45,信息技术,4530,半导体,453030,半导体材料与设备,45303020,半导体设备
0524.HK,长城天下,50,通信服务,5010,电信服务,501010,电信运营服务,50101010,电信运营服务
0525.HK,广深铁路股份,20,工业,2070,交通运输,207010,运输业,20701050,铁路运输
0526.HK,利时集团控股,25,可选消费,2520,耐用消费品,252020,家居,25202020,其他家居
0527.HK,中国瑞风,55,公用事业,5510,公用事业,551010,电力及电网,55101040,风电
0528.HK,金达控股,25,可选消费,2530,纺织服装与珠宝,253010,纺织服装,25301010,纺织品
0529.HK,SIS INT'L,25,可选消费,2550,零售业,255020,专营零售,25502010,专营零售
0532.HK,WKK INTL (HOLD),45,信息技术,4520,电子,452020,电子元件,45202010,印制电路板
0533.HK,金利来集团,25,可选消费,2530,纺织服装与珠宝,253010,纺织服装,25301020,服装
0535.HK,金地商置,60,房地产,6010,房地产,601010,房地产开发与园区,60101010,房地产开发
0536.HK,贸易通,45,信息技术,4510,计算机,451020,信息技术服务,45102030,其他IT与互联网服务
0538.HK,味千(中国),25,可选消费,2540,消费者服务,254010,休闲服务,25401040,餐饮服务
0540.HK,迅捷环球控股,25,可选消费,2530,纺织服装与珠宝,253010,纺织服装,25301020,服装
0542.HK,中国文旅农业,60,房地产,6010,房地产,601020,房地产管理与服务,60102010,房地产管理
0543.HK,太平洋网络,50,通信服务,5030,传媒,503030,数字媒体,50303030,图文媒体
0544.HK,大同集团,20,工业,2070,交通运输,207010,运输业,20701020,物流综合
0546.HK,阜丰集团,30,主要消费,3010,食品、饮料与烟草,301030,食品,30103020,调味品与食用油
0547.HK,数字王国,50,通信服务,5030,传媒,503020,文化娱乐,50302010,影视动漫
0548.HK,深圳高速公路股份,20,工业,2070,交通运输,207020,交通基本设施,20702040,高速公路
0550.HK,律齐文化,50,通信服务,5030,传媒,503010,营销与广告,50301020,其他广告营销
0551.HK,裕元集团,25,可选消费,2530,纺织服装与珠宝,253010,纺织服装,25301030,鞋帽与配饰
0552.HK,中国通信服务,50,通信服务,5020,通信设备及技术服务,502030,通信技术服务,50203010,通信技术服务
0553.HK,南京熊猫电子股份,45,信息技术,4520,电子,452010,电子终端及组件,45201030,消费电子组件及零部件
0554.HK,汉思集团控股,10,能源,1010,能源,101020,石油与天然气,10102040,油气流通及其他
0556.HK,泛亚环保,20,工业,2050,环保,205010,污染治理,20501020,污水处理
0557.HK,天元医疗,35,医药卫生,3510,医疗,351020,医疗商业与服务,35102010,医疗服务
0558.HK,力劲科技,20,工业,2040,机械制造,204010,通用机械,20401010,加工机械
0559.HK,德泰新能源集团,25,可选消费,2540,消费者服务,254010,休闲服务,25401030,酒店
0560.HK,珠江船务,20,工业,2070,交通运输,207010,运输业,20701040,航运
0563.HK,上实城市开发,60,房地产,6010,房地产,601010,房地产开发与园区,60101010,房地产开发
0564.HK,中创智领,20,工业,2040,机械制造,204020,专用机械,20402020,采矿冶金机械
0565.HK,锦艺集团控股,60,房地产,6010,房地产,601020,房地产管理与服务,60102010,房地产管理
0567.HK,大昌微线集团,15,原材料,1550,造纸与包装,155010,容器与包装,15501020,纸材料包装
0568.HK,山东墨龙,10,能源,1010,能源,101010,油气开采与油田服务,10101010,油气开采
0570.HK,中国中药,35,医药卫生,3520,医药,352030,中药,35203020,中成药
0571.HK,丰德丽控股,50,通信服务,5030,传媒,503020,文化娱乐,50302010,影视动漫
0572.HK,未来世界控股,40,金融,4020,其他金融,402010,其他金融服务,40201030,其他综合性金融服务
0573.HK,稻香控股,25,可选消费,2540,消费者服务,254010,休闲服务,25401040,餐饮服务
0574.HK,百信国际,35,医药卫生,3510,医疗,351020,医疗商业与服务,35102020,医药商业
0575.HK,励晶太平洋,20,工业,2060,商业服务与用品,206010,商业服务与用品,20601050,其他商业服务与用品
0576.HK,浙江沪杭甬,20,工业,2070,交通运输,207020,交通基本设施,20702040,高速公路
0579.HK,京能清洁能源,55,公用事业,5510,公用事业,551010,电力及电网,55101010,火电
0580.HK,赛晶科技,20,工业,2030,电力设备,203020,电网设备,20302020,输变电设备
0581.HK,中国东方集团,15,原材料,1530,钢铁,153010,钢铁,15301010,普钢
0582.HK,神话世界,25,可选消费,2540,消费者服务,254010,休闲服务,25401010,景点
0583.HK,长城环亚控股,60,房地产,6010,房地产,601020,房地产管理与服务,60102020,房地产服务
0585.HK,意力国际,40,金融,4030,资本市场,403010,证券公司,40301010,证券公司
0586.HK,海螺创业,20,工业,2050,环保,205010,污染治理,20501010,固废处理
0587.HK,海螺环保,20,工业,2050,环保,205010,污染治理,20501010,固废处理
0588.HK,北京北辰实业股份,60,房地产,6010,房地产,601010,房地产开发与园区,60101010,房地产开发
0590.HK,六福集团,25,可选消费,2530,纺织服装与珠宝,253020,珠宝与奢侈品,25302010,珠宝与奢侈品
0591.HK,中国高精密,20,工业,2040,机械制造,204010,通用机械,20401050,仪器仪表
0595.HK,AV CONCEPT HOLD,20,工业,2060,商业服务与用品,206010,商业服务与用品,20601040,贸易商
0596.HK,浪潮数字企业,45,信息技术,4510,计算机,451010,软件开发,45101010,通用软件
0598.HK,中国外运,20,工业,2070,交通运输,207010,运输业,20701020,物流综合
0599.HK,怡邦行控股,25,可选消费,2550,零售业,255020,专营零售,25502010,专营零售
0600.HK,爱芯元智,45,信息技术,4530,半导体,453010,集成电路,45301010,集成电路设计
0601.HK,稀镁科技,15,原材料,1520,有色金属,152040,其他有色金属及合金,15204020,其他有色金属及合金
0602.HK,佳华百货控股,25,可选消费,2550,零售业,255010,一般零售,25501010,百货商店
0603.HK,中油燃气,55,公用事业,5510,公用事业,551020,燃气,55102010,燃气
0604.HK,深圳控股,60,房地产,6010,房地产,601010,房地产开发与园区,60101010,房地产开发
0605.HK,中国金融投资管理,40,金融,4020,其他金融,402010,其他金融服务,40201020,特殊金融服务
0606.HK,中骏商管,60,房地产,6010,房地产,601020,房地产管理与服务,60102010,房地产管理
0607.HK,丰盛控股,20,工业,2030,电力设备,203010,发电设备,20301020,风电设备
0608.HK,达利国际,25,可选消费,2530,纺织服装与珠宝,253010,纺织服装,25301020,服装
0609.HK,天德化工,15,原材料,1510,化工,151040,化学制品,15104080,其他化学制品
0610.HK,WAI KEE HOLD,20,工业,2020,建筑装饰,202010,建筑与工程,20201010,房屋建设
0611.HK,中国核能科技,20,工业,2020,建筑装饰,202010,建筑与工程,20201020,基础设施建设
0612.HK,嘉文世纪投资公司,40,金融,4030,资本市场,403020,其他资本市场,40302010,资产管理
0613.HK,梧桐国际,40,金融,4020,其他金融,402010,其他金融服务,40201030,其他综合性金融服务
0616.HK,财富链,60,房地产,6010,房地产,601020,房地产管理与服务,60102020,房地产服务
0617.HK,百利保控股,25,可选消费,2540,消费者服务,254010,休闲服务,25401030,酒店
0618.HK,北大资源,60,房地产,6010,房地产,601010,房地产开发与园区,60101010,房地产开发
0619.HK,南华金融,40,金融,4030,资本市场,403010,证券公司,40301010,证券公司
0620.HK,大唐西市,20,工业,2060,商业服务与用品,206010,商业服务与用品,20601050,其他商业服务与用品
0621.HK,坛金矿业,15,原材料,1520,有色金属,152020,贵金属,15202010,黄金
0622.HK,威华达控股,40,金融,4030,资本市场,403010,证券公司,40301010,证券公司
0623.HK,中视金桥,50,通信服务,5030,传媒,503010,营销与广告,50301020,其他广告营销
0626.HK,大众金融控股,40,金融,4010,银行,401010,商业银行,40101020,区域性银行
0627.HK,共生智筑,60,房地产,6010,房地产,601010,房地产开发与园区,60101010,房地产开发
0628.HK,通通AI社交,40,金融,4010,银行,401020,抵押信贷机构,40102010,抵押信贷机构
0629.HK,悦达国际控股,40,金融,4020,其他金融,402010,其他金融服务,40201020,特殊金融服务
0630.HK,隽泰控股,35,医药卫生,3510,医疗,351010,医疗器械,35101010,医疗设备
0631.HK,三一国际,20,工业,2040,机械制造,204020,专用机械,20402020,采矿冶金机械
0632.HK,中港石油,10,能源,1010,能源,101020,石油与天然气,10102040,油气流通及其他
0635.HK,彩星集团,25,可选消费,2520,耐用消费品,252030,休闲设备与用品,25203010,休闲设备与用品
0636.HK,KLN,20,工业,2070,交通运输,207010,运输业,20701020,物流综合
0637.HK,利记,20,工业,2060,商业服务与用品,206010,商业服务与用品,20601040,贸易商
0638.HK,广和通,50,通信服务,5020,通信设备及技术服务,502010,通信设备,50201020,通信系统设备及组件
0639.HK,首钢资源,10,能源,1010,能源,101030,煤炭,10103020,焦炭
0640.HK,星谦发展,15,原材料,1510,化工,151040,化学制品,15104070,胶黏剂及胶带
0641.HK,中国恒天立信国际,20,工业,2040,机械制造,204020,专用机械,20402050,纺织服装机械
0643.HK,恒富控股,25,可选消费,2530,纺织服装与珠宝,253010,纺织服装,25301020,服装
0645.HK,安域亚洲,20,工业,2060,商业服务与用品,206010,商业服务与用品,20601040,贸易商
0646.HK,中国环保科技,20,工业,2050,环保,205010,污染治理,20501020,污水处理
0648.HK,京玖康疗,35,医药卫生,3510,医疗,351020,医疗商业与服务,35102020,医药商业
0650.HK,普达特科技,45,信息技术,4530,半导体,453030,半导体材料与设备,45303020,半导体设备
0653.HK,卓悦控股,25,可选消费,2550,零售业,255020,专营零售,25502010,专营零售
0655.HK,香港华人有限公司,60,房地产,6010,房地产,601020,房地产管理与服务,60102020,房地产服务
0656.HK,复星国际,35,医药卫生,3520,医药,352020,化学药,35202020,药品制剂
0657.HK,环科国际,25,可选消费,2540,消费者服务,254010,休闲服务,25401040,餐饮服务
0658.HK,中国高速传动,20,工业,2030,电力设备,203010,发电设备,20301020,风电设备
0659.HK,周大福创建,20,工业,2040,机械制造,204040,工业集团企业,20404010,工业集团企业
0660.HK,伟俊生物科技,30,主要消费,3020,农牧渔,302010,种植,30201010,农产品
0661.HK,中国大冶有色金属,15,原材料,1520,有色金属,152010,工业金属,15201010,铜
0662.HK,亚洲金融,40,金融,4040,保险,404010,保险,40401020,多元化保险
0664.HK,铜师傅,25,可选消费,2520,耐用消费品,252020,家居,25202020,其他家居
0666.HK,瑞浦兰钧,20,工业,2030,电力设备,203030,储能设备,20303010,电池
0667.HK,中国东方教育,25,可选消费,2540,消费者服务,254020,教育服务,25402020,培训教育及其他
0669.HK,创科实业,25,可选消费,2520,耐用消费品,252010,家用电器,25201060,家电零部件及其他
0670.HK,中国东方航空股份,20,工业,2070,交通运输,207010,运输业,20701030,航空运输
0672.HK,众安集团,60,房地产,6010,房地产,601010,房地产开发与园区,60101010,房地产开发
0673.HK,中国卫生集团,35,医药卫生,3510,医疗,351020,医疗商业与服务,35102020,医药商业
0674.HK,中国唐商,60,房地产,6010,房地产,601010,房地产开发与园区,60101010,房地产开发
0675.HK,坚宝国际,45,信息技术,4520,电子,452010,电子终端及组件,45201030,消费电子组件及零部件
0676.HK,创信国际,60,房地产,6010,房地产,601020,房地产管理与服务,60102020,房地产服务
0677.HK,金源发展国际实业,25,可选消费,2550,零售业,255010,一般零售,25501020,超市与便利店
0679.HK,亚洲联网科技,20,工业,2040,机械制造,204020,专用机械,20402080,其他专用机械
0681.HK,中民控股,10,能源,1010,能源,101020,石油与天然气,10102040,油气流通及其他
0682.HK,超大现代,20,工业,2060,商业服务与用品,206010,商业服务与用品,20601040,贸易商
0683.HK,嘉里建设,60,房地产,6010,房地产,601010,房地产开发与园区,60101010,房地产开发
0684.HK,亚伦国际,25,可选消费,2520,耐用消费品,252010,家用电器,25201030,小家电
0685.HK,世界华文媒体,50,通信服务,5030,传媒,503020,文化娱乐,50302030,出版
0686.HK,北京能源国际,55,公用事业,5510,公用事业,551010,电力及电网,55101050,光伏发电
0687.HK,泰升集团,20,工业,2020,建筑装饰,202010,建筑与工程,20201040,专业工程
0688.HK,中国海外发展,60,房地产,6010,房地产,601010,房地产开发与园区,60101010,房地产开发
0689.HK,长盈集团(控股),10,能源,1010,能源,101020,石油与天然气,10102020,燃油炼制
0690.HK,联康生物科技集团,35,医药卫生,3520,医药,352020,化学药,35202020,药品制剂
0691.HK,山水水泥,15,原材料,1540,非金属材料,154010,建筑材料,15401010,水泥与混凝土
0693.HK,陈唱国际,20,工业,2070,交通运输,207010,运输业,20701020,物流综合
0694.HK,北京首都机场股份,20,工业,2070,交通运输,207020,交通基本设施,20702010,机场
0695.HK,东吴水泥,15,原材料,1540,非金属材料,154010,建筑材料,15401010,水泥与混凝土
0696.HK,中国民航信息网络,45,信息技术,4510,计算机,451020,信息技术服务,45102010,系统集成服务
0697.HK,首程控股,40,金融,4030,资本市场,403020,其他资本市场,40302010,资产管理
0698.HK,通达集团,45,信息技术,4520,电子,452010,电子终端及组件,45201030,消费电子组件及零部件
0699.HK,均胜电子,25,可选消费,2510,乘用车及零部件,251010,汽车零部件与轮胎,25101030,汽车电子
0700.HK,腾讯控股,50,通信服务,5030,传媒,503030,数字媒体,50303040,互动媒体
0701.HK,CNT GROUP,15,原材料,1510,化工,151040,化学制品,15104020,涂料油墨
0702.HK,中国油气控股,10,能源,1010,能源,101030,煤炭,10103010,煤炭
0703.HK,FUTURE BRIGHT,25,可选消费,2540,消费者服务,254010,休闲服务,25401040,餐饮服务
0704.HK,和嘉控股,10,能源,1010,能源,101030,煤炭,10103020,焦炭
0707.HK,亚洲电视控股,25,可选消费,2530,纺织服装与珠宝,253010,纺织服装,25301010,纺织品
0708.HK,恒大汽车,35,医药卫生,3510,医疗,351020,医疗商业与服务,35102010,医疗服务
0709.HK,佐丹奴国际,25,可选消费,2530,纺织服装与珠宝,253010,纺织服装,25301020,服装
0710.HK,京东方精电,45,信息技术,4520,电子,452030,光学光电子,45203010,面板
0711.HK,亚洲联合基建控股,20,工业,2020,建筑装饰,202010,建筑与工程,20201020,基础设施建设
0712.HK,卡姆丹克太阳能,20,工业,2030,电力设备,203010,发电设备,20301010,光伏设备
0713.HK,世界（集团）,20,工业,2020,建筑装饰,202030,建筑产品,20203010,建筑产品
0716.HK,胜狮货柜,20,工业,2040,机械制造,204030,交通运输设备,20403020,船舶及其他航运设备
0717.HK,英皇资本,40,金融,4030,资本市场,403010,证券公司,40301010,证券公司
0718.HK,太和控股,60,房地产,6010,房地产,601020,房地产管理与服务,60102020,房地产服务
0719.HK,山东新华制药股份,35,医药卫生,3520,医药,352020,化学药,35202010,原料药
0720.HK,意达利控股,60,房地产,6010,房地产,601020,房地产管理与服务,60102020,房地产服务
0721.HK,中国金融国际,40,金融,4030,资本市场,403020,其他资本市场,40302010,资产管理
0722.HK,联合医务,35,医药卫生,3510,医疗,351020,医疗商业与服务,35102010,医疗服务
0723.HK,信保环球控股,20,工业,2060,商业服务与用品,206010,商业服务与用品,20601040,贸易商
0724.HK,瑞鑫国际集团,45,信息技术,4520,电子,452010,电子终端及组件,45201030,消费电子组件及零部件
0725.HK,恒都集团,20,工业,2030,电力设备,203020,电网设备,20302040,线缆及其他
0726.HK,筑友智造科技,15,原材料,1540,非金属材料,154010,建筑材料,15401010,水泥与混凝土
0727.HK,皇冠环球集团,25,可选消费,2550,零售业,255020,专营零售,25502010,专营零售
0728.HK,中国电信,50,通信服务,5010,电信服务,501010,电信运营服务,50101010,电信运营服务
0730.HK,首惠产业金融,40,金融,4020,其他金融,402020,消费信贷,40202010,消费信贷
0731.HK,建发新胜,15,原材料,1550,造纸与包装,155020,纸类与林业产品,15502020,纸制品
0732.HK,信利国际,45,信息技术,4520,电子,452030,光学光电子,45203010,面板
0733.HK,合富辉煌,60,房地产,6010,房地产,601020,房地产管理与服务,60102020,房地产服务
0736.HK,中国置业投资,40,金融,4020,其他金融,402010,其他金融服务,40201020,特殊金融服务
0737.HK,湾区发展,20,工业,2070,交通运输,207020,交通基本设施,20702040,高速公路
0738.HK,莱尔斯丹,25,可选消费,2530,纺织服装与珠宝,253010,纺织服装,25301030,鞋帽与配饰
0743.HK,亚洲水泥(中国),15,原材料,1540,非金属材料,154010,建筑材料,15401010,水泥与混凝土
0745.HK,中国国家文化产业,50,通信服务,5030,传媒,503010,营销与广告,50301010,数字营销
0746.HK,理文化工,15,原材料,1510,化工,151030,化学原料,15103020,氯碱
0747.HK,沈阳公用发展股份,60,房地产,6010,房地产,601010,房地产开发与园区,60101010,房地产开发
0750.HK,水发兴业能源,20,工业,2020,建筑装饰,202010,建筑与工程,20201040,专业工程
0751.HK,创维集团,25,可选消费,2520,耐用消费品,252010,家用电器,25201020,黑色家电
0752.HK,PICO FAR EAST,20,工业,2060,商业服务与用品,206010,商业服务与用品,20601050,其他商业服务与用品
0753.HK,中国国航,20,工业,2070,交通运输,207010,运输业,20701030,航空运输
0754.HK,合生创展集团,60,房地产,6010,房地产,601010,房地产开发与园区,60101010,房地产开发
0755.HK,大方广瑞德,60,房地产,6010,房地产,601010,房地产开发与园区,60101010,房地产开发
0756.HK,森美控股,30,主要消费,3010,食品、饮料与烟草,301020,软饮料,30102010,软饮料
0757.HK,阳光能源,20,工业,2030,电力设备,203010,发电设备,20301010,光伏设备
0759.HK,CEC INT'L HOLD,25,可选消费,2550,零售业,255010,一般零售,25501020,超市与便利店
0760.HK,新天地产集团,60,房地产,6010,房地产,601010,房地产开发与园区,60101010,房地产开发
0762.HK,中国联通,50,通信服务,5010,电信服务,501010,电信运营服务,50101010,电信运营服务
0763.HK,中兴通讯,50,通信服务,5020,通信设备及技术服务,502010,通信设备,50201020,通信系统设备及组件
0764.HK,永恒策略,40,金融,4020,其他金融,402010,其他金融服务,40201010,多领域投资
0765.HK,PERFECTECH INTL,25,可选消费,2520,耐用消费品,252030,休闲设备与用品,25203010,休闲设备与用品
0767.HK,中基长寿科学,40,金融,4020,其他金融,402010,其他金融服务,40201020,特殊金融服务
0768.HK,开明投资,40,金融,4030,资本市场,403020,其他资本市场,40302010,资产管理
0769.HK,中国稀土,15,原材料,1520,有色金属,152030,稀有金属,15203010,稀土金属
0770.HK,SHANGHAI GROWTH,40,金融,4030,资本市场,403020,其他资本市场,40302010,资产管理
0771.HK,自动系统,45,信息技术,4510,计算机,451020,信息技术服务,45102030,其他IT与互联网服务
0772.HK,阅文集团,50,通信服务,5030,传媒,503030,数字媒体,50303030,图文媒体
0775.HK,长江生命科技,30,主要消费,3010,食品、饮料与烟草,301030,食品,30103050,其他食品
0776.HK,帝国科技集团,50,通信服务,5030,传媒,503020,文化娱乐,50302020,游戏
0777.HK,网龙,50,通信服务,5030,传媒,503020,文化娱乐,50302020,游戏
0778.HK,置富产业信托,60,房地产,6010,房地产,601030,房地产投资信托(REITs),60103010,房地产投资信托(REITs)
0780.HK,同程旅行,25,可选消费,2540,消费者服务,254010,休闲服务,25401020,旅游服务
0784.HK,凌锐控股,20,工业,2020,建筑装饰,202010,建筑与工程,20201040,专业工程
0788.HK,中国铁塔,50,通信服务,5020,通信设备及技术服务,502030,通信技术服务,50203010,通信技术服务
0789.HK,雅天妮集团,25,可选消费,2550,零售业,255040,互联网零售,25504010,互联网零售
0794.HK,锦胜集团(控股),15,原材料,1550,造纸与包装,155010,容器与包装,15501020,纸材料包装
0797.HK,第七大道,50,通信服务,5030,传媒,503020,文化娱乐,50302020,游戏
0798.HK,中电光谷,60,房地产,6010,房地产,601010,房地产开发与园区,60101020,园区
0799.HK,IGG,50,通信服务,5030,传媒,503020,文化娱乐,50302020,游戏
0800.HK,文远知行-W,25,可选消费,2510,乘用车及零部件,251010,汽车零部件与轮胎,25101030,汽车电子
0804.HK,鼎石资本,40,金融,4030,资本市场,403010,证券公司,40301010,证券公司
0805.HK,新吉奥房车,25,可选消费,2510,乘用车及零部件,251020,乘用车,25102010,乘用车
0806.HK,惠理集团,40,金融,4030,资本市场,403020,其他资本市场,40302010,资产管理
0807.HK,上海实业环境,55,公用事业,5510,公用事业,551030,水务,55103010,水务
0808.HK,泓富产业信托,60,房地产,6010,房地产,601030,房地产投资信托(REITs),60103010,房地产投资信托(REITs)
0809.HK,大成生化科技,30,主要消费,3010,食品、饮料与烟草,301030,食品,30103050,其他食品
0810.HK,中国铸晨81,40,金融,4030,资本市场,403020,其他资本市场,40302010,资产管理
0811.HK,新华文轩,50,通信服务,5030,传媒,503020,文化娱乐,50302030,出版
0813.HK,世茂集团,60,房地产,6010,房地产,601010,房地产开发与园区,60101010,房地产开发
0814.HK,北京京客隆,25,可选消费,2550,零售业,255010,一般零售,25501020,超市与便利店
0815.HK,中国白银集团,15,原材料,1520,有色金属,152020,贵金属,15202020,其他贵金属
0816.HK,金茂服务,60,房地产,6010,房地产,601020,房地产管理与服务,60102010,房地产管理
0817.HK,中国金茂,60,房地产,6010,房地产,601010,房地产开发与园区,60101010,房地产开发
0818.HK,高阳科技,40,金融,4020,其他金融,402010,其他金融服务,40201020,特殊金融服务
0819.HK,天能动力,20,工业,2030,电力设备,203030,储能设备,20303010,电池
0821.HK,汇盈控股,40,金融,4020,其他金融,402020,消费信贷,40202010,消费信贷
0822.HK,嘉瑞国际,20,工业,2040,机械制造,204020,专用机械,20402080,其他专用机械
0823.HK,领展房产基金,60,房地产,6010,房地产,601030,房地产投资信托(REITs),60103010,房地产投资信托(REITs)
0825.HK,新世界百货中国,25,可选消费,2550,零售业,255010,一般零售,25501010,百货商店
0826.HK,天工国际,15,原材料,1530,钢铁,153010,钢铁,15301020,特钢
0827.HK,玖源集团,15,原材料,1510,化工,151010,农用化工,15101010,氮肥
0828.HK,王朝酒业,30,主要消费,3010,食品、饮料与烟草,301010,酒,30101040,葡萄酒及其他
0829.HK,神冠控股,30,主要消费,3010,食品、饮料与烟草,301030,食品,30103010,肉制品
0830.HK,中国建筑兴业,20,工业,2020,建筑装饰,202020,建筑装修,20202010,建筑装修
0831.HK,利亚零售,25,可选消费,2540,消费者服务,254010,休闲服务,25401040,餐饮服务
0832.HK,建业地产,60,房地产,6010,房地产,601010,房地产开发与园区,60101010,房地产开发
0833.HK,华讯,45,信息技术,4520,电子,452010,电子终端及组件,45201040,安防设备及其他
0834.HK,康大食品,30,主要消费,3010,食品、饮料与烟草,301030,食品,30103010,肉制品
0836.HK,华润电力,55,公用事业,5510,公用事业,551010,电力及电网,55101010,火电
0837.HK,谭木匠,30,主要消费,3030,家庭与个人用品,303020,美容护理,30302010,美容护理
0838.HK,亿和控股,20,工业,2060,商业服务与用品,206010,商业服务与用品,20601030,办公服务与用品
0839.HK,中教控股,25,可选消费,2540,消费者服务,254020,教育服务,25402010,学历教育
0840.HK,天业节水,20,工业,2020,建筑装饰,202030,建筑产品,20203010,建筑产品
0841.HK,木薯资源,20,工业,2060,商业服务与用品,206010,商业服务与用品,20601040,贸易商
0842.HK,理士国际,20,工业,2030,电力设备,203030,储能设备,20303010,电池
0844.HK,广泰国际控股,25,可选消费,2530,纺织服装与珠宝,253010,纺织服装,25301020,服装
0845.HK,恒盛地产,60,房地产,6010,房地产,601010,房地产开发与园区,60101010,房地产开发
0846.HK,明发集团,60,房地产,6010,房地产,601010,房地产开发与园区,60101010,房地产开发
0848.HK,茂业国际,25,可选消费,2550,零售业,255010,一般零售,25501010,百货商店
0851.HK,盛源控股,40,金融,4030,资本市场,403010,证券公司,40301010,证券公司
0852.HK,海峡石油化工,20,工业,2060,商业服务与用品,206010,商业服务与用品,20601040,贸易商
0853.HK,微创医疗,35,医药卫生,3510,医疗,351010,医疗器械,35101020,医疗耗材
0854.HK,威雅利,20,工业,2060,商业服务与用品,206010,商业服务与用品,20601040,贸易商
0855.HK,中国水务,55,公用事业,5510,公用事业,551030,水务,55103010,水务
0856.HK,伟仕佳杰,25,可选消费,2550,零售业,255020,专营零售,25502010,专营零售
0857.HK,中国石油股份,10,能源,1010,能源,101020,石油与天然气,10102010,综合性石油与天然气企业
0858.HK,精优药业,35,医药卫生,3520,医药,352020,化学药,35202020,药品制剂
0859.HK,中昌国际控股,60,房地产,6010,房地产,601020,房地产管理与服务,60102020,房地产服务
0860.HK,APOLLO出行,25,可选消费,2530,纺织服装与珠宝,253020,珠宝与奢侈品,25302010,珠宝与奢侈品
0861.HK,神州控股,45,信息技术,4510,计算机,451020,信息技术服务,45102010,系统集成服务
0862.HK,远见控股,20,工业,2070,交通运输,207010,运输业,20701020,物流综合
0863.HK,OSL集团,40,金融,4020,其他金融,402010,其他金融服务,40201020,特殊金融服务
0864.HK,永利地产发展,60,房地产,6010,房地产,601020,房地产管理与服务,60102020,房地产服务
0865.HK,建德国际控股,60,房地产,6010,房地产,601010,房地产开发与园区,60101010,房地产开发
0866.HK,中国秦发,10,能源,1010,能源,101030,煤炭,10103010,煤炭
0867.HK,康哲药业,35,医药卫生,3520,医药,352020,化学药,35202020,药品制剂
0868.HK,信义玻璃,15,原材料,1540,非金属材料,154010,建筑材料,15401020,玻璃
0869.HK,彩星玩具,25,可选消费,2520,耐用消费品,252030,休闲设备与用品,25203010,休闲设备与用品
0871.HK,中国疏浚环保,20,工业,2020,建筑装饰,202010,建筑与工程,20201020,基础设施建设
0873.HK,世茂服务,60,房地产,6010,房地产,601020,房地产管理与服务,60102010,房地产管理
0874.HK,白云山,35,医药卫生,3520,医药,352030,中药,35203020,中成药
0875.HK,从玉智农,30,主要消费,3020,农牧渔,302010,种植,30201010,农产品
0876.HK,佳兆业健康,35,医药卫生,3510,医疗,351010,医疗器械,35101020,医疗耗材
0880.HK,澳博控股,25,可选消费,2540,消费者服务,254010,休闲服务,25401060,博彩
0881.HK,中升控股,25,可选消费,2510,乘用车及零部件,251040,汽车经销商与汽车服务,25104010,汽车经销商
0882.HK,天津发展,55,公用事业,5510,公用事业,551050,供热及其他,55105010,供热及其他
0883.HK,中国海洋石油,10,能源,1010,能源,101020,石油与天然气,10102020,燃油炼制
0884.HK,旭辉控股集团,60,房地产,6010,房地产,601010,房地产开发与园区,60101010,房地产开发
0887.HK,英皇钟表珠宝,25,可选消费,2530,纺织服装与珠宝,253020,珠宝与奢侈品,25302010,珠宝与奢侈品
0888.HK,链信控股,40,金融,4030,资本市场,403020,其他资本市场,40302010,资产管理
0889.HK,连达科技控股,45,信息技术,4520,电子,452020,电子元件,45202020,被动元件
0893.HK,中国铁钛,15,原材料,1530,钢铁,153010,钢铁,15301030,其他钢铁
0894.HK,万裕科技,45,信息技术,4520,电子,452020,电子元件,45202020,被动元件
0895.HK,东江环保,20,工业,2050,环保,205010,污染治理,20501010,固废处理
0896.HK,兴胜创建,20,工业,2020,建筑装饰,202010,建筑与工程,20201010,房屋建设
0897.HK,位元堂,35,医药卫生,3520,医药,352030,中药,35203020,中成药
0898.HK,万事昌国际,60,房地产,6010,房地产,601020,房地产管理与服务,60102020,房地产服务
0899.HK,中加国信,60,房地产,6010,房地产,601020,房地产管理与服务,60102020,房地产服务
0900.HK,AEON CREDIT,40,金融,4020,其他金融,402020,消费信贷,40202010,消费信贷
0902.HK,华能国际电力股份,55,公用事业,5510,公用事业,551010,电力及电网,55101010,火电
0905.HK,胡桃资本,40,金融,4030,资本市场,403020,其他资本市场,40302010,资产管理
0907.HK,高雅光学,30,主要消费,3030,家庭与个人用品,303020,美容护理,30302010,美容护理
0909.HK,明源云,45,信息技术,4510,计算机,451020,信息技术服务,45102020,云计算服务
0910.HK,中国三迪,60,房地产,6010,房地产,601010,房地产开发与园区,60101010,房地产开发
0911.HK,前海健康,20,工业,2060,商业服务与用品,206010,商业服务与用品,20601040,贸易商
0912.HK,信佳国际,45,信息技术,4520,电子,452010,电子终端及组件,45201020,消费电子终端
0913.HK,港湾数字,40,金融,4030,资本市场,403020,其他资本市场,40302010,资产管理
0914.HK,海螺水泥,15,原材料,1540,非金属材料,154010,建筑材料,15401010,水泥与混凝土
0915.HK,道和环球,50,通信服务,5030,传媒,503030,数字媒体,50303040,互动媒体
0916.HK,龙源电力,55,公用事业,5510,公用事业,551010,电力及电网,55101040,风电
0917.HK,趣致集团,50,通信服务,5030,传媒,503010,营销与广告,50301010,数字营销
0918.HK,龙翼航空科技,20,工业,2010,航空航天与国防,201010,航空航天,20101010,航空
0919.HK,现代健康科技,25,可选消费,2540,消费者服务,254010,休闲服务,25401050,本地生活服务
0921.HK,海信家电,25,可选消费,2520,耐用消费品,252010,家用电器,25201010,白色家电
0922.HK,安贤园中国,25,可选消费,2540,消费者服务,254030,其他消费者服务,25403010,其他消费者服务
0923.HK,综合环保集团,20,工业,2050,环保,205020,节能与生态修复,20502010,节能与资源回收
0924.HK,坤集团,20,工业,2020,建筑装饰,202020,建筑装修,20202010,建筑装修
0926.HK,碧生源,30,主要消费,3010,食品、饮料与烟草,301030,食品,30103050,其他食品
0927.HK,富士高实业,45,信息技术,4520,电子,452010,电子终端及组件,45201020,消费电子终端
0928.HK,帝王国际投资,25,可选消费,2550,零售业,255020,专营零售,25502010,专营零售
0929.HK,国际精密,25,可选消费,2510,乘用车及零部件,251010,汽车零部件与轮胎,25101050,其他汽车零部件
0931.HK,中国港能,10,能源,1010,能源,101020,石油与天然气,10102040,油气流通及其他
0932.HK,顺腾国际控股,30,主要消费,3010,食品、饮料与烟草,301030,食品,30103050,其他食品
0933.HK,非凡领越,25,可选消费,2530,纺织服装与珠宝,253010,纺织服装,25301020,服装
0934.HK,中石化冠德,10,能源,1010,能源,101020,石油与天然气,10102040,油气流通及其他
0936.HK,佳兆业资本,20,工业,2060,商业服务与用品,206010,商业服务与用品,20601050,其他商业服务与用品
0938.HK,民生国际,60,房地产,6010,房地产,601020,房地产管理与服务,60102010,房地产管理
0939.HK,建设银行,40,金融,4010,银行,401010,商业银行,40101010,综合性银行
0941.HK,中国移动,50,通信服务,5010,电信服务,501010,电信运营服务,50101010,电信运营服务
0943.HK,中证国际,30,主要消费,3030,家庭与个人用品,303020,美容护理,30302010,美容护理
0945.HK,宏利金融-S,40,金融,4040,保险,404010,保险,40401010,人寿与健康保险
0947.HK,摩比发展,50,通信服务,5020,通信设备及技术服务,502010,通信设备,50201010,通信终端设备及组件
0948.HK,阿尔法企业,25,可选消费,2550,零售业,255020,专营零售,25502010,专营零售
0950.HK,李氏大药厂,35,医药卫生,3520,医药,352020,化学药,35202020,药品制剂
0951.HK,超威动力,20,工业,2030,电力设备,203030,储能设备,20303010,电池
0952.HK,华富建业金融,40,金融,4030,资本市场,403020,其他资本市场,40302030,其他资本市场
0953.HK,邵氏兄弟控股,50,通信服务,5030,传媒,503020,文化娱乐,50302010,影视动漫
0954.HK,常茂生物化学工程,15,原材料,1510,化工,151040,化学制品,15104080,其他化学制品
0956.HK,新天绿色能源,55,公用事业,5510,公用事业,551020,燃气,55102010,燃气
0959.HK,世纪娱乐国际,50,通信服务,5030,传媒,503020,文化娱乐,50302020,游戏
0960.HK,龙湖集团,60,房地产,6010,房地产,601010,房地产开发与园区,60101010,房地产开发
0966.HK,中国太平,40,金融,4040,保险,404010,保险,40401010,人寿与健康保险
0968.HK,信义光能,20,工业,2030,电力设备,203010,发电设备,20301010,光伏设备
0969.HK,华联国际,30,主要消费,3010,食品、饮料与烟草,301030,食品,30103020,调味品与食用油
0970.HK,新耀莱,25,可选消费,2510,乘用车及零部件,251040,汽车经销商与汽车服务,25104010,汽车经销商
0974.HK,中国顺客隆,25,可选消费,2550,零售业,255010,一般零售,25501020,超市与便利店
0975.HK,MONGOL MINING,10,能源,1010,能源,101030,煤炭,10103020,焦炭
0976.HK,齐合环保,20,工业,2050,环保,205020,节能与生态修复,20502010,节能与资源回收
0978.HK,招商局置地,60,房地产,6010,房地产,601010,房地产开发与园区,60101010,房地产开发
0979.HK,绿色能源科技集团,20,工业,2050,环保,205020,节能与生态修复,20502010,节能与资源回收
0980.HK,联华超市,25,可选消费,2550,零售业,255010,一般零售,25501020,超市与便利店
0981.HK,中芯国际,45,信息技术,4530,半导体,453010,集成电路,45301020,集成电路制造
0983.HK,瑞安建业,20,工业,2020,建筑装饰,202020,建筑装修,20202010,建筑装修
0984.HK,永旺,25,可选消费,2550,零售业,255010,一般零售,25501010,百货商店
0986.HK,杜甫酒业集团,25,可选消费,2530,纺织服装与珠宝,253020,珠宝与奢侈品,25302010,珠宝与奢侈品
0987.HK,中国再生能源投资,55,公用事业,5510,公用事业,551010,电力及电网,55101040,风电
0989.HK,中国长白山国际,60,房地产,6010,房地产,601010,房地产开发与园区,60101010,房地产开发
0990.HK,至源控股,20,工业,2060,商业服务与用品,206010,商业服务与用品,20601040,贸易商
0991.HK,大唐发电,55,公用事业,5510,公用事业,551010,电力及电网,55101010,火电
0992.HK,联想集团,45,信息技术,4520,电子,452010,电子终端及组件,45201010,电脑与外围设备
0993.HK,信控国际资本,40,金融,4030,资本市场,403020,其他资本市场,40302010,资产管理
0994.HK,中天宏信,20,工业,2020,建筑装饰,202010,建筑与工程,20201020,基础设施建设
0995.HK,安徽皖通高速公路,20,工业,2070,交通运输,207020,交通基本设施,20702040,高速公路
0997.HK,普汇中金国际,60,房地产,6010,房地产,601020,房地产管理与服务,60102020,房地产服务
0998.HK,中信银行,40,金融,4010,银行,401010,商业银行,40101010,综合性银行
0999.HK,小菜园,25,可选消费,2540,消费者服务,254010,休闲服务,25401040,餐饮服务
1000.HK,北青传媒,50,通信服务,5030,传媒,503020,文化娱乐,50302030,出版
1001.HK,沪港联合,15,原材料,1530,钢铁,153010,钢铁,15301030,其他钢铁
1002.HK,威铖国际,15,原材料,1510,化工,151050,塑料,15105040,其他塑料制品
1003.HK,欢喜传媒,50,通信服务,5030,传媒,503020,文化娱乐,50302010,影视动漫
1004.HK,中国智慧能源,55,公用事业,5510,公用事业,551010,电力及电网,55101050,光伏发电
1005.HK,MATRIX HOLDINGS,25,可选消费,2520,耐用消费品,252030,休闲设备与用品,25203010,休闲设备与用品
1007.HK,龙辉国际控股,25,可选消费,2540,消费者服务,254010,休闲服务,25401040,餐饮服务
1008.HK,力图控股,15,原材料,1550,造纸与包装,155010,容器与包装,15501020,纸材料包装
1009.HK,国际娱乐,25,可选消费,2540,消费者服务,254010,休闲服务,25401060,博彩
1010.HK,天玺曜11,25,可选消费,2520,耐用消费品,252030,休闲设备与用品,25203010,休闲设备与用品
1011.HK,泰凌医药,45,信息技术,4510,计算机,451020,信息技术服务,45102010,系统集成服务
1013.HK,伟俊集团控股,20,工业,2060,商业服务与用品,206010,商业服务与用品,20601040,贸易商
1020.HK,中细软科技,25,可选消费,2550,零售业,255040,互联网零售,25504010,互联网零售
1021.HK,华沿机器人,20,工业,2040,机械制造,204010,通用机械,20401040,电动机与工控自动化
1022.HK,飞鱼科技,50,通信服务,5030,传媒,503020,文化娱乐,50302020,游戏
1023.HK,时代集团控股,25,可选消费,2530,纺织服装与珠宝,253020,珠宝与奢侈品,25302010,珠宝与奢侈品
1024.HK,快手-W,50,通信服务,5030,传媒,503030,数字媒体,50303020,视频媒体
1025.HK,嘉艺控股,25,可选消费,2530,纺织服装与珠宝,253010,纺织服装,25301020,服装
1026.HK,环球实业科技,55,公用事业,5510,公用事业,551030,水务,55103010,水务
1027.HK,亚洲策略科技,25,可选消费,2520,耐用消费品,252030,休闲设备与用品,25203010,休闲设备与用品
1028.HK,千百度,25,可选消费,2530,纺织服装与珠宝,253010,纺织服装,25301030,鞋帽与配饰
1029.HK,铁货,15,原材料,1530,钢铁,153010,钢铁,15301030,其他钢铁
1030.HK,新城发展,60,房地产,6010,房地产,601010,房地产开发与园区,60101010,房地产开发
1033.HK,中石化油服,10,能源,1010,能源,101010,油气开采与油田服务,10101010,油气开采
1036.HK,万科海外,40,金融,4030,资本市场,403020,其他资本市场,40302010,资产管理
1037.HK,云智汇科技,45,信息技术,4510,计算机,451020,信息技术服务,45102010,系统集成服务
1038.HK,长江基建集团,55,公用事业,5510,公用事业,551010,电力及电网,55101010,火电
1039.HK,畅由国际集团,45,信息技术,4510,计算机,451020,信息技术服务,45102030,其他IT与互联网服务
1044.HK,恒安国际,30,主要消费,3030,家庭与个人用品,303010,家庭用品,30301010,家庭用品
1045.HK,亚太卫星,50,通信服务,5010,电信服务,501010,电信运营服务,50101010,电信运营服务
1046.HK,寰宇娱乐文化,50,通信服务,5030,传媒,503020,文化娱乐,50302010,影视动漫
1047.HK,毅兴行,15,原材料,1510,化工,151040,化学制品,15104020,涂料油墨
1049.HK,时富投资,25,可选消费,2550,零售业,255020,专营零售,25502010,专营零售
1050.HK,嘉利国际,15,原材料,1510,化工,151050,塑料,15105040,其他塑料制品
1051.HK,国际资源,40,金融,4030,资本市场,403020,其他资本市场,40302010,资产管理
1052.HK,越秀交通基建,20,工业,2070,交通运输,207020,交通基本设施,20702040,高速公路
1053.HK,重庆钢铁股份,15,原材料,1530,钢铁,153010,钢铁,15301010,普钢
1055.HK,中国南方航空股份,20,工业,2070,交通运输,207010,运输业,20701030,航空运输
1057.HK,浙江世宝,25,可选消费,2510,乘用车及零部件,251010,汽车零部件与轮胎,25101010,汽车系统部件
1058.HK,南粤控股,25,可选消费,2530,纺织服装与珠宝,253010,纺织服装,25301010,纺织品
1059.HK,看通集团,45,信息技术,4510,计算机,451020,信息技术服务,45102010,系统集成服务
1060.HK,大麦娱乐,50,通信服务,5030,传媒,503020,文化娱乐,50302010,影视动漫
1061.HK,亿胜生物科技,35,医药卫生,3520,医药,352020,化学药,35202020,药品制剂
1062.HK,国开国际投资,40,金融,4030,资本市场,403020,其他资本市场,40302010,资产管理
1063.HK,新确科技,45,信息技术,4520,电子,452010,电子终端及组件,45201020,消费电子终端
1064.HK,中华国际,60,房地产,6010,房地产,601020,房地产管理与服务,60102020,房地产服务
1065.HK,天津创业环保股份,20,工业,2050,环保,205010,污染治理,20501020,污水处理
1066.HK,威高股份,35,医药卫生,3510,医疗,351010,医疗器械,35101020,医疗耗材
1068.HK,雨润食品,30,主要消费,3010,食品、饮料与烟草,301030,食品,30103010,肉制品
1069.HK,中国健康科技集团,15,原材料,1550,造纸与包装,155020,纸类与林业产品,15502010,林业产品
1070.HK,TCL电子,25,可选消费,2520,耐用消费品,252010,家用电器,25201020,黑色家电
1071.HK,华电国际电力股份,55,公用事业,5510,公用事业,551010,电力及电网,55101010,火电
1072.HK,东方电气,20,工业,2030,电力设备,203010,发电设备,20301030,其他发电设备
1073.HK,大禹金融,40,金融,4030,资本市场,403010,证券公司,40301010,证券公司
1075.HK,首都信息,45,信息技术,4510,计算机,451010,软件开发,45101020,行业应用软件
1079.HK,松景科技,25,可选消费,2550,零售业,255020,专营零售,25502010,专营零售
1080.HK,胜利管道,10,能源,1010,能源,101010,油气开采与油田服务,10101010,油气开采
1082.HK,源宇宙教育,25,可选消费,2540,消费者服务,254020,教育服务,25402010,学历教育
1083.HK,港华智慧能源,55,公用事业,5510,公用事业,551020,燃气,55102010,燃气
1084.HK,绿新生物科技,30,主要消费,3010,食品、饮料与烟草,301030,食品,30103050,其他食品
1085.HK,亨鑫科技,50,通信服务,5020,通信设备及技术服务,502010,通信设备,50201020,通信系统设备及组件
1086.HK,好孩子国际,25,可选消费,2520,耐用消费品,252030,休闲设备与用品,25203010,休闲设备与用品
1087.HK,威讯控股,50,通信服务,5020,通信设备及技术服务,502010,通信设备,50201020,通信系统设备及组件
1088.HK,中国神华,10,能源,1010,能源,101030,煤炭,10103010,煤炭
1090.HK,大明国际,15,原材料,1530,钢铁,153010,钢铁,15301020,特钢
1091.HK,南方锰业,15,原材料,1520,有色金属,152040,其他有色金属及合金,15204020,其他有色金属及合金
1093.HK,石药集团,35,医药卫生,3520,医药,352020,化学药,35202020,药品制剂
1094.HK,承辉国际,20,工业,2060,商业服务与用品,206010,商业服务与用品,20601040,贸易商
1097.HK,有线宽频,50,通信服务,5010,电信服务,501010,电信运营服务,50101010,电信运营服务
1098.HK,路劲,60,房地产,6010,房地产,601010,房地产开发与园区,60101010,房地产开发
1099.HK,国药控股,35,医药卫生,3510,医疗,351020,医疗商业与服务,35102020,医药商业
1100.HK,飞达控股,25,可选消费,2530,纺织服装与珠宝,253010,纺织服装,25301030,鞋帽与配饰
1101.HK,华荣能源,10,能源,1010,能源,101020,石油与天然气,10102020,燃油炼制
1102.HK,环能国际,20,工业,2060,商业服务与用品,206010,商业服务与用品,20601040,贸易商
1104.HK,亚太资源,20,工业,2060,商业服务与用品,206010,商业服务与用品,20601040,贸易商
1105.HK,星岛,50,通信服务,5030,传媒,503020,文化娱乐,50302030,出版
1107.HK,当代置业,60,房地产,6010,房地产,601010,房地产开发与园区,60101010,房地产开发
1108.HK,凯盛新能,20,工业,2030,电力设备,203010,发电设备,20301010,光伏设备
1109.HK,华润置地,60,房地产,6010,房地产,601010,房地产开发与园区,60101010,房地产开发
1110.HK,金活医药集团,35,医药卫生,3510,医疗,351020,医疗商业与服务,35102020,医药商业
1111.HK,华视集团控股,50,通信服务,5030,传媒,503010,营销与广告,50301020,其他广告营销
1112.HK,H&H国际控股,30,主要消费,3010,食品、饮料与烟草,301030,食品,30103050,其他食品
1113.HK,长实集团,60,房地产,6010,房地产,601010,房地产开发与园区,60101010,房地产开发
1114.HK,BRILLIANCE CHI,25,可选消费,2510,乘用车及零部件,251020,乘用车,25102010,乘用车
1115.HK,5100藏冰川,30,主要消费,3010,食品、饮料与烟草,301010,酒,30101020,啤酒
1116.HK,慧源同创科技,15,原材料,1530,钢铁,153010,钢铁,15301030,其他钢铁
1117.HK,现代牧业,30,主要消费,3010,食品、饮料与烟草,301030,食品,30103030,乳制品
1118.HK,高力集团,20,工业,2020,建筑装饰,202030,建筑产品,20203010,建筑产品
1119.HK,创梦天地,50,通信服务,5030,传媒,503020,文化娱乐,50302020,游戏
1120.HK,雅视光学,30,主要消费,3030,家庭与个人用品,303020,美容护理,30302010,美容护理
1121.HK,金阳新能源,25,可选消费,2530,纺织服装与珠宝,253010,纺织服装,25301030,鞋帽与配饰
1122.HK,庆铃汽车股份,20,工业,2040,机械制造,204030,交通运输设备,20403030,商用车
1123.HK,中港照相,25,可选消费,2550,零售业,255020,专营零售,25502010,专营零售
1124.HK,沿海家园,60,房地产,6010,房地产,601010,房地产开发与园区,60101010,房地产开发
1125.HK,丽丰控股,60,房地产,6010,房地产,601010,房地产开发与园区,60101010,房地产开发
1126.HK,德林国际,25,可选消费,2520,耐用消费品,252030,休闲设备与用品,25203010,休闲设备与用品
1127.HK,狮子山集团,20,工业,2060,商业服务与用品,206010,商业服务与用品,20601010,商业印刷
1128.HK,永利澳门,25,可选消费,2540,消费者服务,254010,休闲服务,25401060,博彩
1129.HK,中国水业集团,55,公用事业,5510,公用事业,551030,水务,55103010,水务
1130.HK,中国环境资源,25,可选消费,2510,乘用车及零部件,251040,汽车经销商与汽车服务,25104010,汽车经销商
1132.HK,橙天嘉禾,50,通信服务,5030,传媒,503020,文化娱乐,50302010,影视动漫
1133.HK,哈尔滨动力股份,20,工业,2030,电力设备,203010,发电设备,20301030,其他发电设备
1134.HK,恒发光学,30,主要消费,3030,家庭与个人用品,303020,美容护理,30302010,美容护理
1137.HK,香港科技探索,25,可选消费,2550,零售业,255040,互联网零售,25504010,互联网零售
1138.HK,中远海能,20,工业,2070,交通运输,207010,运输业,20701040,航运
1140.HK,华科智能投资,40,金融,4030,资本市场,403020,其他资本市场,40302010,资产管理
1141.HK,民银资本,40,金融,4030,资本市场,403020,其他资本市场,40302030,其他资本市场
1142.HK,能源及能量环球,20,工业,2060,商业服务与用品,206010,商业服务与用品,20601040,贸易商
1143.HK,中国储能科技发展,45,信息技术,4520,电子,452010,电子终端及组件,45201030,消费电子组件及零部件
1145.HK,勇利投资,20,工业,2070,交通运输,207010,运输业,20701040,航运
1146.HK,汇成国际控股,25,可选消费,2530,纺织服装与珠宝,253010,纺织服装,25301020,服装
1147.HK,伊登软件,45,信息技术,4510,计算机,451020,信息技术服务,45102030,其他IT与互联网服务
1148.HK,新晨动力,25,可选消费,2510,乘用车及零部件,251010,汽车零部件与轮胎,25101010,汽车系统部件
1150.HK,米兰站,25,可选消费,2550,零售业,255020,专营零售,25502010,专营零售
1152.HK,正乾金融控股,20,工业,2060,商业服务与用品,206010,商业服务与用品,20601040,贸易商
1153.HK,佳源服务,60,房地产,6010,房地产,601020,房地产管理与服务,60102010,房地产管理
1156.HK,CHINANEWENERGY,20,工业,2040,机械制造,204020,专用机械,20402030,化工机械
1157.HK,中联重科,20,工业,2040,机械制造,204020,专用机械,20402010,工程机械
1159.HK,智数科技集团,50,通信服务,5030,传媒,503020,文化娱乐,50302010,影视动漫
1160.HK,金石资本集团,40,金融,4030,资本市场,403020,其他资本市场,40302010,资产管理
1161.HK,奥思集团,35,医药卫生,3510,医疗,351020,医疗商业与服务,35102010,医疗服务
1162.HK,莹岚集团,20,工业,2020,建筑装饰,202020,建筑装修,20202010,建筑装修
1163.HK,虎视传媒,50,通信服务,5030,传媒,503010,营销与广告,50301010,数字营销
1164.HK,中广核矿业,15,原材料,1520,有色金属,152040,其他有色金属及合金,15204020,其他有色金属及合金
1165.HK,顺风清洁能源,55,公用事业,5510,公用事业,551010,电力及电网,55101050,光伏发电
1166.HK,星凯控股,20,工业,2030,电力设备,203020,电网设备,20302040,线缆及其他
1167.HK,加科思-B,35,医药卫生,3520,医药,352010,生物药品,35201030,其他生物药品
1168.HK,Z FIN,60,房地产,6010,房地产,601020,房地产管理与服务,60102020,房地产服务
1170.HK,信星集团,25,可选消费,2530,纺织服装与珠宝,253010,纺织服装,25301030,鞋帽与配饰
1171.HK,兖矿能源,10,能源,1010,能源,101030,煤炭,10103010,煤炭
1172.HK,融太集团,60,房地产,6010,房地产,601010,房地产开发与园区,60101010,房地产开发
1173.HK,威高国际,25,可选消费,2530,纺织服装与珠宝,253010,纺织服装,25301020,服装
1176.HK,珠光控股,60,房地产,6010,房地产,601020,房地产管理与服务,60102010,房地产管理
1177.HK,中国生物制药,35,医药卫生,3520,医药,352020,化学药,35202020,药品制剂
1179.HK,华住集团-S,25,可选消费,2540,消费者服务,254010,休闲服务,25401030,酒店
1180.HK,汇彩控股,25,可选消费,2540,消费者服务,254010,休闲服务,25401060,博彩
1181.HK,唐宫中国,25,可选消费,2540,消费者服务,254010,休闲服务,25401040,餐饮服务
1182.HK,胜龙国际,15,原材料,1520,有色金属,152020,贵金属,15202010,黄金
1183.HK,澳能建设,20,工业,2020,建筑装饰,202010,建筑与工程,20201040,专业工程
1184.HK,S.A.S. DRAGON,20,工业,2060,商业服务与用品,206010,商业服务与用品,20601040,贸易商
1186.HK,中国铁建,20,工业,2020,建筑装饰,202010,建筑与工程,20201020,基础设施建设
1188.HK,正道集团,25,可选消费,2510,乘用车及零部件,251010,汽车零部件与轮胎,25101030,汽车电子
1193.HK,华润燃气,55,公用事业,5510,公用事业,551020,燃气,55102010,燃气
1195.HK,京维集团,60,房地产,6010,房地产,601020,房地产管理与服务,60102010,房地产管理
1196.HK,伟禄集团,20,工业,2050,环保,205020,节能与生态修复,20502010,节能与资源回收
1198.HK,皇朝家居,25,可选消费,2520,耐用消费品,252020,家居,25202010,家具
1199.HK,中远海运港口,20,工业,2070,交通运输,207020,交通基本设施,20702020,港口
1200.HK,美联集团,60,房地产,6010,房地产,601020,房地产管理与服务,60102020,房地产服务
1201.HK,天臣控股,20,工业,2030,电力设备,203030,储能设备,20303010,电池
1202.HK,四威科技,50,通信服务,5020,通信设备及技术服务,502010,通信设备,50201020,通信系统设备及组件
1203.HK,广南（集团）,25,可选消费,2550,零售业,255010,一般零售,25501020,超市与便利店
1204.HK,博维智慧,45,信息技术,4510,计算机,451020,信息技术服务,45102030,其他IT与互联网服务
1205.HK,中信资源,40,金融,4020,其他金融,402010,其他金融服务,40201010,多领域投资
1206.HK,同方泰德,45,信息技术,4510,计算机,451020,信息技术服务,45102010,系统集成服务
1208.HK,五矿资源,15,原材料,1520,有色金属,152010,工业金属,15201010,铜
1209.HK,华润万象生活,60,房地产,6010,房地产,601020,房地产管理与服务,60102010,房地产管理
1211.HK,比亚迪股份,25,可选消费,2510,乘用车及零部件,251020,乘用车,25102010,乘用车
1213.HK,万保刚集团,20,工业,2060,商业服务与用品,206010,商业服务与用品,20601040,贸易商
1215.HK,开源控股,25,可选消费,2540,消费者服务,254010,休闲服务,25401030,酒店
1216.HK,中原银行,40,金融,4010,银行,401010,商业银行,40101020,区域性银行
1217.HK,中国创新投资,40,金融,4030,资本市场,403020,其他资本市场,40302010,资产管理
1218.HK,永义国际,60,房地产,6010,房地产,601020,房地产管理与服务,60102020,房地产服务
1220.HK,志道国际,20,工业,2020,建筑装饰,202010,建筑与工程,20201020,基础设施建设
1221.HK,SINO HOTELS,25,可选消费,2540,消费者服务,254010,休闲服务,25401030,酒店
1222.HK,WANG ON GROUP,60,房地产,6010,房地产,601010,房地产开发与园区,60101010,房地产开发
1223.HK,新沣集团,25,可选消费,2530,纺织服装与珠宝,253010,纺织服装,25301030,鞋帽与配饰
1224.HK,中渝置地,60,房地产,6010,房地产,601020,房地产管理与服务,60102020,房地产服务
1225.HK,隆成金融,40,金融,4020,其他金融,402020,消费信贷,40202010,消费信贷
1226.HK,中国投融资,40,金融,4030,资本市场,403020,其他资本市场,40302010,资产管理
1228.HK,北海康成-B,35,医药卫生,3520,医药,352010,生物药品,35201030,其他生物药品
1229.HK,南南资源,10,能源,1010,能源,101030,煤炭,10103010,煤炭
1231.HK,新矿资源,20,工业,2060,商业服务与用品,206010,商业服务与用品,20601040,贸易商
1232.HK,金轮天地控股,60,房地产,6010,房地产,601010,房地产开发与园区,60101010,房地产开发
1233.HK,时代中国控股,60,房地产,6010,房地产,601010,房地产开发与园区,60101010,房地产开发
1234.HK,中国利郎,25,可选消费,2530,纺织服装与珠宝,253010,纺织服装,25301020,服装
1235.HK,专业旅运,25,可选消费,2540,消费者服务,254010,休闲服务,25401020,旅游服务
1237.HK,中科生物,15,原材料,1550,造纸与包装,155020,纸类与林业产品,15502010,林业产品
1238.HK,宝龙地产,60,房地产,6010,房地产,601010,房地产开发与园区,60101010,房地产开发
1239.HK,TEAMWAY INTL GP,15,原材料,1550,造纸与包装,155010,容器与包装,15501010,金属、玻璃与塑料包装
1240.HK,青建国际,20,工业,2020,建筑装饰,202010,建筑与工程,20201010,房屋建设
1241.HK,双桦控股,20,工业,2070,交通运输,207010,运输业,20701020,物流综合
1243.HK,宏安地产,60,房地产,6010,房地产,601010,房地产开发与园区,60101010,房地产开发
1244.HK,3D MEDICINES,35,医药卫生,3520,医药,352010,生物药品,35201030,其他生物药品
1245.HK,NIRAKU,25,可选消费,2540,消费者服务,254010,休闲服务,25401060,博彩
1246.HK,保集健康,60,房地产,6010,房地产,601010,房地产开发与园区,60101010,房地产开发
1247.HK,米格国际控股,25,可选消费,2530,纺织服装与珠宝,253010,纺织服装,25301020,服装
1250.HK,山高新能源,55,公用事业,5510,公用事业,551010,电力及电网,55101050,光伏发电
1251.HK,华油能源,10,能源,1010,能源,101010,油气开采与油田服务,10101010,油气开采
1252.HK,中国天瑞水泥,15,原材料,1540,非金属材料,154010,建筑材料,15401010,水泥与混凝土
1253.HK,绿博生态,20,工业,2020,建筑装饰,202010,建筑与工程,20201030,园林工程
1255.HK,TATA健康,25,可选消费,2550,零售业,255020,专营零售,25502010,专营零售
1257.HK,中国光大绿色环保,55,公用事业,5510,公用事业,551010,电力及电网,55101060,其他能源发电
1258.HK,中国有色矿业,15,原材料,1520,有色金属,152010,工业金属,15201010,铜
1259.HK,未来发展控股,25,可选消费,2540,消费者服务,254010,休闲服务,25401040,餐饮服务
1260.HK,皓天财经集团,50,通信服务,5030,传媒,503010,营销与广告,50301020,其他广告营销
1262.HK,蜡笔小新食品,30,主要消费,3010,食品、饮料与烟草,301030,食品,30103040,休闲食品
1265.HK,天津津燃公用,55,公用事业,5510,公用事业,551020,燃气,55102010,燃气
1268.HK,美东汽车,25,可选消费,2510,乘用车及零部件,251040,汽车经销商与汽车服务,25104010,汽车经销商
1269.HK,首控集团,25,可选消费,2510,乘用车及零部件,251010,汽车零部件与轮胎,25101010,汽车系统部件
1270.HK,朗廷-SS,25,可选消费,2540,消费者服务,254010,休闲服务,25401030,酒店
1271.HK,佳明集团控股,60,房地产,6010,房地产,601020,房地产管理与服务,60102020,房地产服务
1272.HK,大唐环境,20,工业,2050,环保,205010,污染治理,20501030,烟气治理
1273.HK,香港信贷,40,金融,4020,其他金融,402020,消费信贷,40202010,消费信贷
1274.HK,知行科技,25,可选消费,2510,乘用车及零部件,251010,汽车零部件与轮胎,25101030,汽车电子
1276.HK,恒瑞医药,35,医药卫生,3520,医药,352020,化学药,35202020,药品制剂
1277.HK,力量发展,10,能源,1010,能源,101030,煤炭,10103010,煤炭
1278.HK,中国新城镇,60,房地产,6010,房地产,601020,房地产管理与服务,60102020,房地产服务
1280.HK,奇点国峰,25,可选消费,2550,零售业,255020,专营零售,25502010,专营零售
1281.HK,鑫达投资控股,55,公用事业,5510,公用事业,551010,电力及电网,55101050,光伏发电
1282.HK,中泽丰,60,房地产,6010,房地产,601010,房地产开发与园区,60101010,房地产开发
1283.HK,高升集团控股,20,工业,2020,建筑装饰,202020,建筑装修,20202010,建筑装修
1284.HK,新传企划,50,通信服务,5030,传媒,503010,营销与广告,50301010,数字营销
1285.HK,嘉士利集团,30,主要消费,3010,食品、饮料与烟草,301030,食品,30103040,休闲食品
1286.HK,鹰普精密,20,工业,2040,机械制造,204010,通用机械,20401070,其他通用机械
1288.HK,农业银行,40,金融,4010,银行,401010,商业银行,40101010,综合性银行
1289.HK,盛立达科技,20,工业,2040,机械制造,204020,专用机械,20402080,其他专用机械
1290.HK,中国汇融,40,金融,4020,其他金融,402020,消费信贷,40202010,消费信贷
1292.HK,长安民生物流,20,工业,2070,交通运输,207010,运输业,20701020,物流综合
1293.HK,广汇宝信,25,可选消费,2510,乘用车及零部件,251040,汽车经销商与汽车服务,25104010,汽车经销商
1298.HK,云能国际,35,医药卫生,3510,医疗,351020,医疗商业与服务,35102020,医药商业
1299.HK,友邦保险,40,金融,4040,保险,404010,保险,40401010,人寿与健康保险
1301.HK,德基科技控股,20,工业,2040,机械制造,204020,专用机械,20402010,工程机械
1302.HK,先健科技,35,医药卫生,3510,医疗,351010,医疗器械,35101020,医疗耗材
1303.HK,汇力资源,20,工业,2060,商业服务与用品,206010,商业服务与用品,20601040,贸易商
1304.HK,FORTIOR,45,信息技术,4530,半导体,453010,集成电路,45301010,集成电路设计
1305.HK,伟志控股,45,信息技术,4520,电子,452030,光学光电子,45203020,LED
1308.HK,海丰国际,20,工业,2070,交通运输,207010,运输业,20701040,航运
1310.HK,香港宽频,50,通信服务,5010,电信服务,501010,电信运营服务,50101010,电信运营服务
1312.HK,华控康泰,35,医药卫生,3520,医药,352020,化学药,35202020,药品制剂
1313.HK,华润建材科技,15,原材料,1540,非金属材料,154010,建筑材料,15401010,水泥与混凝土
1314.HK,翠华控股,25,可选消费,2540,消费者服务,254010,休闲服务,25401040,餐饮服务
1315.HK,绿色经济,20,工业,2060,商业服务与用品,206010,商业服务与用品,20601040,贸易商
1316.HK,耐世特,25,可选消费,2510,乘用车及零部件,251010,汽车零部件与轮胎,25101010,汽车系统部件
1317.HK,枫叶教育,25,可选消费,2540,消费者服务,254020,教育服务,25402010,学历教育
1318.HK,毛戈平,30,主要消费,3030,家庭与个人用品,303020,美容护理,30302010,美容护理
1319.HK,霭华押业信贷,40,金融,4010,银行,401020,抵押信贷机构,40102010,抵押信贷机构
1321.HK,中国新城市,60,房地产,6010,房地产,601010,房地产开发与园区,60101010,房地产开发
1323.HK,华盛国际控股,15,原材料,1540,非金属材料,154010,建筑材料,15401010,水泥与混凝土
1326.HK,传递娱乐,50,通信服务,5030,传媒,503020,文化娱乐,50302010,影视动漫
1327.HK,励时集团,25,可选消费,2530,纺织服装与珠宝,253020,珠宝与奢侈品,25302010,珠宝与奢侈品
1328.HK,金涌投资,40,金融,4030,资本市场,403020,其他资本市场,40302010,资产管理
1330.HK,绿色动力环保,20,工业,2050,环保,205010,污染治理,20501010,固废处理
1332.HK,透云生物,15,原材料,1550,造纸与包装,155010,容器与包装,15501020,纸材料包装
1333.HK,博雷顿,20,工业,2040,机械制造,204020,专用机械,20402010,工程机械
1334.HK,瑞昌国际控股,20,工业,2040,机械制造,204020,专用机械,20402030,化工机械
1335.HK,顺泰控股,55,公用事业,5510,公用事业,551010,电力及电网,55101050,光伏发电
1336.HK,新华保险,40,金融,4040,保险,404010,保险,40401010,人寿与健康保险
1338.HK,霸王集团,30,主要消费,3030,家庭与个人用品,303020,美容护理,30302010,美容护理
1339.HK,中国人民保险集团,40,金融,4040,保险,404010,保险,40401030,财产与意外伤害保险
1340.HK,惠生国际,30,主要消费,3010,食品、饮料与烟草,301030,食品,30103010,肉制品
1341.HK,昊天国际建设,20,工业,2060,商业服务与用品,206010,商业服务与用品,20601050,其他商业服务与用品
1343.HK,伟源控股,20,工业,2020,建筑装饰,202010,建筑与工程,20201020,基础设施建设
1345.HK,上海先锋控股,35,医药卫生,3510,医疗,351020,医疗商业与服务,35102020,医药商业
1346.HK,利华控股集团,25,可选消费,2530,纺织服装与珠宝,253010,纺织服装,25301020,服装
1347.HK,华虹半导体,45,信息技术,4530,半导体,453010,集成电路,45301020,集成电路制造
1348.HK,滉达富控股,25,可选消费,2520,耐用消费品,252030,休闲设备与用品,25203010,休闲设备与用品
1349.HK,复旦张江,35,医药卫生,3520,医药,352020,化学药,35202020,药品制剂
1351.HK,辉煌明天,50,通信服务,5030,传媒,503010,营销与广告,50301010,数字营销
1354.HK,经发物业,60,房地产,6010,房地产,601020,房地产管理与服务,60102010,房地产管理
1355.HK,朸浚国际,25,可选消费,2540,消费者服务,254010,休闲服务,25401030,酒店
1357.HK,美图公司,45,信息技术,4510,计算机,451010,软件开发,45101010,通用软件
1358.HK,普华和顺,35,医药卫生,3510,医疗,351010,医疗器械,35101020,医疗耗材
1359.HK,中国信达,40,金融,4030,资本市场,403020,其他资本市场,40302010,资产管理
1361.HK,361度,25,可选消费,2530,纺织服装与珠宝,253010,纺织服装,25301020,服装
1362.HK,新龙移动,25,可选消费,2550,零售业,255020,专营零售,25502010,专营零售
1364.HK,古茗,25,可选消费,2540,消费者服务,254010,休闲服务,25401040,餐饮服务
1368.HK,特步国际,25,可选消费,2530,纺织服装与珠宝,253010,纺织服装,25301030,鞋帽与配饰
1370.HK,奥威控股,15,原材料,1530,钢铁,153010,钢铁,15301030,其他钢铁
1371.HK,中国生态旅游,20,工业,2040,机械制造,204020,专用机械,20402080,其他专用机械
1372.HK,中国碳中和,20,工业,2020,建筑装饰,202010,建筑与工程,20201020,基础设施建设
1373.HK,国际家居零售,25,可选消费,2550,零售业,255020,专营零售,25502010,专营零售
1375.HK,中州证券,40,金融,4030,资本市场,403010,证券公司,40301010,证券公司
1376.HK,RAFFLESINTERIOR,20,工业,2020,建筑装饰,202020,建筑装修,20202010,建筑装修
1378.HK,中国宏桥,15,原材料,1520,有色金属,152010,工业金属,15201020,铝
1379.HK,温岭工量刃具,20,工业,2060,商业服务与用品,206010,商业服务与用品,20601020,市场服务
1380.HK,中国金石,20,工业,2020,建筑装饰,202030,建筑产品,20203010,建筑产品
1382.HK,互太纺织,25,可选消费,2530,纺织服装与珠宝,253010,纺织服装,25301010,纺织品
1384.HK,滴普科技,45,信息技术,4510,计算机,451010,软件开发,45101010,通用软件
1385.HK,上海复旦,45,信息技术,4530,半导体,453010,集成电路,45301010,集成电路设计
1388.HK,安莉芳控股,25,可选消费,2530,纺织服装与珠宝,253010,纺织服装,25301020,服装
1389.HK,美捷汇控股,25,可选消费,2550,零售业,255020,专营零售,25502010,专营零售
1393.HK,恒鼎实业,10,能源,1010,能源,101030,煤炭,10103020,焦炭
1395.HK,强泰环保,20,工业,2050,环保,205010,污染治理,20501020,污水处理
1396.HK,粤港湾控股,60,房地产,6010,房地产,601010,房地产开发与园区,60101010,房地产开发
1397.HK,碧瑶绿色集团,20,工业,2060,商业服务与用品,206010,商业服务与用品,20601050,其他商业服务与用品
1398.HK,工商银行,40,金融,4010,银行,401010,商业银行,40101010,综合性银行
1399.HK,锐信控股,20,工业,2030,电力设备,203030,储能设备,20303010,电池
1400.HK,满地科技股份,25,可选消费,2550,零售业,255020,专营零售,25502010,专营零售
1401.HK,未来机器有限公司,45,信息技术,4520,电子,452010,电子终端及组件,45201020,消费电子终端
1402.HK,超智能控股,45,信息技术,4510,计算机,451020,信息技术服务,45102010,系统集成服务
1405.HK,达势股份,25,可选消费,2540,消费者服务,254010,休闲服务,25401040,餐饮服务
1406.HK,清晰医疗,35,医药卫生,3510,医疗,351020,医疗商业与服务,35102010,医疗服务
1407.HK,交运燃气,55,公用事业,5510,公用事业,551020,燃气,55102010,燃气
1408.HK,濠江机电,20,工业,2020,建筑装饰,202020,建筑装修,20202010,建筑装修
1410.HK,安领国际,45,信息技术,4510,计算机,451020,信息技术服务,45102030,其他IT与互联网服务
1412.HK,隽思集团,15,原材料,1550,造纸与包装,155020,纸类与林业产品,15502020,纸制品
1413.HK,铸帝控股,20,工业,2020,建筑装饰,202010,建筑与工程,20201040,专业工程
1415.HK,高伟电子,45,信息技术,4520,电子,452030,光学光电子,45203030,光学元件
1416.HK,CTR HOLDINGS,20,工业,2020,建筑装饰,202010,建筑与工程,20201010,房屋建设
1417.HK,浦江中国,60,房地产,6010,房地产,601020,房地产管理与服务,60102010,房地产管理
1418.HK,盛诺集团,25,可选消费,2520,耐用消费品,252020,家居,25202010,家具
1419.HK,盈健医疗,35,医药卫生,3510,医疗,351020,医疗商业与服务,35102010,医疗服务
1420.HK,川控股,20,工业,2020,建筑装饰,202010,建筑与工程,20201010,房屋建设
1421.HK,恒昌集团国际,20,工业,2030,电力设备,203020,电网设备,20302030,配电设备
1425.HK,捷隆控股,25,可选消费,2530,纺织服装与珠宝,253010,纺织服装,25301020,服装
1426.HK,春泉产业信托,60,房地产,6010,房地产,601030,房地产投资信托(REITs),60103010,房地产投资信托(REITs)
1427.HK,中国天保集团,20,工业,2020,建筑装饰,202010,建筑与工程,20201020,基础设施建设
1428.HK,耀才证券金融,40,金融,4030,资本市场,403010,证券公司,40301010,证券公司
1429.HK,天任集团,20,工业,2020,建筑装饰,202010,建筑与工程,20201010,房屋建设
1431.HK,原生态牧业,30,主要消费,3010,食品、饮料与烟草,301030,食品,30103030,乳制品
1432.HK,中国圣牧,30,主要消费,3010,食品、饮料与烟草,301030,食品,30103030,乳制品
1433.HK,常达控股,25,可选消费,2530,纺织服装与珠宝,253010,纺织服装,25301020,服装
1440.HK,STAR SHINE HLDG,25,可选消费,2530,纺织服装与珠宝,253010,纺织服装,25301030,鞋帽与配饰
1442.HK,INFINITY L&T,20,工业,2070,交通运输,207010,运输业,20701020,物流综合
1443.HK,富临集团控股,25,可选消费,2540,消费者服务,254010,休闲服务,25401040,餐饮服务
1446.HK,鸿福堂,30,主要消费,3010,食品、饮料与烟草,301020,软饮料,30102010,软饮料
1447.HK,新福港,20,工业,2020,建筑装饰,202010,建筑与工程,20201010,房屋建设
1448.HK,福寿园,25,可选消费,2540,消费者服务,254030,其他消费者服务,25403010,其他消费者服务
1449.HK,立德教育,25,可选消费,2540,消费者服务,254020,教育服务,25402010,学历教育
1450.HK,交个朋友控股,50,通信服务,5030,传媒,503010,营销与广告,50301010,数字营销
1451.HK,万成集团股份,30,主要消费,3030,家庭与个人用品,303010,家庭用品,30301010,家庭用品
1452.HK,迪诺斯环保,20,工业,2050,环保,205010,污染治理,20501030,烟气治理
1455.HK,科利实业控股,25,可选消费,2520,耐用消费品,252010,家用电器,25201030,小家电
1456.HK,国联民生,40,金融,4030,资本市场,403010,证券公司,40301010,证券公司
1458.HK,周黑鸭,30,主要消费,3010,食品、饮料与烟草,301030,食品,30103040,休闲食品
1459.HK,巨匠建设,20,工业,2020,建筑装饰,202010,建筑与工程,20201010,房屋建设
1460.HK,扬科集团,45,信息技术,4510,计算机,451020,信息技术服务,45102010,系统集成服务
1461.HK,中泰期货,40,金融,4030,资本市场,403020,其他资本市场,40302030,其他资本市场
1463.HK,C-LINK SQ,20,工业,2060,商业服务与用品,206010,商业服务与用品,20601050,其他商业服务与用品
1466.HK,佰金生命科学,25,可选消费,2530,纺织服装与珠宝,253020,珠宝与奢侈品,25302010,珠宝与奢侈品
1468.HK,嘉高达资本,40,金融,4020,其他金融,402010,其他金融服务,40201030,其他综合性金融服务
1470.HK,富一国际控股,15,原材料,1510,化工,151010,农用化工,15101030,复合肥
1471.HK,众淼控股,40,金融,4040,保险,404010,保险,40401050,保险经纪商
1472.HK,生兴控股,20,工业,2020,建筑装饰,202010,建筑与工程,20201020,基础设施建设
1473.HK,环联连讯,50,通信服务,5020,通信设备及技术服务,502010,通信设备,50201020,通信系统设备及组件
1475.HK,日清食品,30,主要消费,3010,食品、饮料与烟草,301030,食品,30103050,其他食品
1476.HK,金融街证券,40,金融,4030,资本市场,403010,证券公司,40301010,证券公司
1477.HK,欧康维视生物-B,35,医药卫生,3520,医药,352020,化学药,35202020,药品制剂
1478.HK,丘钛科技,45,信息技术,4520,电子,452030,光学光电子,45203030,光学元件
1480.HK,恩达集团控股,45,信息技术,4520,电子,452020,电子元件,45202010,印制电路板
1481.HK,竣球控股,20,工业,2060,商业服务与用品,206010,商业服务与用品,20601010,商业印刷
1483.HK,网誉科技,55,公用事业,5510,公用事业,551040,市政环卫,55104010,市政环卫
1486.HK,思城控股,20,工业,2020,建筑装饰,202010,建筑与工程,20201050,建筑设计及服务
1488.HK,百福控股,25,可选消费,2540,消费者服务,254010,休闲服务,25401040,餐饮服务
1489.HK,GC CONSTRUCTION,20,工业,2020,建筑装饰,202020,建筑装修,20202010,建筑装修
1490.HK,车市科技,50,通信服务,5030,传媒,503010,营销与广告,50301010,数字营销
1491.HK,贝特集团控股,25,可选消费,2520,耐用消费品,252020,家居,25202020,其他家居
1496.HK,亚积邦租赁,20,工业,2060,商业服务与用品,206010,商业服务与用品,20601050,其他商业服务与用品
1497.HK,燕之屋,30,主要消费,3010,食品、饮料与烟草,301030,食品,30103050,其他食品
1498.HK,培力农本方,35,医药卫生,3520,医药,352030,中药,35203020,中成药
1499.HK,欧科云链,20,工业,2020,建筑装饰,202010,建筑与工程,20201040,专业工程
1500.HK,现恒建筑,20,工业,2020,建筑装饰,202010,建筑与工程,20201040,专业工程
1501.HK,瑛泰医疗,35,医药卫生,3510,医疗,351010,医疗器械,35101020,医疗耗材
1502.HK,金融街物业,60,房地产,6010,房地产,601020,房地产管理与服务,60102010,房地产管理
1503.HK,招商局商业房托,60,房地产,6010,房地产,601030,房地产投资信托(REITs),60103010,房地产投资信托(REITs)
1508.HK,中国再保险,40,金融,4040,保险,404010,保险,40401040,再保险
1513.HK,丽珠医药,35,医药卫生,3520,医药,352020,化学药,35202020,药品制剂
1515.HK,华润医疗,35,医药卫生,3510,医疗,351020,医疗商业与服务,35102010,医疗服务
1516.HK,融创服务,60,房地产,6010,房地产,601020,房地产管理与服务,60102010,房地产管理
1518.HK,新世纪医疗,35,医药卫生,3510,医疗,351020,医疗商业与服务,35102010,医疗服务
1519.HK,极兔速递-W,20,工业,2070,交通运输,207010,运输业,20701010,快递
1520.HK,天机控股,25,可选消费,2530,纺织服装与珠宝,253010,纺织服装,25301020,服装
1521.HK,方达控股,35,医药卫生,3520,医药,352040,制药与生物科技服务,35204010,制药与生物科技服务
1522.HK,京投交通科技,45,信息技术,4510,计算机,451020,信息技术服务,45102010,系统集成服务
1523.HK,珩湾科技,50,通信服务,5020,通信设备及技术服务,502010,通信设备,50201020,通信系统设备及组件
1525.HK,建桥教育,25,可选消费,2540,消费者服务,254020,教育服务,25402010,学历教育
1526.HK,瑞慈医疗,35,医药卫生,3510,医疗,351020,医疗商业与服务,35102010,医疗服务
1527.HK,天洁环境,20,工业,2050,环保,205010,污染治理,20501030,烟气治理
1528.HK,红星美凯龙,20,工业,2060,商业服务与用品,206010,商业服务与用品,20601020,市场服务
1529.HK,乐氏国际控股,20,工业,2070,交通运输,207010,运输业,20701020,物流综合
1530.HK,三生制药,35,医药卫生,3520,医药,352010,生物药品,35201030,其他生物药品
1532.HK,中国派对文化,25,可选消费,2530,纺织服装与珠宝,253010,纺织服装,25301020,服装
1536.HK,煜荣集团,20,工业,2040,机械制造,204020,专用机械,20402010,工程机械
1538.HK,中奥到家,60,房地产,6010,房地产,601020,房地产管理与服务,60102010,房地产管理
1539.HK,知行集团控股,20,工业,2060,商业服务与用品,206010,商业服务与用品,20601040,贸易商
1540.HK,澳狮环球,20,工业,2060,商业服务与用品,206010,商业服务与用品,20601010,商业印刷
1541.HK,宜明昂科-B,35,医药卫生,3520,医药,352010,生物药品,35201030,其他生物药品
1542.HK,台州水务,55,公用事业,5510,公用事业,551030,水务,55103010,水务
1543.HK,中盈盛达融资担保,40,金融,4020,其他金融,402010,其他金融服务,40201020,特殊金融服务
1545.HK,设计都会,25,可选消费,2550,零售业,255020,专营零售,25502010,专营零售
1546.HK,德莱建业,20,工业,2020,建筑装饰,202020,建筑装修,20202010,建筑装修
1547.HK,IBI GROUP HLDGS,20,工业,2020,建筑装饰,202020,建筑装修,20202010,建筑装修
1548.HK,金斯瑞生物科技,35,医药卫生,3520,医药,352040,制药与生物科技服务,35204010,制药与生物科技服务
1549.HK,永丰集团控股,20,工业,2070,交通运输,207010,运输业,20701040,航运
1551.HK,广州农商银行,40,金融,4010,银行,401010,商业银行,40101020,区域性银行
1552.HK,BHCC HOLDING,20,工业,2020,建筑装饰,202010,建筑与工程,20201010,房屋建设
1553.HK,迈科管业,15,原材料,1530,钢铁,153010,钢铁,15301030,其他钢铁
1555.HK,ＭＩ能源,10,能源,1010,能源,101020,石油与天然气,10102020,燃油炼制
1556.HK,建业建荣,20,工业,2020,建筑装饰,202010,建筑与工程,20201040,专业工程
1557.HK,剑虹集团控股,20,工业,2020,建筑装饰,202010,建筑与工程,20201040,专业工程
1559.HK,均安控股,20,工业,2020,建筑装饰,202010,建筑与工程,20201020,基础设施建设
1560.HK,星星集团,60,房地产,6010,房地产,601010,房地产开发与园区,60101010,房地产开发
1561.HK,联洋智能控股,45,信息技术,4510,计算机,451020,信息技术服务,45102030,其他IT与互联网服务
1563.HK,友联国际教育租赁,25,可选消费,2540,消费者服务,254020,教育服务,25402010,学历教育
1565.HK,成实外教育,25,可选消费,2540,消费者服务,254020,教育服务,25402010,学历教育
1566.HK,华夏文化科技,50,通信服务,5030,传媒,503020,文化娱乐,50302010,影视动漫
1568.HK,承达集团,20,工业,2020,建筑装饰,202020,建筑装修,20202010,建筑装修
1569.HK,民生教育,25,可选消费,2540,消费者服务,254020,教育服务,25402010,学历教育
1570.HK,伟业控股,60,房地产,6010,房地产,601010,房地产开发与园区,60101010,房地产开发
1571.HK,信邦控股,25,可选消费,2510,乘用车及零部件,251010,汽车零部件与轮胎,25101020,汽车内饰与外饰
1572.HK,中国艺术金融,40,金融,4020,其他金融,402020,消费信贷,40202010,消费信贷
1575.HK,皇庭智家,25,可选消费,2520,耐用消费品,252020,家居,25202010,家具
1576.HK,齐鲁高速,20,工业,2070,交通运输,207020,交通基本设施,20702040,高速公路
1577.HK,汇鑫小贷,40,金融,4020,其他金融,402010,其他金融服务,40201020,特殊金融服务
1578.HK,天津银行,40,金融,4010,银行,401010,商业银行,40101020,区域性银行
1579.HK,颐海国际,30,主要消费,3010,食品、饮料与烟草,301030,食品,30103020,调味品与食用油
1580.HK,大森控股,15,原材料,1550,造纸与包装,155020,纸类与林业产品,15502010,林业产品
1581.HK,进昇集团控股,20,工业,2020,建筑装饰,202010,建筑与工程,20201020,基础设施建设
1582.HK,华营建筑,20,工业,2020,建筑装饰,202010,建筑与工程,20201010,房屋建设
1583.HK,亲亲食品,30,主要消费,3010,食品、饮料与烟草,301030,食品,30103040,休闲食品
1585.HK,雅迪控股,25,可选消费,2510,乘用车及零部件,251030,摩托车及其他,25103010,摩托车及其他
1586.HK,力鸿检验,20,工业,2060,商业服务与用品,206010,商业服务与用品,20601050,其他商业服务与用品
1587.HK,欣融国际,20,工业,2060,商业服务与用品,206010,商业服务与用品,20601040,贸易商
1588.HK,畅捷通,45,信息技术,4510,计算机,451020,信息技术服务,45102020,云计算服务
1591.HK,汛和集团,20,工业,2020,建筑装饰,202010,建筑与工程,20201040,专业工程
1592.HK,基石控股,20,工业,2020,建筑装饰,202030,建筑产品,20203010,建筑产品
1593.HK,辰林教育,25,可选消费,2540,消费者服务,254020,教育服务,25402010,学历教育
1596.HK,翼辰实业,20,工业,2040,机械制造,204030,交通运输设备,20403010,城轨铁路
1597.HK,纳泉能源科技,20,工业,2030,电力设备,203010,发电设备,20301020,风电设备
1598.HK,21世纪教育,25,可选消费,2540,消费者服务,254020,教育服务,25402010,学历教育
1599.HK,城建设计,20,工业,2020,建筑装饰,202010,建筑与工程,20201050,建筑设计及服务
1600.HK,天伦燃气,55,公用事业,5510,公用事业,551020,燃气,55102010,燃气
1601.HK,中关村科技租赁,40,金融,4020,其他金融,402010,其他金融服务,40201020,特殊金融服务
1606.HK,国银金租,40,金融,4020,其他金融,402010,其他金融服务,40201020,特殊金融服务
1608.HK,伟能集团,20,工业,2020,建筑装饰,202010,建筑与工程,20201020,基础设施建设
1610.HK,中粮家佳康,30,主要消费,3010,食品、饮料与烟草,301030,食品,30103010,肉制品
1611.HK,新火科技控股,40,金融,4020,其他金融,402010,其他金融服务,40201020,特殊金融服务
1612.HK,永胜医疗,35,医药卫生,3510,医疗,351010,医疗器械,35101010,医疗设备
1613.HK,协同通信,45,信息技术,4510,计算机,451020,信息技术服务,45102010,系统集成服务
1615.HK,奥邦建筑,20,工业,2020,建筑装饰,202020,建筑装修,20202010,建筑装修
1616.HK,一元宇宙,50,通信服务,5030,传媒,503020,文化娱乐,50302010,影视动漫
1617.HK,南方通信,50,通信服务,5020,通信设备及技术服务,502010,通信设备,50201020,通信系统设备及组件
1618.HK,中国中冶,20,工业,2020,建筑装饰,202010,建筑与工程,20201010,房屋建设
1620.HK,富盈环球集团,25,可选消费,2540,消费者服务,254010,休闲服务,25401020,旅游服务
1621.HK,域高国际控股,10,能源,1010,能源,101020,石油与天然气,10102040,油气流通及其他
1622.HK,力高集团,60,房地产,6010,房地产,601010,房地产开发与园区,60101010,房地产开发
1623.HK,海隆控股,10,能源,1010,能源,101010,油气开采与油田服务,10101020,油田服务
1626.HK,嘉耀控股,30,主要消费,3010,食品、饮料与烟草,301040,烟草,30104010,烟草
1627.HK,安保工程控股,20,工业,2020,建筑装饰,202010,建筑与工程,20201010,房屋建设
1628.HK,禹洲集团,60,房地产,6010,房地产,601010,房地产开发与园区,60101010,房地产开发
1629.HK,冠均国际控股,30,主要消费,3030,家庭与个人用品,303010,家庭用品,30301010,家庭用品
1630.HK,建成控股,20,工业,2020,建筑装饰,202010,建筑与工程,20201040,专业工程
1631.HK,REF HOLDINGS,20,工业,2060,商业服务与用品,206010,商业服务与用品,20601010,商业印刷
1632.HK,民商创科,45,信息技术,4510,计算机,451020,信息技术服务,45102030,其他IT与互联网服务
1633.HK,上谕集团,20,工业,2020,建筑装饰,202010,建筑与工程,20201040,专业工程
1635.HK,大众公用,55,公用事业,5510,公用事业,551020,燃气,55102010,燃气
1636.HK,中国金属利用,20,工业,2050,环保,205020,节能与生态修复,20502010,节能与资源回收
1637.HK,顺兴集团控股,20,工业,2020,建筑装饰,202020,建筑装修,20202010,建筑装修
1638.HK,佳兆业集团,60,房地产,6010,房地产,601010,房地产开发与园区,60101010,房地产开发
1640.HK,千循科技,50,通信服务,5030,传媒,503010,营销与广告,50301010,数字营销
1641.HK,红星冷链,20,工业,2070,交通运输,207010,运输业,20701020,物流综合
1643.HK,现代中药集团,35,医药卫生,3520,医药,352030,中药,35203020,中成药
1645.HK,海纳智能,20,工业,2040,机械制造,204020,专用机械,20402050,纺织服装机械
1647.HK,雄岸科技,20,工业,2020,建筑装饰,202020,建筑装修,20202010,建筑装修
1650.HK,HYGIEIA GROUP,20,工业,2060,商业服务与用品,206010,商业服务与用品,20601050,其他商业服务与用品
1651.HK,津上机床中国,20,工业,2040,机械制造,204010,通用机械,20401040,电动机与工控自动化
1652.HK,福森药业,35,医药卫生,3520,医药,352030,中药,35203020,中成药
1653.HK,MOS HOUSE,25,可选消费,2550,零售业,255020,专营零售,25502010,专营零售
1655.HK,OKURA HOLDINGS,25,可选消费,2540,消费者服务,254010,休闲服务,25401060,博彩
1656.HK,亿仕登控股,20,工业,2040,机械制造,204010,通用机械,20401040,电动机与工控自动化
1657.HK,桦欣控股,25,可选消费,2530,纺织服装与珠宝,253010,纺织服装,25301020,服装
1658.HK,邮储银行,40,金融,4010,银行,401010,商业银行,40101010,综合性银行
1660.HK,七元投资,60,房地产,6010,房地产,601020,房地产管理与服务,60102010,房地产管理
1661.HK,中国前沿科技集团,25,可选消费,2540,消费者服务,254010,休闲服务,25401070,其他休闲服务
1662.HK,义合控股,20,工业,2020,建筑装饰,202010,建筑与工程,20201040,专业工程
1663.HK,汉港控股,60,房地产,6010,房地产,601010,房地产开发与园区,60101010,房地产开发
1666.HK,同仁堂科技,35,医药卫生,3520,医药,352030,中药,35203020,中成药
1667.HK,迪米生活控股,20,工业,2020,建筑装饰,202020,建筑装修,20202010,建筑装修
1668.HK,华南城,60,房地产,6010,房地产,601010,房地产开发与园区,60101010,房地产开发
1669.HK,环球信贷集团,40,金融,4010,银行,401020,抵押信贷机构,40102010,抵押信贷机构
1671.HK,天保能源,55,公用事业,5510,公用事业,551050,供热及其他,55105010,供热及其他
1672.HK,歌礼制药-B,35,医药卫生,3520,医药,352010,生物药品,35201030,其他生物药品
1673.HK,华章科技,20,工业,2040,机械制造,204020,专用机械,20402040,印刷包装机械
1675.HK,亚信科技,45,信息技术,4510,计算机,451010,软件开发,45101020,行业应用软件
1676.HK,高地股份,25,可选消费,2550,零售业,255010,一般零售,25501020,超市与便利店
1679.HK,瑞斯康集团,45,信息技术,4530,半导体,453020,分立器件,45302010,分立器件
1680.HK,澳门励骏,25,可选消费,2540,消费者服务,254010,休闲服务,25401060,博彩
1681.HK,康臣药业,35,医药卫生,3520,医药,352030,中药,35203020,中成药
1682.HK,杭品生活科技,25,可选消费,2530,纺织服装与珠宝,253010,纺织服装,25301020,服装
1683.HK,旷逸国际,25,可选消费,2550,零售业,255020,专营零售,25502010,专营零售
1685.HK,博耳电力,20,工业,2030,电力设备,203020,电网设备,20302010,电网自动化
1686.HK,新意网集团,50,通信服务,5020,通信设备及技术服务,502020,数据中心,50202010,数据中心
1689.HK,华禧控股,15,原材料,1550,造纸与包装,155010,容器与包装,15501020,纸材料包装
1690.HK,立基工程控股,20,工业,2020,建筑装饰,202020,建筑装修,20202010,建筑装修
1691.HK,JS环球生活,25,可选消费,2520,耐用消费品,252010,家用电器,25201030,小家电
1692.HK,登辉控股,25,可选消费,2520,耐用消费品,252010,家用电器,25201030,小家电
1693.HK,璋利国际,20,工业,2020,建筑装饰,202010,建筑与工程,20201010,房屋建设
1695.HK,椰丰集团,30,主要消费,3010,食品、饮料与烟草,301020,软饮料,30102010,软饮料
1696.HK,复锐医疗科技,35,医药卫生,3510,医疗,351010,医疗器械,35101010,医疗设备
1697.HK,山东国信,40,金融,4030,资本市场,403020,其他资本市场,40302010,资产管理
1698.HK,腾讯音乐-SW,50,通信服务,5030,传媒,503030,数字媒体,50303010,音频媒体
1701.HK,途屹控股,25,可选消费,2540,消费者服务,254010,休闲服务,25401020,旅游服务
1702.HK,东光化工,15,原材料,1510,化工,151010,农用化工,15101010,氮肥
1703.HK,维力生活科技,25,可选消费,2540,消费者服务,254010,休闲服务,25401040,餐饮服务
1705.HK,宝仕国际,25,可选消费,2540,消费者服务,254010,休闲服务,25401040,餐饮服务
1707.HK,致浩达控股,20,工业,2020,建筑装饰,202010,建筑与工程,20201040,专业工程
1708.HK,三宝科技,45,信息技术,4510,计算机,451020,信息技术服务,45102010,系统集成服务
1709.HK,德林控股,40,金融,4030,资本市场,403010,证券公司,40301010,证券公司
1710.HK,致丰工业电子,20,工业,2040,机械制造,204010,通用机械,20401040,电动机与工控自动化
1711.HK,欧化,25,可选消费,2550,零售业,255020,专营零售,25502010,专营零售
1712.HK,龙资源,15,原材料,1520,有色金属,152020,贵金属,15202010,黄金
1713.HK,四川能投发展,55,公用事业,5510,公用事业,551010,电力及电网,55101070,电网
1715.HK,智慧健康科技,25,可选消费,2520,耐用消费品,252010,家用电器,25201050,厨卫电器
1716.HK,毛记葵涌,50,通信服务,5030,传媒,503010,营销与广告,50301010,数字营销
1717.HK,澳优,30,主要消费,3010,食品、饮料与烟草,301030,食品,30103030,乳制品
1718.HK,宏基集团控股,20,工业,2020,建筑装饰,202010,建筑与工程,20201040,专业工程
1719.HK,中国通商集团,20,工业,2070,交通运输,207020,交通基本设施,20702020,港口
1720.HK,普天通信集团,50,通信服务,5020,通信设备及技术服务,502010,通信设备,50201020,通信系统设备及组件
1721.HK,FSM HOLDINGS,20,工业,2040,机械制造,204010,通用机械,20401070,其他通用机械
1722.HK,建鹏控股,20,工业,2020,建筑装饰,202010,建筑与工程,20201040,专业工程
1723.HK,恒月控股,25,可选消费,2550,零售业,255020,专营零售,25502010,专营零售
1725.HK,中国技术集团,45,信息技术,4520,电子,452010,电子终端及组件,45201040,安防设备及其他
1726.HK,HKE HOLDINGS,20,工业,2020,建筑装饰,202010,建筑与工程,20201050,建筑设计及服务
1727.HK,河北建设,20,工业,2020,建筑装饰,202010,建筑与工程,20201010,房屋建设
1728.HK,正通汽车,25,可选消费,2510,乘用车及零部件,251040,汽车经销商与汽车服务,25104010,汽车经销商
1729.HK,汇聚科技,20,工业,2030,电力设备,203020,电网设备,20302040,线缆及其他
1731.HK,其利工业集团,25,可选消费,2530,纺织服装与珠宝,253010,纺织服装,25301030,鞋帽与配饰
1732.HK,象兴国际,20,工业,2070,交通运输,207020,交通基本设施,20702020,港口
1733.HK,易大宗,20,工业,2060,商业服务与用品,206010,商业服务与用品,20601040,贸易商
1735.HK,中环新能源,20,工业,2030,电力设备,203010,发电设备,20301010,光伏设备
1736.HK,中国育儿网络,50,通信服务,5030,传媒,503030,数字媒体,50303040,互动媒体
1737.HK,亚洲实业集团,20,工业,2070,交通运输,207020,交通基本设施,20702010,机场
1738.HK,飞尚无烟煤,10,能源,1010,能源,101030,煤炭,10103010,煤炭
1739.HK,齐屹科技,45,信息技术,4510,计算机,451020,信息技术服务,45102020,云计算服务
1740.HK,新石文化,50,通信服务,5030,传媒,503020,文化娱乐,50302010,影视动漫
1741.HK,成志控股,20,工业,2020,建筑装饰,202010,建筑与工程,20201010,房屋建设
1742.HK,HPC HOLDINGS,20,工业,2020,建筑装饰,202010,建筑与工程,20201010,房屋建设
1745.HK,LVJI TECH,25,可选消费,2540,消费者服务,254010,休闲服务,25401010,景点
1746.HK,万顺集团控股,20,工业,2020,建筑装饰,202020,建筑装修,20202010,建筑装修
1747.HK,HOME CONTROL,25,可选消费,2520,耐用消费品,252010,家用电器,25201060,家电零部件及其他
1748.HK,信源企业集团,20,工业,2070,交通运输,207010,运输业,20701040,航运
1749.HK,杉杉品牌,25,可选消费,2530,纺织服装与珠宝,253010,纺织服装,25301020,服装
1750.HK,全达电器集团控股,20,工业,2030,电力设备,203020,电网设备,20302030,配电设备
1751.HK,智算能建,20,工业,2020,建筑装饰,202010,建筑与工程,20201040,专业工程
1752.HK,澳洲成峰高教,25,可选消费,2540,消费者服务,254020,教育服务,25402010,学历教育
1753.HK,兑吧,50,通信服务,5030,传媒,503010,营销与广告,50301010,数字营销
1755.HK,新城悦服务,60,房地产,6010,房地产,601020,房地产管理与服务,60102010,房地产管理
1756.HK,中国科教产业,25,可选消费,2540,消费者服务,254020,教育服务,25402010,学历教育
1757.HK,环球华商俱乐部,20,工业,2020,建筑装饰,202010,建筑与工程,20201040,专业工程
1758.HK,博骏教育,25,可选消费,2540,消费者服务,254020,教育服务,25402010,学历教育
1759.HK,中油洁能控股,10,能源,1010,能源,101020,石油与天然气,10102040,油气流通及其他
1760.HK,英恒科技,25,可选消费,2510,乘用车及零部件,251010,汽车零部件与轮胎,25101030,汽车电子
1762.HK,万咖壹联,50,通信服务,5030,传媒,503010,营销与广告,50301010,数字营销
1763.HK,中国同辐,35,医药卫生,3520,医药,352020,化学药,35202020,药品制剂
1765.HK,希教国际控股,25,可选消费,2540,消费者服务,254020,教育服务,25402010,学历教育
1766.HK,中国中车,20,工业,2040,机械制造,204030,交通运输设备,20403010,城轨铁路
1767.HK,TS WONDERS,30,主要消费,3010,食品、饮料与烟草,301030,食品,30103040,休闲食品
1768.HK,鸣鸣很忙,25,可选消费,2550,零售业,255010,一般零售,25501020,超市与便利店
1769.HK,思考乐教育,25,可选消费,2540,消费者服务,254020,教育服务,25402010,学历教育
1771.HK,新丰泰集团,25,可选消费,2510,乘用车及零部件,251040,汽车经销商与汽车服务,25104010,汽车经销商
1772.HK,赣锋锂业,15,原材料,1520,有色金属,152030,稀有金属,15203030,锂
1773.HK,天立国际控股,25,可选消费,2540,消费者服务,254020,教育服务,25402010,学历教育
1775.HK,精英汇集团,25,可选消费,2540,消费者服务,254020,教育服务,25402010,学历教育
1776.HK,广发证券,40,金融,4030,资本市场,403010,证券公司,40301010,证券公司
1777.HK,花样年控股,60,房地产,6010,房地产,601010,房地产开发与园区,60101010,房地产开发
1778.HK,彩生活,60,房地产,6010,房地产,601020,房地产管理与服务,60102010,房地产管理
1780.HK,荣尊国际控股,20,工业,2020,建筑装饰,202010,建筑与工程,20201010,房屋建设
1782.HK,国际商业数字技术,45,信息技术,4510,计算机,451020,信息技术服务,45102010,系统集成服务
1783.HK,晋景新能,20,工业,2020,建筑装饰,202010,建筑与工程,20201010,房屋建设
1785.HK,成都高速,20,工业,2070,交通运输,207020,交通基本设施,20702040,高速公路
1786.HK,铁建装备,20,工业,2040,机械制造,204030,交通运输设备,20403010,城轨铁路
1787.HK,山东黄金,15,原材料,1520,有色金属,152020,贵金属,15202010,黄金
1788.HK,国泰君安国际,40,金融,4030,资本市场,403010,证券公司,40301010,证券公司
1789.HK,爱康医疗,35,医药卫生,3510,医疗,351010,医疗器械,35101020,医疗耗材
1790.HK,达力环保,20,工业,2050,环保,205010,污染治理,20501020,污水处理
1792.HK,CMON,25,可选消费,2520,耐用消费品,252030,休闲设备与用品,25203010,休闲设备与用品
1793.HK,伟工控股,20,工业,2020,建筑装饰,202010,建筑与工程,20201010,房屋建设
1795.HK,亚东集团,25,可选消费,2530,纺织服装与珠宝,253010,纺织服装,25301010,纺织品
1796.HK,METASPACEX,20,工业,2020,建筑装饰,202020,建筑装修,20202010,建筑装修
1797.HK,东方甄选,25,可选消费,2550,零售业,255040,互联网零售,25504010,互联网零售
1798.HK,大唐新能源,55,公用事业,5510,公用事业,551010,电力及电网,55101040,风电
1799.HK,新特能源,20,工业,2030,电力设备,203010,发电设备,20301010,光伏设备
1800.HK,中国交通建设,20,工业,2020,建筑装饰,202010,建筑与工程,20201020,基础设施建设
1801.HK,信达生物,35,医药卫生,3520,医药,352010,生物药品,35201030,其他生物药品
180101,博时招商蛇口产园REIT,60,房地产,6010,房地产,601030,房地产投资信托(REITs),60103010,房地产投资信托(REITs)
180102,华夏合肥高新产园REIT,60,房地产,6010,房地产,601030,房地产投资信托(REITs),60103010,房地产投资信托(REITs)
180103,华夏杭州和达高科产园REIT,60,房地产,6010,房地产,601030,房地产投资信托(REITs),60103010,房地产投资信托(REITs)
1802.HK,文业集团,20,工业,2020,建筑装饰,202020,建筑装修,20202010,建筑装修
180201,平安广州广河REIT,60,房地产,6010,房地产,601030,房地产投资信托(REITs),60103010,房地产投资信托(REITs)
180202,华夏越秀高速REIT,60,房地产,6010,房地产,601030,房地产投资信托(REITs),60103010,房地产投资信托(REITs)
1803.HK,北京体育文化,20,工业,2020,建筑装饰,202010,建筑与工程,20201040,专业工程
180301,红土创新盐田港REIT,60,房地产,6010,房地产,601030,房地产投资信托(REITs),60103010,房地产投资信托(REITs)
180401,鹏华深圳能源REIT,60,房地产,6010,房地产,601030,房地产投资信托(REITs),60103010,房地产投资信托(REITs)
180501,红土深圳安居REIT,60,房地产,6010,房地产,601030,房地产投资信托(REITs),60103010,房地产投资信托(REITs)
180601,华夏华润商业REIT,60,房地产,6010,房地产,601030,房地产投资信托(REITs),60103010,房地产投资信托(REITs)
180602,中金印力消费REIT,60,房地产,6010,房地产,601030,房地产投资信托(REITs),60103010,房地产投资信托(REITs)
1808.HK,企展控股,45,信息技术,4510,计算机,451020,信息技术服务,45102030,其他IT与互联网服务
180801,中航首钢生物质REIT,60,房地产,6010,房地产,601030,房地产投资信托(REITs),60103010,房地产投资信托(REITs)
1809.HK,浦林成山,25,可选消费,2510,乘用车及零部件,251010,汽车零部件与轮胎,25101040,轮胎
1810.HK,小米集团-W,45,信息技术,4520,电子,452010,电子终端及组件,45201020,消费电子终端
1811.HK,中广核新能源,55,公用事业,5510,公用事业,551010,电力及电网,55101040,风电
1812.HK,晨鸣纸业,15,原材料,1550,造纸与包装,155020,纸类与林业产品,15502020,纸制品
1813.HK,合景泰富集团,60,房地产,6010,房地产,601010,房地产开发与园区,60101010,房地产开发
1815.HK,珠峰黄金,25,可选消费,2550,零售业,255040,互联网零售,25504010,互联网零售
1816.HK,中广核电力,55,公用事业,5510,公用事业,551010,电力及电网,55101030,核电
1817.HK,慕尚集团控股,25,可选消费,2530,纺织服装与珠宝,253010,纺织服装,25301020,服装
1818.HK,招金矿业,15,原材料,1520,有色金属,152020,贵金属,15202010,黄金
1820.HK,济丰包装,15,原材料,1550,造纸与包装,155010,容器与包装,15501020,纸材料包装
1822.HK,中木国际,25,可选消费,2550,零售业,255020,专营零售,25502010,专营零售
1823.HK,华昱高速,25,可选消费,2550,零售业,255020,专营零售,25502010,专营零售
1826.HK,丰展控股,20,工业,2020,建筑装饰,202020,建筑装修,20202010,建筑装修
1827.HK,卓珈控股,35,医药卫生,3510,医疗,351020,医疗商业与服务,35102010,医疗服务
1828.HK,富卫集团,40,金融,4040,保险,404010,保险,40401010,人寿与健康保险
1830.HK,完美医疗,35,医药卫生,3510,医疗,351020,医疗商业与服务,35102010,医疗服务
1831.HK,十方控股,30,主要消费,3020,农牧渔,302010,种植,30201010,农产品
1832.HK,海天地悦旅,25,可选消费,2540,消费者服务,254010,休闲服务,25401030,酒店
1833.HK,平安好医生,35,医药卫生,3510,医疗,351020,医疗商业与服务,35102010,医疗服务
1835.HK,瑞威资管,40,金融,4030,资本市场,403020,其他资本市场,40302010,资产管理
1836.HK,九兴控股,25,可选消费,2530,纺织服装与珠宝,253010,纺织服装,25301030,鞋帽与配饰
1837.HK,五谷磨房,30,主要消费,3010,食品、饮料与烟草,301030,食品,30103040,休闲食品
1841.HK,优越集团控股,20,工业,2060,商业服务与用品,206010,商业服务与用品,20601010,商业印刷
1842.HK,植华集团,25,可选消费,2530,纺织服装与珠宝,253010,纺织服装,25301030,鞋帽与配饰
1843.HK,快餐帝国,25,可选消费,2540,消费者服务,254010,休闲服务,25401040,餐饮服务
1845.HK,维港环保科技,20,工业,2050,环保,205010,污染治理,20501010,固废处理
1846.HK,德视佳,35,医药卫生,3510,医疗,351020,医疗商业与服务,35102010,医疗服务
1847.HK,云南建投混凝土,15,原材料,1540,非金属材料,154010,建筑材料,15401010,水泥与混凝土
1848.HK,中国飞机租赁,20,工业,2060,商业服务与用品,206010,商业服务与用品,20601050,其他商业服务与用品
1849.HK,秀商时代控股,50,通信服务,5030,传媒,503010,营销与广告,50301010,数字营销
1850.HK,鸿盛昌资源,20,工业,2020,建筑装饰,202020,建筑装修,20202010,建筑装修
1851.HK,银杏教育,25,可选消费,2540,消费者服务,254020,教育服务,25402010,学历教育
1853.HK,春城热力,55,公用事业,5510,公用事业,551050,供热及其他,55105010,供热及其他
1854.HK,中国万天控股,20,工业,2060,商业服务与用品,206010,商业服务与用品,20601040,贸易商
1855.HK,中庆股份,20,工业,2020,建筑装饰,202010,建筑与工程,20201030,园林工程
1856.HK,依波路,25,可选消费,2530,纺织服装与珠宝,253020,珠宝与奢侈品,25302010,珠宝与奢侈品
1857.HK,光大水务,20,工业,2050,环保,205010,污染治理,20501020,污水处理
1858.HK,春立医疗,35,医药卫生,3510,医疗,351010,医疗器械,35101020,医疗耗材
1860.HK,汇量科技,50,通信服务,5030,传媒,503010,营销与广告,50301010,数字营销
1861.HK,保宝龙科技,15,原材料,1510,化工,151040,化学制品,15104080,其他化学制品
1862.HK,景瑞控股,60,房地产,6010,房地产,601010,房地产开发与园区,60101010,房地产开发
1863.HK,中国龙天集团,15,原材料,1510,化工,151040,化学制品,15104080,其他化学制品
1865.HK,鹏高控股集团,20,工业,2020,建筑装饰,202010,建筑与工程,20201020,基础设施建设
1866.HK,中国心连心化肥,15,原材料,1510,化工,151010,农用化工,15101010,氮肥
1867.HK,标准发展集团,10,能源,1010,能源,101020,石油与天然气,10102040,油气流通及其他
1868.HK,同方友友,25,可选消费,2520,耐用消费品,252010,家用电器,25201040,照明电器
1869.HK,猫屎咖啡控股,25,可选消费,2540,消费者服务,254010,休闲服务,25401040,餐饮服务
1870.HK,益美国际控股,20,工业,2020,建筑装饰,202020,建筑装修,20202010,建筑装修
1871.HK,向中国际,25,可选消费,2540,消费者服务,254020,教育服务,25402020,培训教育及其他
1872.HK,冠轈控股,25,可选消费,2510,乘用车及零部件,251040,汽车经销商与汽车服务,25104010,汽车经销商
1873.HK,维亚生物,35,医药卫生,3520,医药,352040,制药与生物科技服务,35204010,制药与生物科技服务
1875.HK,东曜药业-B,35,医药卫生,3520,医药,352010,生物药品,35201030,其他生物药品
1876.HK,百威亚太,30,主要消费,3010,食品、饮料与烟草,301010,酒,30101020,啤酒
1877.HK,君实生物,35,医药卫生,3520,医药,352010,生物药品,35201030,其他生物药品
1878.HK,南戈壁,10,能源,1010,能源,101030,煤炭,10103010,煤炭
1880.HK,中国中免,25,可选消费,2550,零售业,255030,旅游零售,25503010,旅游零售
1881.HK,富豪产业信托,60,房地产,6010,房地产,601030,房地产投资信托(REITs),60103010,房地产投资信托(REITs)
1882.HK,海天国际,20,工业,2040,机械制造,204010,通用机械,20401010,加工机械
1883.HK,中信国际电讯,50,通信服务,5010,电信服务,501020,电信增值服务,50102010,电信增值服务
1884.HK,EPRINT集团,20,工业,2060,商业服务与用品,206010,商业服务与用品,20601010,商业印刷
1888.HK,建滔积层板,45,信息技术,4520,电子,452020,电子元件,45202010,印制电路板
1889.HK,三爱健康集团,35,医药卫生,3520,医药,352020,化学药,35202020,药品制剂
1890.HK,中国科培,25,可选消费,2540,消费者服务,254020,教育服务,25402010,学历教育
1891.HK,兴合控股,20,工业,2050,环保,205020,节能与生态修复,20502010,节能与资源回收
1894.HK,恒益控股,20,工业,2020,建筑装饰,202020,建筑装修,20202010,建筑装修
1895.HK,鑫苑服务,60,房地产,6010,房地产,601020,房地产管理与服务,60102010,房地产管理
1896.HK,猫眼娱乐,25,可选消费,2540,消费者服务,254010,休闲服务,25401050,本地生活服务
1897.HK,美亨实业,20,工业,2020,建筑装饰,202020,建筑装修,20202010,建筑装修
1898.HK,中煤能源,10,能源,1010,能源,101030,煤炭,10103010,煤炭
1899.HK,兴达国际,25,可选消费,2510,乘用车及零部件,251010,汽车零部件与轮胎,25101040,轮胎
1900.HK,中国智能交通,45,信息技术,4510,计算机,451020,信息技术服务,45102010,系统集成服务
1901.HK,飞扬集团,25,可选消费,2540,消费者服务,254010,休闲服务,25401020,旅游服务
1903.HK,JBB BUILDERS,20,工业,2070,交通运输,207010,运输业,20701040,航运
1905.HK,海通恒信,40,金融,4020,其他金融,402010,其他金融服务,40201020,特殊金融服务
1906.HK,博尼控股,25,可选消费,2530,纺织服装与珠宝,253010,纺织服装,25301020,服装
1907.HK,中国旭阳集团,15,原材料,1510,化工,151030,化学原料,15103050,其他化学原料
1908.HK,建发国际集团,60,房地产,6010,房地产,601010,房地产开发与园区,60101010,房地产开发
1909.HK,火岩控股,50,通信服务,5030,传媒,503020,文化娱乐,50302020,游戏
1910.HK,新秀丽,25,可选消费,2530,纺织服装与珠宝,253010,纺织服装,25301030,鞋帽与配饰
1911.HK,华兴资本控股,40,金融,4030,资本市场,403020,其他资本市场,40302010,资产管理
1912.HK,康特隆,20,工业,2060,商业服务与用品,206010,商业服务与用品,20601040,贸易商
1913.HK,普拉达,25,可选消费,2530,纺织服装与珠宝,253020,珠宝与奢侈品,25302010,珠宝与奢侈品
1915.HK,泰和小贷,40,金融,4020,其他金融,402010,其他金融服务,40201020,特殊金融服务
1916.HK,江西银行,40,金融,4010,银行,401010,商业银行,40101020,区域性银行
1917.HK,豆盟科技,50,通信服务,5030,传媒,503010,营销与广告,50301010,数字营销
1918.HK,融创中国,60,房地产,6010,房地产,601010,房地产开发与园区,60101010,房地产开发
1919.HK,中远海控,20,工业,2070,交通运输,207010,运输业,20701040,航运
1920.HK,中国网成,20,工业,2020,建筑装饰,202020,建筑装修,20202010,建筑装修
1921.HK,达力普控股,10,能源,1010,能源,101010,油气开采与油田服务,10101010,油气开采
1922.HK,瑞森生活服务,60,房地产,6010,房地产,601020,房地产管理与服务,60102010,房地产管理
1925.HK,旷世芳香,25,可选消费,2520,耐用消费品,252020,家居,25202020,其他家居
1927.HK,久久王,30,主要消费,3010,食品、饮料与烟草,301030,食品,30103040,休闲食品
1928.HK,金沙中国有限公司,25,可选消费,2540,消费者服务,254010,休闲服务,25401060,博彩
1929.HK,周大福,25,可选消费,2530,纺织服装与珠宝,253020,珠宝与奢侈品,25302010,珠宝与奢侈品
1930.HK,勋龙,25,可选消费,2510,乘用车及零部件,251010,汽车零部件与轮胎,25101050,其他汽车零部件
1931.HK,华检医疗,35,医药卫生,3510,医疗,351020,医疗商业与服务,35102020,医药商业
1932.HK,中漆集团,15,原材料,1510,化工,151040,化学制品,15104020,涂料油墨
1933.HK,元力控股,45,信息技术,4510,计算机,451010,软件开发,45101020,行业应用软件
1935.HK,嘉宏教育,25,可选消费,2540,消费者服务,254020,教育服务,25402010,学历教育
1936.HK,利特米,30,主要消费,3020,农牧渔,302020,养殖,30202010,饲料
1937.HK,佳辰控股,20,工业,2020,建筑装饰,202030,建筑产品,20203010,建筑产品
1938.HK,珠江钢管,15,原材料,1530,钢铁,153010,钢铁,15301020,特钢
1939.HK,上善黄金,20,工业,2060,商业服务与用品,206010,商业服务与用品,20601050,其他商业服务与用品
1940.HK,CGII HLDGS,15,原材料,1510,化工,151030,化学原料,15103050,其他化学原料
1941.HK,烨星集团,60,房地产,6010,房地产,601020,房地产管理与服务,60102010,房地产管理
1942.HK,马可数字科技,40,金融,4020,其他金融,402010,其他金融服务,40201020,特殊金融服务
1943.HK,金石控股集团,20,工业,2020,建筑装饰,202010,建筑与工程,20201040,专业工程
1945.HK,清科控股,20,工业,2060,商业服务与用品,206010,商业服务与用品,20601050,其他商业服务与用品
1947.HK,美皓集团,35,医药卫生,3510,医疗,351020,医疗商业与服务,35102010,医疗服务
1948.HK,优矩控股,50,通信服务,5030,传媒,503010,营销与广告,50301010,数字营销
1949.HK,佰达国际控股,45,信息技术,4510,计算机,451020,信息技术服务,45102010,系统集成服务
1950.HK,帝王实业控股,30,主要消费,3010,食品、饮料与烟草,301010,酒,30101010,白酒
1951.HK,锦欣生殖,35,医药卫生,3510,医疗,351020,医疗商业与服务,35102010,医疗服务
1952.HK,云顶新耀,35,医药卫生,3520,医药,352010,生物药品,35201030,其他生物药品
1953.HK,RIMBACO,20,工业,2020,建筑装饰,202010,建筑与工程,20201010,房屋建设
1955.HK,庄臣控股,20,工业,2060,商业服务与用品,206010,商业服务与用品,20601050,其他商业服务与用品
1957.HK,大人国际,25,可选消费,2550,零售业,255020,专营零售,25502010,专营零售
1958.HK,北京汽车,25,可选消费,2510,乘用车及零部件,251020,乘用车,25102010,乘用车
1959.HK,中聚投资,25,可选消费,2510,乘用车及零部件,251040,汽车经销商与汽车服务,25104010,汽车经销商
1960.HK,TBKS HLDGS,20,工业,2020,建筑装饰,202010,建筑与工程,20201040,专业工程
1961.HK,多牛科技,50,通信服务,5030,传媒,503020,文化娱乐,50302020,游戏
1962.HK,训修实业,30,主要消费,3030,家庭与个人用品,303020,美容护理,30302010,美容护理
1963.HK,重庆银行,40,金融,4010,银行,401010,商业银行,40101020,区域性银行
1965.HK,朗诗绿色生活,60,房地产,6010,房地产,601020,房地产管理与服务,60102010,房地产管理
1966.HK,中骏集团控股,60,房地产,6010,房地产,601010,房地产开发与园区,60101010,房地产开发
1967.HK,信恳智能,45,信息技术,4520,电子,452020,电子元件,45202010,印制电路板
1968.HK,兴纺控股,25,可选消费,2530,纺织服装与珠宝,253010,纺织服装,25301010,纺织品
1969.HK,中国春来,25,可选消费,2540,消费者服务,254020,教育服务,25402010,学历教育
1970.HK,IMAX CHINA,50,通信服务,5030,传媒,503020,文化娱乐,50302010,影视动漫
1971.HK,弘阳服务,60,房地产,6010,房地产,601020,房地产管理与服务,60102010,房地产管理
1972.HK,太古地产,60,房地产,6010,房地产,601020,房地产管理与服务,60102020,房地产服务
1973.HK,天图投资,40,金融,4030,资本市场,403020,其他资本市场,40302010,资产管理
1975.HK,新兴印刷,20,工业,2060,商业服务与用品,206010,商业服务与用品,20601010,商业印刷
1977.HK,安乐工程,20,工业,2020,建筑装饰,202020,建筑装修,20202010,建筑装修
1978.HK,叙福楼集团,25,可选消费,2540,消费者服务,254010,休闲服务,25401040,餐饮服务
1979.HK,天宝集团,45,信息技术,4520,电子,452010,电子终端及组件,45201030,消费电子组件及零部件
1980.HK,天鸽互动,50,通信服务,5030,传媒,503030,数字媒体,50303040,互动媒体
1981.HK,华夏控股,25,可选消费,2540,消费者服务,254020,教育服务,25402010,学历教育
1982.HK,南旋控股,25,可选消费,2530,纺织服装与珠宝,253010,纺织服装,25301020,服装
1983.HK,泸州银行,40,金融,4010,银行,401010,商业银行,40101020,区域性银行
1985.HK,美高域,45,信息技术,4510,计算机,451020,信息技术服务,45102010,系统集成服务
1986.HK,彩客新能源,15,原材料,1510,化工,151040,化学制品,15104030,印染化学品
1987.HK,BENG SOON MACH,20,工业,2020,建筑装饰,202010,建筑与工程,20201040,专业工程
1988.HK,民生银行,40,金融,4010,银行,401010,商业银行,40101010,综合性银行
1989.HK,广合科技,45,信息技术,4520,电子,452020,电子元件,45202010,印制电路板
1991.HK,大洋集团,50,通信服务,5030,传媒,503010,营销与广告,50301010,数字营销
1993.HK,雅仕维,50,通信服务,5030,传媒,503010,营销与广告,50301020,其他广告营销
1995.HK,永升服务,60,房地产,6010,房地产,601020,房地产管理与服务,60102010,房地产管理
1996.HK,弘阳地产,60,房地产,6010,房地产,601010,房地产开发与园区,60101010,房地产开发
1997.HK,九龙仓置业,60,房地产,6010,房地产,601020,房地产管理与服务,60102020,房地产服务
1999.HK,敏华控股,25,可选消费,2520,耐用消费品,252020,家居,25202010,家具
2000.HK,晨讯科技,50,通信服务,5020,通信设备及技术服务,502010,通信设备,50201010,通信终端设备及组件
200011,深物业B,60,房地产,6010,房地产,601020,房地产管理与服务,60102010,房地产管理
200012,南玻B,15,原材料,1540,非金属材料,154010,建筑材料,15401020,玻璃
200016,深康佳B,25,可选消费,2520,耐用消费品,252010,家用电器,25201010,白色家电
200017,深中华B,25,可选消费,2530,纺织服装与珠宝,253020,珠宝与奢侈品,25302010,珠宝与奢侈品
200019,深粮B,20,工业,2060,商业服务与用品,206010,商业服务与用品,20601040,贸易商
200020,深华发B,45,信息技术,4520,电子,452030,光学光电子,45203010,面板
200025,特力B,60,房地产,6010,房地产,601020,房地产管理与服务,60102010,房地产管理
200026,飞亚达B,25,可选消费,2530,纺织服装与珠宝,253020,珠宝与奢侈品,25302010,珠宝与奢侈品
200028,一  致Ｂ,35,医药卫生,3510,医疗,351020,医疗商业与服务,35102020,医药商业
200029,深深房B,60,房地产,6010,房地产,601010,房地产开发与园区,60101010,房地产开发
200030,富奥B,25,可选消费,2510,乘用车及零部件,251010,汽车零部件与轮胎,25101010,汽车系统部件
200037,深南电B,55,公用事业,5510,公用事业,551010,电力及电网,55101010,火电
200045,深纺织B,45,信息技术,4520,电子,452030,光学光电子,45203010,面板
200055,方  大Ｂ,20,工业,2020,建筑装饰,202020,建筑装修,20202010,建筑装修
200056,皇庭B,60,房地产,6010,房地产,601020,房地产管理与服务,60102020,房地产服务
200058,深赛格B,20,工业,2060,商业服务与用品,206010,商业服务与用品,20601020,市场服务
2001.HK,新高教集团,25,可选消费,2540,消费者服务,254020,教育服务,25402010,学历教育
2002.HK,阳光纸业,15,原材料,1550,造纸与包装,155010,容器与包装,15501020,纸材料包装
2003.HK,维信金科,40,金融,4020,其他金融,402020,消费信贷,40202010,消费信贷
200429,粤高速B,20,工业,2070,交通运输,207020,交通基本设施,20702040,高速公路
200468,宁通信B,50,通信服务,5020,通信设备及技术服务,502010,通信设备,50201020,通信系统设备及组件
200488,ST晨  鸣Ｂ,15,原材料,1550,造纸与包装,155020,纸类与林业产品,15502020,纸制品
2005.HK,石四药集团,35,医药卫生,3520,医药,352020,化学药,35202020,药品制剂
200505,京粮B,30,主要消费,3010,食品、饮料与烟草,301030,食品,30103020,调味品与食用油
200512,闽灿坤B,25,可选消费,2520,耐用消费品,252010,家用电器,25201030,小家电
200521,虹美菱Ｂ,25,可选消费,2520,耐用消费品,252010,家用电器,25201010,白色家电
200530,冰山B,20,工业,2040,机械制造,204010,通用机械,20401070,其他通用机械
200539,粤电力B,55,公用事业,5510,公用事业,551010,电力及电网,55101010,火电
200541,粤照明Ｂ,25,可选消费,2520,耐用消费品,252010,家用电器,25201040,照明电器
200550,江  铃Ｂ,20,工业,2040,机械制造,204030,交通运输设备,20403030,商用车
200553,安道麦B,15,原材料,1510,化工,151010,农用化工,15101040,农药
200570,苏常柴B,20,工业,2040,机械制造,204010,通用机械,20401020,动力机械
200581,苏威孚Ｂ,25,可选消费,2510,乘用车及零部件,251010,汽车零部件与轮胎,25101010,汽车系统部件
200596,古井贡B,30,主要消费,3010,食品、饮料与烟草,301010,酒,30101010,白酒
200625,长  安Ｂ,25,可选消费,2510,乘用车及零部件,251020,乘用车,25102010,乘用车
2007.HK,碧桂园,60,房地产,6010,房地产,601010,房地产开发与园区,60101010,房地产开发
200706,瓦轴B,20,工业,2040,机械制造,204010,通用机械,20401020,动力机械
200725,京东方B,45,信息技术,4520,电子,452030,光学光电子,45203010,面板
200726,鲁  泰B,25,可选消费,2530,纺织服装与珠宝,253010,纺织服装,25301010,纺织品
200761,本钢板Ｂ,15,原材料,1530,钢铁,153010,钢铁,15301010,普钢
2008.HK,凤凰卫视,50,通信服务,5030,传媒,503020,文化娱乐,50302040,广播与电视
200869,张  裕B,30,主要消费,3010,食品、饮料与烟草,301010,酒,30101040,葡萄酒及其他
2009.HK,金隅集团,15,原材料,1540,非金属材料,154010,建筑材料,15401010,水泥与混凝土
200992,中鲁Ｂ,30,主要消费,3020,农牧渔,302020,养殖,30202040,渔业产品
2011.HK,进腾集团,25,可选消费,2530,纺织服装与珠宝,253010,纺织服装,25301020,服装
2012.HK,阳光油砂,10,能源,1010,能源,101020,石油与天然气,10102020,燃油炼制
2013.HK,微盟集团,50,通信服务,5030,传媒,503010,营销与广告,50301010,数字营销
2015.HK,理想汽车-W,25,可选消费,2510,乘用车及零部件,251020,乘用车,25102010,乘用车
2016.HK,浙商银行,40,金融,4010,银行,401010,商业银行,40101010,综合性银行
2017.HK,沧海控股,20,工业,2020,建筑装饰,202010,建筑与工程,20201020,基础设施建设
2018.HK,瑞声科技,45,信息技术,4520,电子,452010,电子终端及组件,45201030,消费电子组件及零部件
201872,招港B,20,工业,2070,交通运输,207020,交通基本设施,20702020,港口
2020.HK,安踏体育,25,可选消费,2530,纺织服装与珠宝,253010,纺织服装,25301020,服装
2022.HK,游莱互动,50,通信服务,5030,传媒,503020,文化娱乐,50302020,游戏
2023.HK,中国绿岛科技,30,主要消费,3030,家庭与个人用品,303010,家庭用品,30301010,家庭用品
2025.HK,瑞丰动力,25,可选消费,2510,乘用车及零部件,251010,汽车零部件与轮胎,25101010,汽车系统部件
2026.HK,小马智行-W,25,可选消费,2510,乘用车及零部件,251010,汽车零部件与轮胎,25101030,汽车电子
2028.HK,映美控股,45,信息技术,4520,电子,452010,电子终端及组件,45201010,电脑与外围设备
2030.HK,卡宾,25,可选消费,2530,纺织服装与珠宝,253010,纺织服装,25301020,服装
2031.HK,澳至尊,25,可选消费,2550,零售业,255020,专营零售,25502010,专营零售
2033.HK,时计宝,25,可选消费,2530,纺织服装与珠宝,253020,珠宝与奢侈品,25302010,珠宝与奢侈品
2038.HK,富智康集团,45,信息技术,4520,电子,452010,电子终端及组件,45201030,消费电子组件及零部件
2039.HK,中集集团,20,工业,2040,机械制造,204030,交通运输设备,20403020,船舶及其他航运设备
2048.HK,易居企业控股,60,房地产,6010,房地产,601020,房地产管理与服务,60102020,房地产服务
2050.HK,三花智控,25,可选消费,2520,耐用消费品,252010,家用电器,25201060,家电零部件及其他
2051.HK,VALA,40,金融,4020,其他金融,402020,消费信贷,40202010,消费信贷
2057.HK,中通快递-W,20,工业,2070,交通运输,207010,运输业,20701010,快递
2068.HK,中铝国际,20,工业,2020,建筑装饰,202010,建筑与工程,20201040,专业工程
2076.HK,BOSS直聘-W,20,工业,2060,商业服务与用品,206010,商业服务与用品,20601050,其他商业服务与用品
2078.HK,荣阳实业,15,原材料,1520,有色金属,152010,工业金属,15201020,铝
2080.HK,奥克斯国际,60,房地产,6010,房地产,601020,房地产管理与服务,60102010,房地产管理
2086.HK,高维科技,50,通信服务,5020,通信设备及技术服务,502010,通信设备,50201010,通信终端设备及组件
2088.HK,西王置业,20,工业,2060,商业服务与用品,206010,商业服务与用品,20601040,贸易商
2096.HK,先声药业,35,医药卫生,3520,医药,352020,化学药,35202020,药品制剂
2097.HK,蜜雪集团,25,可选消费,2540,消费者服务,254010,休闲服务,25401040,餐饮服务
2098.HK,卓尔智联,20,工业,2070,交通运输,207010,运输业,20701020,物流综合
2099.HK,中国黄金国际,15,原材料,1520,有色金属,152010,工业金属,15201010,铜
2100.HK,百奥家庭互动,50,通信服务,5030,传媒,503020,文化娱乐,50302020,游戏
2101.HK,福禄控股,45,信息技术,4510,计算机,451020,信息技术服务,45102030,其他IT与互联网服务
2102.HK,德利机械,20,工业,2040,机械制造,204020,专用机械,20402010,工程机械
2105.HK,来凯医药-B,35,医药卫生,3520,医药,352010,生物药品,35201030,其他生物药品
2107.HK,第一服务控股,60,房地产,6010,房地产,601020,房地产管理与服务,60102010,房地产管理
2108.HK,K2 F&B,25,可选消费,2540,消费者服务,254010,休闲服务,25401040,餐饮服务
2110.HK,天成控股,20,工业,2020,建筑装饰,202010,建筑与工程,20201040,专业工程
2111.HK,超盈国际控股,25,可选消费,2530,纺织服装与珠宝,253010,纺织服装,25301010,纺织品
2112.HK,恩典生命科技,35,医药卫生,3510,医疗,351020,医疗商业与服务,35102020,医药商业
2113.HK,世纪集团国际,20,工业,2020,建筑装饰,202010,建筑与工程,20201040,专业工程
2116.HK,江苏创新,20,工业,2050,环保,205010,污染治理,20501030,烟气治理
2119.HK,捷荣国际控股,30,主要消费,3010,食品、饮料与烟草,301020,软饮料,30102010,软饮料
2120.HK,康宁医院,35,医药卫生,3510,医疗,351020,医疗商业与服务,35102010,医疗服务
2121.HK,创新奇智,45,信息技术,4510,计算机,451010,软件开发,45101010,通用软件
2122.HK,凯知乐国际,25,可选消费,2550,零售业,255020,专营零售,25502010,专营零售
2125.HK,稻草熊娱乐,50,通信服务,5030,传媒,503020,文化娱乐,50302010,影视动漫
2126.HK,药明巨诺-B,35,医药卫生,3520,医药,352010,生物药品,35201030,其他生物药品
2127.HK,汇森股份,25,可选消费,2520,耐用消费品,252020,家居,25202010,家具
2128.HK,中国联塑,20,工业,2020,建筑装饰,202030,建筑产品,20203010,建筑产品
2129.HK,LEGION CONSO,20,工业,2070,交通运输,207010,运输业,20701060,公路运输
2130.HK,嘉泓物流,20,工业,2070,交通运输,207010,运输业,20701020,物流综合
2131.HK,云想科技,50,通信服务,5030,传媒,503010,营销与广告,50301010,数字营销
2132.HK,誉燊丰控股,20,工业,2020,建筑装饰,202010,建筑与工程,20201020,基础设施建设
2135.HK,瑞丽医美,35,医药卫生,3510,医疗,351020,医疗商业与服务,35102010,医疗服务
2136.HK,利福中国,25,可选消费,2550,零售业,255010,一般零售,25501010,百货商店
2137.HK,腾盛博药-B,35,医药卫生,3520,医药,352010,生物药品,35201030,其他生物药品
2138.HK,医思健康,35,医药卫生,3510,医疗,351020,医疗商业与服务,35102010,医疗服务
2139.HK,甘肃银行,40,金融,4010,银行,401010,商业银行,40101020,区域性银行
2142.HK,和铂医药-B,35,医药卫生,3520,医药,352010,生物药品,35201030,其他生物药品
2145.HK,上美股份,30,主要消费,3030,家庭与个人用品,303020,美容护理,30302010,美容护理
2146.HK,荣万家,60,房地产,6010,房地产,601020,房地产管理与服务,60102010,房地产管理
2147.HK,正味集团,30,主要消费,3010,食品、饮料与烟草,301030,食品,30103040,休闲食品
2149.HK,贝克微,45,信息技术,4530,半导体,453010,集成电路,45301010,集成电路设计
2150.HK,奈雪的茶,25,可选消费,2540,消费者服务,254010,休闲服务,25401040,餐饮服务
2152.HK,苏新服务,60,房地产,6010,房地产,601020,房地产管理与服务,60102010,房地产管理
2153.HK,达丰设备,20,工业,2040,机械制造,204020,专用机械,20402010,工程机械
2155.HK,森松国际,20,工业,2040,机械制造,204010,通用机械,20401030,气液机械
2156.HK,建发物业,60,房地产,6010,房地产,601020,房地产管理与服务,60102010,房地产管理
2157.HK,乐普生物-B,35,医药卫生,3520,医药,352010,生物药品,35201030,其他生物药品
2158.HK,医渡科技,45,信息技术,4510,计算机,451010,软件开发,45101020,行业应用软件
2159.HK,麦迪卫康,35,医药卫生,3510,医疗,351020,医疗商业与服务,35102010,医疗服务
2160.HK,心通医疗-B,35,医药卫生,3510,医疗,351010,医疗器械,35101020,医疗耗材
2161.HK,健倍苗苗,35,医药卫生,3520,医药,352030,中药,35203020,中成药
2162.HK,康诺亚-B,35,医药卫生,3520,医药,352010,生物药品,35201030,其他生物药品
2163.HK,远大住工,15,原材料,1540,非金属材料,154010,建筑材料,15401010,水泥与混凝土
2165.HK,领悦服务集团,60,房地产,6010,房地产,601020,房地产管理与服务,60102010,房地产管理
2166.HK,芯智控股,20,工业,2060,商业服务与用品,206010,商业服务与用品,20601040,贸易商
2167.HK,天润云,45,信息技术,4510,计算机,451020,信息技术服务,45102020,云计算服务
2168.HK,佳兆业美好,60,房地产,6010,房地产,601020,房地产管理与服务,60102010,房地产管理
2169.HK,沧港铁路,20,工业,2070,交通运输,207010,运输业,20701050,铁路运输
2170.HK,贝康医疗-B,35,医药卫生,3510,医疗,351010,医疗器械,35101030,体外诊断
2171.HK,科济药业-B,35,医药卫生,3520,医药,352010,生物药品,35201030,其他生物药品
2172.HK,微创脑科学,35,医药卫生,3510,医疗,351010,医疗器械,35101020,医疗耗材
2175.HK,中国通才教育,25,可选消费,2540,消费者服务,254020,教育服务,25402010,学历教育
2176.HK,赛迪顾问,20,工业,2060,商业服务与用品,206010,商业服务与用品,20601050,其他商业服务与用品
2177.HK,优趣汇控股,25,可选消费,2550,零售业,255040,互联网零售,25504010,互联网零售
2178.HK,百勤油服,10,能源,1010,能源,101010,油气开采与油田服务,10101020,油田服务
2179.HK,瑞科生物-B,35,医药卫生,3520,医药,352010,生物药品,35201020,疫苗
2180.HK,万宝盛华,20,工业,2060,商业服务与用品,206010,商业服务与用品,20601050,其他商业服务与用品
2181.HK,迈博药业-B,35,医药卫生,3520,医药,352010,生物药品,35201030,其他生物药品
2182.HK,天长集团,15,原材料,1510,化工,151050,塑料,15105040,其他塑料制品
2185.HK,百心安-B,35,医药卫生,3510,医疗,351010,医疗器械,35101020,医疗耗材
2186.HK,绿叶制药,35,医药卫生,3520,医药,352020,化学药,35202020,药品制剂
2187.HK,智欣集团控股,20,工业,2050,环保,205020,节能与生态修复,20502010,节能与资源回收
2188.HK,泰坦能源技术,20,工业,2030,电力设备,203030,储能设备,20303030,其他储能设备
2189.HK,嘉涛（香港）控股,25,可选消费,2540,消费者服务,254030,其他消费者服务,25403010,其他消费者服务
2190.HK,归创通桥,35,医药卫生,3510,医疗,351010,医疗器械,35101020,医疗耗材
2191.HK,顺丰房托,60,房地产,6010,房地产,601030,房地产投资信托(REITs),60103010,房地产投资信托(REITs)
2192.HK,医脉通,35,医药卫生,3510,医疗,351020,医疗商业与服务,35102010,医疗服务
2193.HK,万景控股,20,工业,2020,建筑装饰,202010,建筑与工程,20201020,基础设施建设
2195.HK,盈汇企业控股,20,工业,2020,建筑装饰,202020,建筑装修,20202010,建筑装修
2196.HK,复星医药,35,医药卫生,3520,医药,352020,化学药,35202020,药品制剂
2197.HK,三叶草生物-B,35,医药卫生,3520,医药,352010,生物药品,35201020,疫苗
2198.HK,中国三江化工,15,原材料,1510,化工,151040,化学制品,15104080,其他化学制品
2199.HK,维珍妮,25,可选消费,2530,纺织服装与珠宝,253010,纺织服装,25301020,服装
2202.HK,万科企业,60,房地产,6010,房地产,601010,房地产开发与园区,60101010,房地产开发
2203.HK,脑洞科技,45,信息技术,4530,半导体,453020,分立器件,45302010,分立器件
2205.HK,康桥悦生活,60,房地产,6010,房地产,601020,房地产管理与服务,60102010,房地产管理
2208.HK,金风科技,20,工业,2030,电力设备,203010,发电设备,20301020,风电设备
2209.HK,喆丽控股,25,可选消费,2550,零售业,255040,互联网零售,25504010,互联网零售
2210.HK,京城佳业,60,房地产,6010,房地产,601020,房地产管理与服务,60102010,房地产管理
2211.HK,大健康国际,35,医药卫生,3510,医疗,351020,医疗商业与服务,35102020,医药商业
2212.HK,高鹏矿业,20,工业,2060,商业服务与用品,206010,商业服务与用品,20601040,贸易商
2215.HK,德信服务集团,60,房地产,6010,房地产,601020,房地产管理与服务,60102010,房地产管理
2216.HK,堃博医疗-B,35,医药卫生,3510,医疗,351010,医疗器械,35101010,医疗设备
2218.HK,安德利果汁,30,主要消费,3010,食品、饮料与烟草,301020,软饮料,30102010,软饮料
2219.HK,朝聚眼科,35,医药卫生,3510,医疗,351020,医疗商业与服务,35102010,医疗服务
2221.HK,创业集团控股,20,工业,2020,建筑装饰,202010,建筑与工程,20201040,专业工程
2222.HK,雷士国际,25,可选消费,2520,耐用消费品,252010,家用电器,25201040,照明电器
2223.HK,卡撒天娇,25,可选消费,2530,纺织服装与珠宝,253010,纺织服装,25301040,家用纺织
2225.HK,今海医疗科技,20,工业,2060,商业服务与用品,206010,商业服务与用品,20601050,其他商业服务与用品
2226.HK,老恒和酿造,30,主要消费,3010,食品、饮料与烟草,301030,食品,30103020,调味品与食用油
2227.HK,守益控股,20,工业,2020,建筑装饰,202020,建筑装修,20202010,建筑装修
2228.HK,晶泰控股,35,医药卫生,3520,医药,352040,制药与生物科技服务,35204010,制药与生物科技服务
2230.HK,羚邦集团,50,通信服务,5030,传媒,503020,文化娱乐,50302010,影视动漫
2231.HK,景业名邦集团,60,房地产,6010,房地产,601010,房地产开发与园区,60101010,房地产开发
2232.HK,晶苑国际,25,可选消费,2530,纺织服装与珠宝,253010,纺织服装,25301020,服装
2233.HK,西部水泥,15,原材料,1540,非金属材料,154010,建筑材料,15401010,水泥与混凝土
2235.HK,微泰医疗-B,35,医药卫生,3510,医疗,351010,医疗器械,35101010,医疗设备
2236.HK,惠生工程,20,工业,2020,建筑装饰,202010,建筑与工程,20201040,专业工程
2237.HK,中国石墨,15,原材料,1540,非金属材料,154020,其他非金属材料,15402020,其他非金属材料
2238.HK,广汽集团,25,可选消费,2510,乘用车及零部件,251020,乘用车,25102010,乘用车
2239.HK,国微控股,50,通信服务,5020,通信设备及技术服务,502010,通信设备,50201010,通信终端设备及组件
2245.HK,力勤资源,15,原材料,1520,有色金属,152010,工业金属,15201040,钴镍
2246.HK,快狗打车,25,可选消费,2540,消费者服务,254010,休闲服务,25401050,本地生活服务
2250.HK,小黄鸭德盈,20,工业,2060,商业服务与用品,206010,商业服务与用品,20601050,其他商业服务与用品
2251.HK,鹰瞳科技-B,45,信息技术,4510,计算机,451010,软件开发,45101020,行业应用软件
2252.HK,微创机器人-B,35,医药卫生,3510,医疗,351010,医疗器械,35101010,医疗设备
2255.HK,海昌海洋公园,25,可选消费,2540,消费者服务,254010,休闲服务,25401010,景点
2256.HK,和誉-B,35,医药卫生,3520,医药,352020,化学药,35202020,药品制剂
2257.HK,圣诺医药-B,35,医药卫生,3520,医药,352010,生物药品,35201030,其他生物药品
2258.HK,华滋国际海洋,20,工业,2020,建筑装饰,202010,建筑与工程,20201020,基础设施建设
2259.HK,紫金黄金国际,15,原材料,1520,有色金属,152020,贵金属,15202010,黄金
2260.HK,环龙控股,20,工业,2040,机械制造,204020,专用机械,20402040,印刷包装机械
2262.HK,梁志天设计集团,20,工业,2020,建筑装饰,202020,建筑装修,20202010,建筑装修
2263.HK,富石金融,40,金融,4030,资本市场,403010,证券公司,40301010,证券公司
2265.HK,鸿承环保科技,20,工业,2050,环保,205010,污染治理,20501010,固废处理
2266.HK,黎氏企业,20,工业,2020,建筑装饰,202020,建筑装修,20202010,建筑装修
2268.HK,药明合联,35,医药卫生,3520,医药,352040,制药与生物科技服务,35204010,制药与生物科技服务
2269.HK,药明生物,35,医药卫生,3520,医药,352040,制药与生物科技服务,35204010,制药与生物科技服务
2270.HK,德商产投服务,60,房地产,6010,房地产,601020,房地产管理与服务,60102010,房地产管理
2271.HK,众安智慧生活,60,房地产,6010,房地产,601020,房地产管理与服务,60102010,房地产管理
2273.HK,固生堂,35,医药卫生,3510,医疗,351020,医疗商业与服务,35102010,医疗服务
2276.HK,康耐特光学,30,主要消费,3030,家庭与个人用品,303020,美容护理,30302010,美容护理
2279.HK,雍禾医疗,35,医药卫生,3510,医疗,351020,医疗商业与服务,35102010,医疗服务
2280.HK,慧聪集团,45,信息技术,4510,计算机,451020,信息技术服务,45102030,其他IT与互联网服务
2281.HK,兴泸水务,55,公用事业,5510,公用事业,551030,水务,55103010,水务
2282.HK,美高梅中国,25,可选消费,2540,消费者服务,254010,休闲服务,25401060,博彩
2283.HK,东江集团控股,15,原材料,1510,化工,151050,塑料,15105040,其他塑料制品
2285.HK,泉峰控股,20,工业,2040,机械制造,204010,通用机械,20401070,其他通用机械
2286.HK,辰兴发展,60,房地产,6010,房地产,601010,房地产开发与园区,60101010,房地产开发
2288.HK,宏基资本,60,房地产,6010,房地产,601010,房地产开发与园区,60101010,房地产开发
2289.HK,创美药业,35,医药卫生,3510,医疗,351020,医疗商业与服务,35102020,医药商业
2291.HK,心泰医疗,35,医药卫生,3510,医疗,351010,医疗器械,35101020,医疗耗材
2293.HK,百本医护,35,医药卫生,3510,医疗,351020,医疗商业与服务,35102010,医疗服务
2295.HK,丰城控股,20,工业,2020,建筑装饰,202010,建筑与工程,20201040,专业工程
2297.HK,润迈德-B,35,医药卫生,3510,医疗,351010,医疗器械,35101010,医疗设备
2298.HK,都市丽人,25,可选消费,2530,纺织服装与珠宝,253010,纺织服装,25301020,服装
2299.HK,百宏实业,15,原材料,1510,化工,151020,化学纤维,15102010,锦纶与涤纶
2302.HK,中核国际,20,工业,2060,商业服务与用品,206010,商业服务与用品,20601040,贸易商
2306.HK,乐华娱乐,50,通信服务,5030,传媒,503020,文化娱乐,50302010,影视动漫
2307.HK,锦兴国际控股,25,可选消费,2530,纺织服装与珠宝,253010,纺织服装,25301010,纺织品
2309.HK,大象未来集团,25,可选消费,2540,消费者服务,254010,休闲服务,25401070,其他休闲服务
2310.HK,时代环球集团,25,可选消费,2540,消费者服务,254010,休闲服务,25401030,酒店
2312.HK,LONG 投资集团,40,金融,4030,资本市场,403020,其他资本市场,40302010,资产管理
2313.HK,申洲国际,25,可选消费,2530,纺织服装与珠宝,253010,纺织服装,25301020,服装
2314.HK,理文造纸,15,原材料,1550,造纸与包装,155010,容器与包装,15501020,纸材料包装
2315.HK,百奥赛图-B,35,医药卫生,3520,医药,352040,制药与生物科技服务,35204010,制药与生物科技服务
2317.HK,味丹国际,30,主要消费,3010,食品、饮料与烟草,301030,食品,30103020,调味品与食用油
2318.HK,中国平安,40,金融,4040,保险,404010,保险,40401020,多元化保险
2319.HK,蒙牛乳业,30,主要消费,3010,食品、饮料与烟草,301030,食品,30103030,乳制品
2320.HK,合丰集团,15,原材料,1550,造纸与包装,155010,容器与包装,15501020,纸材料包装
2321.HK,双财庄,25,可选消费,2550,零售业,255010,一般零售,25501020,超市与便利店
2322.HK,新质数字,20,工业,2060,商业服务与用品,206010,商业服务与用品,20601040,贸易商
2323.HK,融科控股,45,信息技术,4520,电子,452020,电子元件,45202010,印制电路板
2324.HK,首都创投,40,金融,4030,资本市场,403020,其他资本市场,40302010,资产管理
2325.HK,云康集团,35,医药卫生,3510,医疗,351010,医疗器械,35101030,体外诊断
2326.HK,新源万恒控股,20,工业,2060,商业服务与用品,206010,商业服务与用品,20601040,贸易商
2327.HK,美瑞健康国际,35,医药卫生,3510,医疗,351020,医疗商业与服务,35102010,医疗服务
2328.HK,中国财险,40,金融,4040,保险,404010,保险,40401030,财产与意外伤害保险
2329.HK,国瑞健康,60,房地产,6010,房地产,601010,房地产开发与园区,60101010,房地产开发
2330.HK,中国上城,60,房地产,6010,房地产,601010,房地产开发与园区,60101010,房地产开发
2331.HK,李宁,25,可选消费,2530,纺织服装与珠宝,253010,纺织服装,25301020,服装
2333.HK,长城汽车,25,可选消费,2510,乘用车及零部件,251020,乘用车,25102010,乘用车
2336.HK,硕奥国际,20,工业,2060,商业服务与用品,206010,商业服务与用品,20601040,贸易商
2337.HK,众诚能源,10,能源,1010,能源,101020,石油与天然气,10102040,油气流通及其他
2338.HK,潍柴动力,20,工业,2040,机械制造,204030,交通运输设备,20403030,商用车
2339.HK,京西国际,25,可选消费,2510,乘用车及零部件,251010,汽车零部件与轮胎,25101010,汽车系统部件
2340.HK,昇柏控股,20,工业,2020,建筑装饰,202020,建筑装修,20202010,建筑装修
2342.HK,京信通信,50,通信服务,5020,通信设备及技术服务,502010,通信设备,50201020,通信系统设备及组件
2343.HK,太平洋航运,20,工业,2070,交通运输,207010,运输业,20701040,航运
2347.HK,友和集团,25,可选消费,2550,零售业,255040,互联网零售,25504010,互联网零售
2348.HK,东瑞制药,35,医药卫生,3520,医药,352020,化学药,35202020,药品制剂
2349.HK,中国城市基础设施,60,房地产,6010,房地产,601020,房地产管理与服务,60102020,房地产服务
2350.HK,数科集团,25,可选消费,2550,零售业,255020,专营零售,25502010,专营零售
2352.HK,东原仁知服务,60,房地产,6010,房地产,601020,房地产管理与服务,60102010,房地产管理
2355.HK,宝业集团,20,工业,2020,建筑装饰,202010,建筑与工程,20201010,房屋建设
2356.HK,大新银行集团,40,金融,4010,银行,401010,商业银行,40101010,综合性银行
2357.HK,中航科工,20,工业,2010,航空航天与国防,201010,航空航天,20101010,航空
2358.HK,久融控股,25,可选消费,2520,耐用消费品,252010,家用电器,25201020,黑色家电
2359.HK,药明康德,35,医药卫生,3520,医药,352040,制药与生物科技服务,35204010,制药与生物科技服务
2360.HK,优品360,25,可选消费,2550,零售业,255010,一般零售,25501020,超市与便利店
2361.HK,中康科技控股,45,信息技术,4510,计算机,451020,信息技术服务,45102030,其他IT与互联网服务
2362.HK,金川国际,15,原材料,1520,有色金属,152010,工业金属,15201010,铜
2363.HK,通达宏泰,45,信息技术,4520,电子,452010,电子终端及组件,45201010,电脑与外围设备
2367.HK,巨子生物,30,主要消费,3030,家庭与个人用品,303020,美容护理,30302010,美容护理
2368.HK,鹰美,25,可选消费,2530,纺织服装与珠宝,253010,纺织服装,25301020,服装
2369.HK,酷派集团,45,信息技术,4520,电子,452010,电子终端及组件,45201020,消费电子终端
2370.HK,力高健康生活,60,房地产,6010,房地产,601020,房地产管理与服务,60102010,房地产管理
2371.HK,创联控股,40,金融,4040,保险,404010,保险,40401050,保险经纪商
2372.HK,伟立控股,15,原材料,1550,造纸与包装,155010,容器与包装,15501020,纸材料包装
2373.HK,美丽田园医疗健康,25,可选消费,2540,消费者服务,254010,休闲服务,25401050,本地生活服务
2376.HK,鲁商服务,60,房地产,6010,房地产,601020,房地产管理与服务,60102010,房地产管理
2377.HK,博奇环保,20,工业,2050,环保,205010,污染治理,20501030,烟气治理
2378.HK,保诚,40,金融,4040,保险,404010,保险,40401010,人寿与健康保险
2380.HK,中国电力,55,公用事业,5510,公用事业,551010,电力及电网,55101010,火电
2381.HK,蚬壳电业,25,可选消费,2520,耐用消费品,252010,家用电器,25201030,小家电
2382.HK,舜宇光学科技,45,信息技术,4520,电子,452030,光学光电子,45203030,光学元件
2383.HK,TOM集团,50,通信服务,5030,传媒,503020,文化娱乐,50302030,出版
2385.HK,读书郎,45,信息技术,4520,电子,452010,电子终端及组件,45201020,消费电子终端
2386.HK,中石化炼化工程,20,工业,2020,建筑装饰,202010,建筑与工程,20201040,专业工程
2388.HK,中银香港,40,金融,4010,银行,401010,商业银行,40101010,综合性银行
2389.HK,北京健康,35,医药卫生,3510,医疗,351020,医疗商业与服务,35102010,医疗服务
2390.HK,知乎-W,50,通信服务,5030,传媒,503030,数字媒体,50303040,互动媒体
2391.HK,涂鸦智能-W,45,信息技术,4510,计算机,451020,信息技术服务,45102020,云计算服务
2392.HK,玄武云,45,信息技术,4510,计算机,451020,信息技术服务,45102020,云计算服务
2393.HK,巨星医疗控股,35,医药卫生,3510,医疗,351020,医疗商业与服务,35102020,医药商业
2396.HK,华芢生物-B,35,医药卫生,3520,医药,352010,生物药品,35201030,其他生物药品
2399.HK,中国安储能源,25,可选消费,2510,乘用车及零部件,251040,汽车经销商与汽车服务,25104010,汽车经销商
2400.HK,心动公司,50,通信服务,5030,传媒,503020,文化娱乐,50302020,游戏
2402.HK,亿华通,20,工业,2030,电力设备,203030,储能设备,20303010,电池
2405.HK,力盟科技,50,通信服务,5030,传媒,503010,营销与广告,50301010,数字营销
2407.HK,高视医疗,35,医药卫生,3510,医疗,351010,医疗器械,35101010,医疗设备
2408.HK,遇见小面,25,可选消费,2540,消费者服务,254010,休闲服务,25401040,餐饮服务
2409.HK,洲际船务,20,工业,2070,交通运输,207010,运输业,20701040,航运
2410.HK,同源康医药-B,35,医药卫生,3520,医药,352020,化学药,35202020,药品制剂
2411.HK,百果园集团,25,可选消费,2550,零售业,255020,专营零售,25502010,专营零售
2415.HK,梅斯健康,45,信息技术,4510,计算机,451020,信息技术服务,45102030,其他IT与互联网服务
2416.HK,易点云,45,信息技术,4510,计算机,451020,信息技术服务,45102030,其他IT与互联网服务
2418.HK,德银天下,20,工业,2070,交通运输,207010,运输业,20701020,物流综合
2419.HK,德康农牧,30,主要消费,3020,农牧渔,302020,养殖,30202030,畜牧产品
2420.HK,子不语,25,可选消费,2550,零售业,255040,互联网零售,25504010,互联网零售
2421.HK,嘉创地产,60,房地产,6010,房地产,601010,房地产开发与园区,60101010,房地产开发
2422.HK,润歌互动,50,通信服务,5030,传媒,503010,营销与广告,50301010,数字营销
2423.HK,贝壳-W,60,房地产,6010,房地产,601020,房地产管理与服务,60102020,房地产服务
2425.HK,澳亚集团,30,主要消费,3010,食品、饮料与烟草,301030,食品,30103030,乳制品
2427.HK,GUANZE MEDICAL,35,医药卫生,3510,医疗,351010,医疗器械,35101020,医疗耗材
2429.HK,友宝在线,25,可选消费,2550,零售业,255010,一般零售,25501020,超市与便利店
2431.HK,佑驾创新,25,可选消费,2510,乘用车及零部件,251010,汽车零部件与轮胎,25101030,汽车电子
2432.HK,越疆,20,工业,2040,机械制造,204010,通用机械,20401040,电动机与工控自动化
2433.HK,中天湖南集团,20,工业,2020,建筑装饰,202010,建筑与工程,20201010,房屋建设
2436.HK,凌雄科技,45,信息技术,4510,计算机,451020,信息技术服务,45102030,其他IT与互联网服务
2438.HK,出门问问,45,信息技术,4510,计算机,451010,软件开发,45101010,通用软件
2439.HK,中宝新材,15,原材料,1550,造纸与包装,155010,容器与包装,15501010,金属、玻璃与塑料包装
2440.HK,迷策略,50,通信服务,5020,通信设备及技术服务,502020,数据中心,50202010,数据中心
2442.HK,怡俊集团控股,20,工业,2020,建筑装饰,202020,建筑装修,20202010,建筑装修
2443.HK,汽车街,25,可选消费,2510,乘用车及零部件,251040,汽车经销商与汽车服务,25104010,汽车经销商
2450.HK,淮北绿金股份,15,原材料,1540,非金属材料,154010,建筑材料,15401010,水泥与混凝土
2451.HK,绿源集团控股,25,可选消费,2510,乘用车及零部件,251030,摩托车及其他,25103010,摩托车及其他
2453.HK,美中嘉和,35,医药卫生,3510,医疗,351020,医疗商业与服务,35102010,医疗服务
2455.HK,润华服务,60,房地产,6010,房地产,601020,房地产管理与服务,60102010,房地产管理
2457.HK,步阳国际,25,可选消费,2510,乘用车及零部件,251010,汽车零部件与轮胎,25101010,汽车系统部件
2458.HK,望尘科技控股,50,通信服务,5030,传媒,503020,文化娱乐,50302020,游戏
2459.HK,昇能集团,15,原材料,1540,非金属材料,154020,其他非金属材料,15402020,其他非金属材料
2460.HK,华润饮料,30,主要消费,3010,食品、饮料与烟草,301020,软饮料,30102010,软饮料
2465.HK,龙蟠科技,20,工业,2030,电力设备,203030,储能设备,20303020,电池部件及材料
2469.HK,粉笔,25,可选消费,2540,消费者服务,254020,教育服务,25402020,培训教育及其他
2473.HK,喜相逢集团,25,可选消费,2510,乘用车及零部件,251040,汽车经销商与汽车服务,25104010,汽车经销商
2477.HK,经纬天地,50,通信服务,5020,通信设备及技术服务,502030,通信技术服务,50203010,通信技术服务
2479.HK,天聚地合,45,信息技术,4510,计算机,451020,信息技术服务,45102030,其他IT与互联网服务
2480.HK,绿竹生物,35,医药卫生,3520,医药,352010,生物药品,35201020,疫苗
2481.HK,慧居科技,55,公用事业,5510,公用事业,551050,供热及其他,55105010,供热及其他
2482.HK,维天运通,20,工业,2070,交通运输,207010,运输业,20701060,公路运输
2483.HK,K CASH集团,40,金融,4020,其他金融,402020,消费信贷,40202010,消费信贷
2486.HK,普乐师集团控股,50,通信服务,5030,传媒,503010,营销与广告,50301020,其他广告营销
2487.HK,科笛-B,35,医药卫生,3520,医药,352010,生物药品,35201030,其他生物药品
2488.HK,元征科技,20,工业,2040,机械制造,204010,通用机械,20401050,仪器仪表
2489.HK,集海黄金,15,原材料,1520,有色金属,152020,贵金属,15202010,黄金
2490.HK,乐舱物流,20,工业,2070,交通运输,207010,运输业,20701040,航运
2495.HK,声通科技,45,信息技术,4510,计算机,451010,软件开发,45101010,通用软件
2496.HK,友芝友生物-B,35,医药卫生,3520,医药,352010,生物药品,35201030,其他生物药品
2497.HK,富景中国控股,30,主要消费,3020,农牧渔,302010,种植,30201010,农产品
2498.HK,速腾聚创,20,工业,2040,机械制造,204010,通用机械,20401040,电动机与工控自动化
2499.HK,佛朗斯股份,20,工业,2060,商业服务与用品,206010,商业服务与用品,20601050,其他商业服务与用品
2500.HK,启明医疗-B,35,医药卫生,3510,医疗,351010,医疗器械,35101020,医疗耗材
2501.HK,迈越科技,45,信息技术,4510,计算机,451020,信息技术服务,45102010,系统集成服务
2502.HK,金源氢化,15,原材料,1510,化工,151030,化学原料,15103050,其他化学原料
2503.HK,中深建业,20,工业,2020,建筑装饰,202010,建筑与工程,20201010,房屋建设
2505.HK,EDA集团控股,20,工业,2070,交通运输,207010,运输业,20701020,物流综合
2506.HK,讯飞医疗科技,45,信息技术,4510,计算机,451010,软件开发,45101020,行业应用软件
2507.HK,西锐,20,工业,2010,航空航天与国防,201010,航空航天,20101010,航空
2508.HK,圣贝拉集团,35,医药卫生,3510,医疗,351020,医疗商业与服务,35102010,医疗服务
2509.HK,荃信生物-B,35,医药卫生,3520,医药,352010,生物药品,35201030,其他生物药品
2510.HK,德翔海运,20,工业,2070,交通运输,207010,运输业,20701040,航运
2511.HK,君圣泰医药-B,35,医药卫生,3520,医药,352020,化学药,35202020,药品制剂
2512.HK,云工场,50,通信服务,5020,通信设备及技术服务,502020,数据中心,50202010,数据中心
2513.HK,智谱,45,信息技术,4510,计算机,451010,软件开发,45101010,通用软件
2515.HK,天津建发,20,工业,2020,建筑装饰,202010,建筑与工程,20201020,基础设施建设
2516.HK,泛远国际,20,工业,2070,交通运输,207010,运输业,20701020,物流综合
2517.HK,锅圈,30,主要消费,3010,食品、饮料与烟草,301030,食品,30103050,其他食品
2518.HK,汽车之家-S,50,通信服务,5030,传媒,503030,数字媒体,50303030,图文媒体
2519.HK,傲基股份,25,可选消费,2520,耐用消费品,252020,家居,25202010,家具
2520.HK,山西安装,20,工业,2020,建筑装饰,202010,建筑与工程,20201040,专业工程
2521.HK,升辉清洁,60,房地产,6010,房地产,601020,房地产管理与服务,60102010,房地产管理
2522.HK,一脉阳光,35,医药卫生,3510,医疗,351020,医疗商业与服务,35102010,医疗服务
2525.HK,禾赛-W,25,可选消费,2510,乘用车及零部件,251010,汽车零部件与轮胎,25101030,汽车电子
2526.HK,德适生物,35,医药卫生,3510,医疗,351010,医疗器械,35101010,医疗设备
2528.HK,尚晋国际控股,25,可选消费,2550,零售业,255020,专营零售,25502010,专营零售
2529.HK,泓盈集团,60,房地产,6010,房地产,601020,房地产管理与服务,60102010,房地产管理
2530.HK,纽曼思,30,主要消费,3010,食品、饮料与烟草,301030,食品,30103050,其他食品
2531.HK,广联科技控股,25,可选消费,2510,乘用车及零部件,251040,汽车经销商与汽车服务,25104020,汽车服务
2533.HK,黑芝麻智能,25,可选消费,2510,乘用车及零部件,251010,汽车零部件与轮胎,25101030,汽车电子
2535.HK,泓基集团,20,工业,2020,建筑装饰,202010,建筑与工程,20201040,专业工程
2536.HK,百乐皇宫,25,可选消费,2540,消费者服务,254010,休闲服务,25401060,博彩
2539.HK,乐摩科技,25,可选消费,2540,消费者服务,254010,休闲服务,25401070,其他休闲服务
2540.HK,乐思集团,50,通信服务,5030,传媒,503010,营销与广告,50301010,数字营销
2543.HK,大行科工,25,可选消费,2520,耐用消费品,252030,休闲设备与用品,25203010,休闲设备与用品
2545.HK,中赣通信,50,通信服务,5020,通信设备及技术服务,502030,通信技术服务,50203010,通信技术服务
2546.HK,智汇矿业,15,原材料,1520,有色金属,152010,工业金属,15201030,铅锌
2549.HK,卡罗特,25,可选消费,2520,耐用消费品,252020,家居,25202020,其他家居
2550.HK,宜搜科技,50,通信服务,5030,传媒,503030,数字媒体,50303030,图文媒体
2551.HK,晶科电子股份,45,信息技术,4520,电子,452030,光学光电子,45203020,LED
2552.HK,华领医药-B,35,医药卫生,3520,医药,352020,化学药,35202020,药品制剂
2555.HK,茶百道,25,可选消费,2540,消费者服务,254010,休闲服务,25401040,餐饮服务
2556.HK,迈富时,45,信息技术,4510,计算机,451020,信息技术服务,45102020,云计算服务
2558.HK,晋商银行,40,金融,4010,银行,401010,商业银行,40101020,区域性银行
2559.HK,嘀嗒出行,25,可选消费,2540,消费者服务,254010,休闲服务,25401050,本地生活服务
2560.HK,海螺材料科技,15,原材料,1540,非金属材料,154010,建筑材料,15401010,水泥与混凝土
2561.HK,维昇药业-B,35,医药卫生,3520,医药,352010,生物药品,35201030,其他生物药品
2562.HK,狮腾控股,25,可选消费,2550,零售业,255040,互联网零售,25504010,互联网零售
2563.HK,华昊中天医药-B,35,医药卫生,3520,医药,352020,化学药,35202020,药品制剂
2565.HK,派格生物医药-B,35,医药卫生,3520,医药,352010,生物药品,35201030,其他生物药品
2566.HK,九源基因,35,医药卫生,3510,医疗,351010,医疗器械,35101020,医疗耗材
2567.HK,七牛智能,45,信息技术,4510,计算机,451020,信息技术服务,45102020,云计算服务
2569.HK,舒宝国际,30,主要消费,3030,家庭与个人用品,303010,家庭用品,30301010,家庭用品
2570.HK,重塑能源,20,工业,2030,电力设备,203030,储能设备,20303010,电池
2571.HK,赛目科技,20,工业,2060,商业服务与用品,206010,商业服务与用品,20601050,其他商业服务与用品
2573.HK,新琪安,30,主要消费,3010,食品、饮料与烟草,301030,食品,30103050,其他食品
2575.HK,轩竹生物,35,医药卫生,3520,医药,352020,化学药,35202020,药品制剂
2576.HK,太美医疗科技,45,信息技术,4510,计算机,451010,软件开发,45101020,行业应用软件
2577.HK,英诺赛科,45,信息技术,4530,半导体,453020,分立器件,45302010,分立器件
2579.HK,中伟新材,20,工业,2030,电力设备,203030,储能设备,20303020,电池部件及材料
2580.HK,奥克斯电气,25,可选消费,2520,耐用消费品,252010,家用电器,25201010,白色家电
2581.HK,明基医院,35,医药卫生,3510,医疗,351020,医疗商业与服务,35102010,医疗服务
2582.HK,国富氢能,20,工业,2040,机械制造,204010,通用机械,20401030,气液机械
2583.HK,西普尼,25,可选消费,2530,纺织服装与珠宝,253020,珠宝与奢侈品,25302010,珠宝与奢侈品
2585.HK,梦金园,25,可选消费,2530,纺织服装与珠宝,253020,珠宝与奢侈品,25302010,珠宝与奢侈品
2586.HK,多点数智,45,信息技术,4510,计算机,451020,信息技术服务,45102020,云计算服务
2587.HK,健康之路,50,通信服务,5030,传媒,503030,数字媒体,50303030,图文媒体
2588.HK,中银航空租赁,20,工业,2060,商业服务与用品,206010,商业服务与用品,20601050,其他商业服务与用品
2589.HK,沪上阿姨,25,可选消费,2540,消费者服务,254010,休闲服务,25401040,餐饮服务
2590.HK,极智嘉-W,20,工业,2040,机械制造,204010,通用机械,20401040,电动机与工控自动化
2591.HK,银诺医药-B,35,医药卫生,3520,医药,352010,生物药品,35201030,其他生物药品
2592.HK,拨康视云,35,医药卫生,3520,医药,352020,化学药,35202020,药品制剂
2593.HK,草姬集团,30,主要消费,3010,食品、饮料与烟草,301030,食品,30103050,其他食品
2595.HK,劲方医药-B,35,医药卫生,3520,医药,352020,化学药,35202020,药品制剂
2596.HK,宜宾银行,40,金融,4010,银行,401010,商业银行,40101020,区域性银行
2597.HK,讯众通信,45,信息技术,4510,计算机,451020,信息技术服务,45102020,云计算服务
2598.HK,连连数字,40,金融,4020,其他金融,402010,其他金融服务,40201020,特殊金融服务
2600.HK,中国铝业,15,原材料,1520,有色金属,152010,工业金属,15201020,铝
2601.HK,中国太保,40,金融,4040,保险,404010,保险,40401020,多元化保险
2602.HK,万物云,60,房地产,6010,房地产,601020,房地产管理与服务,60102010,房地产管理
2603.HK,吉宏股份,25,可选消费,2550,零售业,255040,互联网零售,25504010,互联网零售
2605.HK,METALIGHT,45,信息技术,4510,计算机,451010,软件开发,45101010,通用软件
2607.HK,上海医药,35,医药卫生,3510,医疗,351020,医疗商业与服务,35102020,医药商业
2608.HK,阳光100中国,60,房地产,6010,房地产,601010,房地产开发与园区,60101010,房地产开发
2609.HK,佰泽医疗,35,医药卫生,3510,医疗,351020,医疗商业与服务,35102010,医疗服务
2610.HK,南山铝业国际,15,原材料,1520,有色金属,152010,工业金属,15201020,铝
2611.HK,国泰海通,40,金融,4030,资本市场,403010,证券公司,40301010,证券公司
2613.HK,汇舸环保,20,工业,2050,环保,205010,污染治理,20501030,烟气治理
2616.HK,基石药业-B,35,医药卫生,3520,医药,352010,生物药品,35201030,其他生物药品
2617.HK,药捷安康-B,35,医药卫生,3520,医药,352020,化学药,35202020,药品制剂
2618.HK,京东物流,20,工业,2070,交通运输,207010,运输业,20701020,物流综合
2619.HK,香江电器,25,可选消费,2520,耐用消费品,252010,家用电器,25201030,小家电
2621.HK,手回集团,40,金融,4040,保险,404010,保险,40401050,保险经纪商
2623.HK,爱德新能源,15,原材料,1530,钢铁,153010,钢铁,15301030,其他钢铁
2625.HK,江苏宏信,25,可选消费,2550,零售业,255020,专营零售,25502010,专营零售
2627.HK,中慧生物-B,35,医药卫生,3520,医药,352010,生物药品,35201020,疫苗
2628.HK,中国人寿,40,金融,4040,保险,404010,保险,40401010,人寿与健康保险
2629.HK,MIRXES-B,35,医药卫生,3510,医疗,351010,医疗器械,35101030,体外诊断
2630.HK,旺山旺水-B,35,医药卫生,3520,医药,352010,生物药品,35201030,其他生物药品
2631.HK,天岳先进,45,信息技术,4530,半导体,453030,半导体材料与设备,45303010,半导体材料
2632.HK,泽景,25,可选消费,2510,乘用车及零部件,251010,汽车零部件与轮胎,25101030,汽车电子
2633.HK,雅各臣科研制药,35,医药卫生,3520,医药,352020,化学药,35202020,药品制剂
2635.HK,诺比侃,20,工业,2040,机械制造,204030,交通运输设备,20403010,城轨铁路
2637.HK,海西新药,35,医药卫生,3520,医药,352020,化学药,35202020,药品制剂
2638.HK,港灯-SS,55,公用事业,5510,公用事业,551010,电力及电网,55101010,火电
2643.HK,曹操出行,25,可选消费,2540,消费者服务,254010,休闲服务,25401050,本地生活服务
2648.HK,安井食品,30,主要消费,3010,食品、饮料与烟草,301030,食品,30103050,其他食品
2649.HK,优乐赛共享,15,原材料,1550,造纸与包装,155010,容器与包装,15501010,金属、玻璃与塑料包装
2651.HK,大众口腔,35,医药卫生,3510,医疗,351020,医疗商业与服务,35102010,医疗服务
2652.HK,长风药业,35,医药卫生,3520,医药,352020,化学药,35202020,药品制剂
2655.HK,果下科技,20,工业,2030,电力设备,203030,储能设备,20303030,其他储能设备
2656.HK,健康160,35,医药卫生,3510,医疗,351020,医疗商业与服务,35102020,医药商业
2657.HK,林清轩,30,主要消费,3030,家庭与个人用品,303020,美容护理,30302010,美容护理
2658.HK,天域半导体,45,信息技术,4530,半导体,453030,半导体材料与设备,45303010,半导体材料
2659.HK,宝济药业-B,35,医药卫生,3520,医药,352010,生物药品,35201030,其他生物药品
2660.HK,禅游科技,50,通信服务,5030,传媒,503020,文化娱乐,50302020,游戏
2661.HK,轻松健康,40,金融,4040,保险,404010,保险,40401020,多元化保险
2663.HK,应力控股,20,工业,2020,建筑装饰,202010,建筑与工程,20201040,专业工程
2665.HK,图达通,25,可选消费,2510,乘用车及零部件,251010,汽车零部件与轮胎,25101030,汽车电子
2666.HK,环球医疗,35,医药卫生,3510,医疗,351020,医疗商业与服务,35102010,医疗服务
2668.HK,百德国际,20,工业,2070,交通运输,207010,运输业,20701020,物流综合
2669.HK,中海物业,60,房地产,6010,房地产,601020,房地产管理与服务,60102010,房地产管理
2670.HK,云迹,20,工业,2040,机械制造,204010,通用机械,20401040,电动机与工控自动化
2671.HK,美联股份,20,工业,2020,建筑装饰,202010,建筑与工程,20201040,专业工程
2675.HK,精锋医疗-B,35,医药卫生,3510,医疗,351010,医疗器械,35101010,医疗设备
2676.HK,纳芯微,45,信息技术,4530,半导体,453010,集成电路,45301010,集成电路设计
2677.HK,卓正医疗,35,医药卫生,3510,医疗,351020,医疗商业与服务,35102010,医疗服务
2678.HK,天虹国际集团,25,可选消费,2530,纺织服装与珠宝,253010,纺织服装,25301010,纺织品
2680.HK,创升控股,40,金融,4030,资本市场,403010,证券公司,40301010,证券公司
2682.HK,润利海事,20,工业,2070,交通运输,207010,运输业,20701040,航运
2683.HK,华新手袋国际控股,25,可选消费,2530,纺织服装与珠宝,253010,纺织服装,25301030,鞋帽与配饰
2685.HK,量化派,25,可选消费,2550,零售业,255040,互联网零售,25504010,互联网零售
2687.HK,卓越睿新,25,可选消费,2540,消费者服务,254020,教育服务,25402020,培训教育及其他
2688.HK,新奥能源,55,公用事业,5510,公用事业,551020,燃气,55102010,燃气
2689.HK,玖龙纸业,15,原材料,1550,造纸与包装,155010,容器与包装,15501020,纸材料包装
2691.HK,南华期货股份,40,金融,4030,资本市场,403020,其他资本市场,40302030,其他资本市场
2692.HK,兆威机电,20,工业,2040,机械制造,204010,通用机械,20401020,动力机械
2693.HK,金岩高岭新材,15,原材料,1540,非金属材料,154020,其他非金属材料,15402020,其他非金属材料
2695.HK,印象大红袍,25,可选消费,2540,消费者服务,254010,休闲服务,25401070,其他休闲服务
2696.HK,复宏汉霖,35,医药卫生,3520,医药,352010,生物药品,35201030,其他生物药品
2698.HK,乐舒适,30,主要消费,3030,家庭与个人用品,303010,家庭用品,30301010,家庭用品
2699.HK,新明中国,60,房地产,6010,房地产,601010,房地产开发与园区,60101010,房地产开发
2700.HK,格林国际控股,35,医药卫生,3510,医疗,351020,医疗商业与服务,35102010,医疗服务
2701.HK,国民技术,45,信息技术,4530,半导体,453010,集成电路,45301010,集成电路设计
2706.HK,海致科技集团,45,信息技术,4510,计算机,451010,软件开发,45101010,通用软件
2714.HK,牧原股份,30,主要消费,3020,农牧渔,302020,养殖,30202030,畜牧产品
2715.HK,埃斯顿,20,工业,2040,机械制造,204010,通用机械,20401040,电动机与工控自动化
2718.HK,明略科技-W,45,信息技术,4510,计算机,451010,软件开发,45101010,通用软件
2720.HK,乐欣户外,25,可选消费,2520,耐用消费品,252030,休闲设备与用品,25203010,休闲设备与用品
2722.HK,重庆机电,20,工业,2040,机械制造,204010,通用机械,20401070,其他通用机械
2726.HK,瀚天天成,45,信息技术,4530,半导体,453030,半导体材料与设备,45303010,半导体材料
2727.HK,上海电气,20,工业,2030,电力设备,203010,发电设备,20301030,其他发电设备
2728.HK,金泰能源控股,10,能源,1010,能源,101020,石油与天然气,10102040,油气流通及其他
2729.HK,凯乐士科技,20,工业,2040,机械制造,204010,通用机械,20401040,电动机与工控自动化
2738.HK,华津国际控股,15,原材料,1530,钢铁,153010,钢铁,15301010,普钢
2768.HK,国恩科技,15,原材料,1510,化工,151050,塑料,15105010,改性塑料
2772.HK,中梁控股,60,房地产,6010,房地产,601010,房地产开发与园区,60101010,房地产开发
2777.HK,富力地产,60,房地产,6010,房地产,601010,房地产开发与园区,60101010,房地产开发
2778.HK,冠君产业信托,60,房地产,6010,房地产,601030,房地产投资信托(REITs),60103010,房地产投资信托(REITs)
2779.HK,中国新华教育,25,可选消费,2540,消费者服务,254020,教育服务,25402010,学历教育
2788.HK,创新实业,15,原材料,1520,有色金属,152010,工业金属,15201020,铝
2789.HK,远大中国,20,工业,2020,建筑装饰,202020,建筑装修,20202010,建筑装修
2798.HK,久泰邦达能源,10,能源,1010,能源,101030,煤炭,10103020,焦炭
2799.HK,中信金融资产,40,金融,4030,资本市场,403020,其他资本市场,40302010,资产管理
2858.HK,易鑫集团,40,金融,4020,其他金融,402020,消费信贷,40202010,消费信贷
2863.HK,高丰集团控股,20,工业,2020,建筑装饰,202020,建筑装修,20202010,建筑装修
2865.HK,钧达股份,20,工业,2030,电力设备,203010,发电设备,20301010,光伏设备
2866.HK,中远海发,20,工业,2040,机械制造,204030,交通运输设备,20403020,船舶及其他航运设备
2869.HK,绿城服务,60,房地产,6010,房地产,601020,房地产管理与服务,60102010,房地产管理
2877.HK,神威药业,35,医药卫生,3520,医药,352030,中药,35203020,中成药
2878.HK,晶门半导体,45,信息技术,4530,半导体,453010,集成电路,45301010,集成电路设计
2880.HK,辽港股份,20,工业,2070,交通运输,207020,交通基本设施,20702020,港口
2881.HK,武汉有机,15,原材料,1510,化工,151030,化学原料,15103050,其他化学原料
2882.HK,金至尊集团,25,可选消费,2530,纺织服装与珠宝,253020,珠宝与奢侈品,25302010,珠宝与奢侈品
2883.HK,中海油田服务,10,能源,1010,能源,101010,油气开采与油田服务,10101020,油田服务
2885.HK,彼岸控股,20,工业,2010,航空航天与国防,201010,航空航天,20101010,航空
2886.HK,滨海投资,55,公用事业,5510,公用事业,551020,燃气,55102010,燃气
2888.HK,渣打集团,40,金融,4010,银行,401010,商业银行,40101010,综合性银行
2889.HK,博泰车联,25,可选消费,2510,乘用车及零部件,251010,汽车零部件与轮胎,25101030,汽车电子
2892.HK,万城控股,60,房地产,6010,房地产,601010,房地产开发与园区,60101010,房地产开发
2898.HK,盛禾生物-B,35,医药卫生,3520,医药,352010,生物药品,35201030,其他生物药品
2899.HK,紫金矿业,15,原材料,1520,有色金属,152020,贵金属,15202010,黄金
2910.HK,挚达科技,20,工业,2030,电力设备,203030,储能设备,20303030,其他储能设备
2929.HK,STERLING GP,25,可选消费,2530,纺织服装与珠宝,253010,纺织服装,25301020,服装
2934.HK,圣马丁国际,50,通信服务,5020,通信设备及技术服务,502010,通信设备,50201010,通信终端设备及组件
300001,特锐德,20,工业,2030,电力设备,203020,电网设备,20302030,配电设备
300002,神州泰岳,50,通信服务,5030,传媒,503020,文化娱乐,50302020,游戏
300003,乐普医疗,35,医药卫生,3510,医疗,351010,医疗器械,35101020,医疗耗材
300004,南风股份,20,工业,2040,机械制造,204020,专用机械,20402070,楼宇设备
300005,探路者,25,可选消费,2530,纺织服装与珠宝,253010,纺织服装,25301020,服装
300006,莱美药业,35,医药卫生,3520,医药,352020,化学药,35202020,药品制剂
300007,汉威科技,20,工业,2040,机械制造,204010,通用机械,20401050,仪器仪表
300008,天海防务,20,工业,2040,机械制造,204030,交通运输设备,20403020,船舶及其他航运设备
300009,安科生物,35,医药卫生,3520,医药,352010,生物药品,35201030,其他生物药品
300010,豆神教育,45,信息技术,4510,计算机,451010,软件开发,45101020,行业应用软件
300011,鼎汉技术,20,工业,2040,机械制造,204030,交通运输设备,20403010,城轨铁路
300012,华测检测,20,工业,2060,商业服务与用品,206010,商业服务与用品,20601050,其他商业服务与用品
300013,新宁物流,20,工业,2070,交通运输,207010,运输业,20701020,物流综合
300014,亿纬锂能,20,工业,2030,电力设备,203030,储能设备,20303010,电池
300015,爱尔眼科,35,医药卫生,3510,医疗,351020,医疗商业与服务,35102010,医疗服务
300016,北陆药业,35,医药卫生,3520,医药,352020,化学药,35202020,药品制剂
300017,网宿科技,50,通信服务,5020,通信设备及技术服务,502020,数据中心,50202010,数据中心
300018,中元股份,20,工业,2030,电力设备,203020,电网设备,20302010,电网自动化
300019,硅宝科技,15,原材料,1510,化工,151040,化学制品,15104070,胶黏剂及胶带
300020,ST银江,45,信息技术,4510,计算机,451020,信息技术服务,45102010,系统集成服务
300021,大禹节水,20,工业,2040,机械制造,204020,专用机械,20402060,农业机械
300022,吉峰科技,20,工业,2060,商业服务与用品,206010,商业服务与用品,20601040,贸易商
300024,机器人,20,工业,2040,机械制造,204010,通用机械,20401040,电动机与工控自动化
300025,华星创业,50,通信服务,5020,通信设备及技术服务,502030,通信技术服务,50203010,通信技术服务
300026,红日药业,35,医药卫生,3520,医药,352030,中药,35203020,中成药
300027,华谊兄弟,50,通信服务,5030,传媒,503020,文化娱乐,50302010,影视动漫
300029,*ST天龙,20,工业,2020,建筑装饰,202010,建筑与工程,20201020,基础设施建设
300030,阳普医疗,35,医药卫生,3510,医疗,351010,医疗器械,35101020,医疗耗材
300031,宝通科技,50,通信服务,5030,传媒,503020,文化娱乐,50302020,游戏
300032,金龙机电,45,信息技术,4520,电子,452010,电子终端及组件,45201030,消费电子组件及零部件
300033,同花顺,45,信息技术,4510,计算机,451010,软件开发,45101020,行业应用软件
300034,钢研高纳,20,工业,2010,航空航天与国防,201010,航空航天,20101010,航空
300035,中科电气,20,工业,2030,电力设备,203030,储能设备,20303020,电池部件及材料
300036,超图软件,45,信息技术,4510,计算机,451010,软件开发,45101010,通用软件
300037,新宙邦,20,工业,2030,电力设备,203030,储能设备,20303020,电池部件及材料
300039,上海凯宝,35,医药卫生,3520,医药,352030,中药,35203020,中成药
300040,九洲集团,55,公用事业,5510,公用事业,551010,电力及电网,55101040,风电
300041,回天新材,15,原材料,1510,化工,151040,化学制品,15104070,胶黏剂及胶带
300042,朗科科技,45,信息技术,4520,电子,452010,电子终端及组件,45201010,电脑与外围设备
300043,星辉娱乐,50,通信服务,5030,传媒,503020,文化娱乐,50302020,游戏
300044,ST赛为,45,信息技术,4510,计算机,451020,信息技术服务,45102010,系统集成服务
300045,华力创通,20,工业,2010,航空航天与国防,201010,航空航天,20101020,航天
300046,台基股份,45,信息技术,4530,半导体,453020,分立器件,45302010,分立器件
300047,天源迪科,45,信息技术,4510,计算机,451010,软件开发,45101020,行业应用软件
300048,合康新能,20,工业,2040,机械制造,204010,通用机械,20401040,电动机与工控自动化
300049,福瑞医科,35,医药卫生,3510,医疗,351010,医疗器械,35101010,医疗设备
300050,世纪鼎利,50,通信服务,5020,通信设备及技术服务,502030,通信技术服务,50203010,通信技术服务
300051,琏升科技,45,信息技术,4510,计算机,451020,信息技术服务,45102030,其他IT与互联网服务
300052,ST中青宝,50,通信服务,5030,传媒,503020,文化娱乐,50302020,游戏
300053,航宇微,20,工业,2010,航空航天与国防,201010,航空航天,20101010,航空
300054,鼎龙股份,20,工业,2060,商业服务与用品,206010,商业服务与用品,20601030,办公服务与用品
300055,万邦达,15,原材料,1510,化工,151030,化学原料,15103050,其他化学原料
300056,中创环保,20,工业,2050,环保,205010,污染治理,20501030,烟气治理
300057,万顺新材,15,原材料,1550,造纸与包装,155010,容器与包装,15501010,金属、玻璃与塑料包装
300058,蓝色光标,50,通信服务,5030,传媒,503010,营销与广告,50301010,数字营销
300059,东方财富,40,金融,4030,资本市场,403010,证券公司,40301010,证券公司
300061,旗天科技,50,通信服务,5030,传媒,503010,营销与广告,50301010,数字营销
300062,中能电气,20,工业,2030,电力设备,203020,电网设备,20302030,配电设备
300063,天龙集团,50,通信服务,5030,传媒,503010,营销与广告,50301010,数字营销
300065,海兰信,20,工业,2040,机械制造,204030,交通运输设备,20403020,船舶及其他航运设备
300066,三川智慧,20,工业,2040,机械制造,204010,通用机械,20401050,仪器仪表
300067,安诺其,15,原材料,1510,化工,151040,化学制品,15104030,印染化学品
300068,南都电源,20,工业,2030,电力设备,203030,储能设备,20303010,电池
300069,金利华电,20,工业,2030,电力设备,203020,电网设备,20302040,线缆及其他
300070,碧水源,20,工业,2050,环保,205010,污染治理,20501020,污水处理
300071,福石控股,50,通信服务,5030,传媒,503010,营销与广告,50301010,数字营销
300072,海新能科,20,工业,2050,环保,205020,节能与生态修复,20502010,节能与资源回收
300073,当升科技,20,工业,2030,电力设备,203030,储能设备,20303020,电池部件及材料
300074,华平股份,45,信息技术,4510,计算机,451020,信息技术服务,45102010,系统集成服务
300075,数字政通,45,信息技术,4510,计算机,451010,软件开发,45101020,行业应用软件
300076,GQY视讯,45,信息技术,4520,电子,452030,光学光电子,45203010,面板
300077,国民技术,45,信息技术,4530,半导体,453010,集成电路,45301010,集成电路设计
300078,思创智联,50,通信服务,5020,通信设备及技术服务,502010,通信设备,50201010,通信终端设备及组件
300079,数码视讯,45,信息技术,4510,计算机,451020,信息技术服务,45102010,系统集成服务
300080,易成新能,20,工业,2030,电力设备,203010,发电设备,20301010,光伏设备
300081,恒信东方,45,信息技术,4510,计算机,451020,信息技术服务,45102010,系统集成服务
300082,奥克股份,15,原材料,1540,非金属材料,154010,建筑材料,15401010,水泥与混凝土
300083,创世纪,20,工业,2040,机械制造,204010,通用机械,20401040,电动机与工控自动化
300084,海默科技,10,能源,1010,能源,101010,油气开采与油田服务,10101010,油气开采
300085,银之杰,50,通信服务,5010,电信服务,501020,电信增值服务,50102010,电信增值服务
300086,康芝药业,35,医药卫生,3520,医药,352020,化学药,35202020,药品制剂
300087,荃银高科,30,主要消费,3020,农牧渔,302010,种植,30201020,种业
300088,长信科技,45,信息技术,4520,电子,452030,光学光电子,45203010,面板
300091,*ST金灵,20,工业,2040,机械制造,204010,通用机械,20401030,气液机械
300092,科新机电,20,工业,2040,机械制造,204020,专用机械,20402030,化工机械
300093,*ST金刚,20,工业,2030,电力设备,203010,发电设备,20301010,光伏设备
300094,国联水产,30,主要消费,3020,农牧渔,302020,养殖,30202040,渔业产品
300095,华伍股份,20,工业,2040,机械制造,204010,通用机械,20401020,动力机械
300096,ST易联众,45,信息技术,4510,计算机,451010,软件开发,45101020,行业应用软件
300097,智云股份,20,工业,2040,机械制造,204020,专用机械,20402080,其他专用机械
300098,高新兴,50,通信服务,5020,通信设备及技术服务,502010,通信设备,50201010,通信终端设备及组件
300099,尤洛卡,20,工业,2040,机械制造,204020,专用机械,20402020,采矿冶金机械
300100,双林股份,25,可选消费,2510,乘用车及零部件,251010,汽车零部件与轮胎,25101020,汽车内饰与外饰
300101,振芯科技,45,信息技术,4530,半导体,453010,集成电路,45301010,集成电路设计
300102,乾照光电,45,信息技术,4520,电子,452030,光学光电子,45203020,LED
300103,达刚控股,20,工业,2040,机械制造,204020,专用机械,20402010,工程机械
300105,龙源技术,20,工业,2050,环保,205020,节能与生态修复,20502010,节能与资源回收
300106,西部牧业,30,主要消费,3010,食品、饮料与烟草,301030,食品,30103030,乳制品
300107,建新股份,15,原材料,1510,化工,151040,化学制品,15104030,印染化学品
300109,新开源,15,原材料,1510,化工,151040,化学制品,15104080,其他化学制品
300110,华仁药业,35,医药卫生,3520,医药,352020,化学药,35202020,药品制剂
300111,向日葵,35,医药卫生,3520,医药,352020,化学药,35202010,原料药
300112,万讯自控,20,工业,2040,机械制造,204010,通用机械,20401050,仪器仪表
300113,顺网科技,45,信息技术,4510,计算机,451010,软件开发,45101020,行业应用软件
300115,长盈精密,45,信息技术,4520,电子,452010,电子终端及组件,45201030,消费电子组件及零部件
300118,东方日升,20,工业,2030,电力设备,203010,发电设备,20301010,光伏设备
300119,瑞普生物,30,主要消费,3020,农牧渔,302020,养殖,30202020,动物保健与育种
300120,经纬辉开,45,信息技术,4520,电子,452030,光学光电子,45203010,面板
300121,阳谷华泰,15,原材料,1510,化工,151060,橡胶,15106010,橡胶助剂
300122,智飞生物,35,医药卫生,3520,医药,352010,生物药品,35201020,疫苗
300123,亚光科技,20,工业,2010,航空航天与国防,201020,国防装备,20102010,国防装备
300124,汇川技术,20,工业,2040,机械制造,204010,通用机械,20401040,电动机与工控自动化
300125,*ST聆达,20,工业,2030,电力设备,203010,发电设备,20301010,光伏设备
300126,锐奇股份,20,工业,2040,机械制造,204010,通用机械,20401070,其他通用机械
300127,银河磁体,15,原材料,1520,有色金属,152030,稀有金属,15203010,稀土金属
300128,锦富技术,45,信息技术,4520,电子,452030,光学光电子,45203010,面板
300129,泰胜风能,20,工业,2030,电力设备,203010,发电设备,20301020,风电设备
300130,新国都,40,金融,4020,其他金融,402010,其他金融服务,40201020,特殊金融服务
300131,英唐智控,20,工业,2060,商业服务与用品,206010,商业服务与用品,20601040,贸易商
300132,青松股份,30,主要消费,3030,家庭与个人用品,303020,美容护理,30302010,美容护理
300133,华策影视,50,通信服务,5030,传媒,503020,文化娱乐,50302010,影视动漫
300134,大富科技,50,通信服务,5020,通信设备及技术服务,502010,通信设备,50201020,通信系统设备及组件
300135,宝利国际,15,原材料,1540,非金属材料,154010,建筑材料,15401010,水泥与混凝土
300136,信维通信,45,信息技术,4520,电子,452010,电子终端及组件,45201030,消费电子组件及零部件
300137,先河环保,20,工业,2050,环保,205020,节能与生态修复,20502020,环境监测
300138,晨光生物,30,主要消费,3020,农牧渔,302010,种植,30201010,农产品
300139,晓程科技,15,原材料,1520,有色金属,152020,贵金属,15202010,黄金
300140,节能环境,20,工业,2050,环保,205010,污染治理,20501010,固废处理
300141,和顺电气,20,工业,2030,电力设备,203020,电网设备,20302020,输变电设备
300142,沃森生物,35,医药卫生,3520,医药,352010,生物药品,35201020,疫苗
300143,盈康生命,35,医药卫生,3510,医疗,351020,医疗商业与服务,35102010,医疗服务
300144,宋城演艺,25,可选消费,2540,消费者服务,254010,休闲服务,25401070,其他休闲服务
300145,南方泵业,20,工业,2040,机械制造,204010,通用机械,20401030,气液机械
300146,汤臣倍健,30,主要消费,3010,食品、饮料与烟草,301030,食品,30103050,其他食品
300147,ST香雪,35,医药卫生,3520,医药,352030,中药,35203010,中药饮片
300148,天舟文化,50,通信服务,5030,传媒,503020,文化娱乐,50302030,出版
300149,睿智医药,35,医药卫生,3520,医药,352040,制药与生物科技服务,35204010,制药与生物科技服务
300150,世纪瑞尔,20,工业,2040,机械制造,204030,交通运输设备,20403010,城轨铁路
300151,昌红科技,20,工业,2040,机械制造,204020,专用机械,20402080,其他专用机械
300152,ST新动力,20,工业,2050,环保,205020,节能与生态修复,20502010,节能与资源回收
300153,科泰电源,20,工业,2030,电力设备,203010,发电设备,20301030,其他发电设备
300154,瑞凌股份,20,工业,2040,机械制造,204010,通用机械,20401010,加工机械
300155,安居宝,45,信息技术,4520,电子,452010,电子终端及组件,45201040,安防设备及其他
300157,新锦动力,20,工业,2040,机械制造,204010,通用机械,20401030,气液机械
300158,振东制药,35,医药卫生,3520,医药,352020,化学药,35202020,药品制剂
300159,*ST新研,20,工业,2040,机械制造,204020,专用机械,20402060,农业机械
300160,秀强股份,25,可选消费,2520,耐用消费品,252010,家用电器,25201060,家电零部件及其他
300161,华中数控,20,工业,2040,机械制造,204010,通用机械,20401040,电动机与工控自动化
300162,雷曼光电,45,信息技术,4520,电子,452030,光学光电子,45203020,LED
300163,先锋新材,20,工业,2020,建筑装饰,202030,建筑产品,20203010,建筑产品
300164,通源石油,10,能源,1010,能源,101010,油气开采与油田服务,10101010,油气开采
300165,天瑞仪器,20,工业,2040,机械制造,204010,通用机械,20401050,仪器仪表
300166,东方国信,45,信息技术,4510,计算机,451010,软件开发,45101020,行业应用软件
300167,ST迪威迅,45,信息技术,4510,计算机,451020,信息技术服务,45102010,系统集成服务
300168,万达信息,45,信息技术,4510,计算机,451010,软件开发,45101020,行业应用软件
300169,天晟新材,15,原材料,1510,化工,151040,化学制品,15104080,其他化学制品
300170,汉得信息,45,信息技术,4510,计算机,451020,信息技术服务,45102030,其他IT与互联网服务
300171,东富龙,20,工业,2040,机械制造,204020,专用机械,20402080,其他专用机械
300172,中电环保,20,工业,2050,环保,205010,污染治理,20501020,污水处理
300173,ST福能,20,工业,2040,机械制造,204020,专用机械,20402080,其他专用机械
300174,元力股份,15,原材料,1540,非金属材料,154020,其他非金属材料,15402020,其他非金属材料
300175,ST朗源,30,主要消费,3020,农牧渔,302010,种植,30201010,农产品
300176,鸿特科技,25,可选消费,2510,乘用车及零部件,251010,汽车零部件与轮胎,25101050,其他汽车零部件
300177,中海达,50,通信服务,5020,通信设备及技术服务,502010,通信设备,50201010,通信终端设备及组件
300179,四方达,15,原材料,1540,非金属材料,154020,其他非金属材料,15402020,其他非金属材料
300180,华峰超纤,15,原材料,1510,化工,151050,塑料,15105040,其他塑料制品
300181,佐力药业,35,医药卫生,3520,医药,352030,中药,35203020,中成药
300182,捷成股份,50,通信服务,5030,传媒,503020,文化娱乐,50302010,影视动漫
300183,东软载波,50,通信服务,5020,通信设备及技术服务,502010,通信设备,50201010,通信终端设备及组件
300184,力源信息,20,工业,2060,商业服务与用品,206010,商业服务与用品,20601040,贸易商
300185,通裕重工,20,工业,2030,电力设备,203010,发电设备,20301020,风电设备
300187,永清环保,20,工业,2050,环保,205020,节能与生态修复,20502030,生态修复
300188,国投智能,45,信息技术,4510,计算机,451010,软件开发,45101020,行业应用软件
300189,神农种业,30,主要消费,3020,农牧渔,302010,种植,30201020,种业
300190,维尔利,20,工业,2050,环保,205010,污染治理,20501010,固废处理
300191,潜能恒信,10,能源,1010,能源,101020,石油与天然气,10102020,燃油炼制
300192,科德教育,25,可选消费,2540,消费者服务,254020,教育服务,25402010,学历教育
300193,佳士科技,20,工业,2040,机械制造,204010,通用机械,20401010,加工机械
300194,福安药业,35,医药卫生,3520,医药,352020,化学药,35202020,药品制剂
300195,长荣股份,20,工业,2040,机械制造,204020,专用机械,20402040,印刷包装机械
300196,长海股份,15,原材料,1540,非金属材料,154020,其他非金属材料,15402010,玻璃纤维
300197,节能铁汉,20,工业,2050,环保,205020,节能与生态修复,20502030,生态修复
300198,ST纳川,20,工业,2020,建筑装饰,202030,建筑产品,20203010,建筑产品
300199,翰宇药业,35,医药卫生,3520,医药,352020,化学药,35202020,药品制剂
300200,高盟新材,15,原材料,1510,化工,151040,化学制品,15104070,胶黏剂及胶带
300201,海伦哲,20,工业,2040,机械制造,204030,交通运输设备,20403030,商用车
300203,聚光科技,20,工业,2050,环保,205020,节能与生态修复,20502020,环境监测
300204,舒泰神,35,医药卫生,3520,医药,352020,化学药,35202020,药品制剂
300205,*ST天喻,50,通信服务,5020,通信设备及技术服务,502010,通信设备,50201010,通信终端设备及组件
300206,理邦仪器,35,医药卫生,3510,医疗,351010,医疗器械,35101010,医疗设备
300207,欣旺达,20,工业,2030,电力设备,203030,储能设备,20303010,电池
300209,行云科技,25,可选消费,2550,零售业,255040,互联网零售,25504010,互联网零售
300210,森远股份,20,工业,2040,机械制造,204020,专用机械,20402010,工程机械
300211,*ST亿通,45,信息技术,4530,半导体,453020,分立器件,45302010,分立器件
300212,易华录,50,通信服务,5020,通信设备及技术服务,502020,数据中心,50202010,数据中心
300213,佳讯飞鸿,50,通信服务,5020,通信设备及技术服务,502010,通信设备,50201010,通信终端设备及组件
300214,日科化学,15,原材料,1510,化工,151050,塑料,15105010,改性塑料
300215,电科院,20,工业,2060,商业服务与用品,206010,商业服务与用品,20601050,其他商业服务与用品
300217,东方电热,25,可选消费,2520,耐用消费品,252010,家用电器,25201060,家电零部件及其他
300218,安利股份,15,原材料,1510,化工,151050,塑料,15105040,其他塑料制品
300219,鸿利智汇,45,信息技术,4520,电子,452030,光学光电子,45203020,LED
300220,金运激光,20,工业,2040,机械制造,204010,通用机械,20401040,电动机与工控自动化
300221,银禧科技,15,原材料,1510,化工,151050,塑料,15105010,改性塑料
300222,科大智能,20,工业,2030,电力设备,203020,电网设备,20302010,电网自动化
300223,北京君正,45,信息技术,4530,半导体,453010,集成电路,45301010,集成电路设计
300224,正海磁材,15,原材料,1520,有色金属,152030,稀有金属,15203010,稀土金属
300225,*ST金泰,15,原材料,1510,化工,151040,化学制品,15104020,涂料油墨
300226,上海钢联,45,信息技术,4510,计算机,451020,信息技术服务,45102030,其他IT与互联网服务
300227,光韵达,20,工业,2040,机械制造,204010,通用机械,20401040,电动机与工控自动化
300228,富瑞特装,20,工业,2040,机械制造,204020,专用机械,20402080,其他专用机械
300229,拓尔思,45,信息技术,4510,计算机,451010,软件开发,45101020,行业应用软件
300230,永利股份,15,原材料,1510,化工,151050,塑料,15105040,其他塑料制品
300231,银信科技,50,通信服务,5020,通信设备及技术服务,502020,数据中心,50202010,数据中心
300232,洲明科技,45,信息技术,4520,电子,452030,光学光电子,45203020,LED
300233,金城医药,35,医药卫生,3520,医药,352020,化学药,35202020,药品制剂
300234,开尔新材,20,工业,2020,建筑装饰,202030,建筑产品,20203010,建筑产品
300235,方直科技,45,信息技术,4510,计算机,451010,软件开发,45101020,行业应用软件
300236,上海新阳,45,信息技术,4530,半导体,453030,半导体材料与设备,45303010,半导体材料
300237,ST美晨,25,可选消费,2510,乘用车及零部件,251010,汽车零部件与轮胎,25101050,其他汽车零部件
300238,冠昊生物,35,医药卫生,3510,医疗,351010,医疗器械,35101020,医疗耗材
300239,东宝生物,35,医药卫生,3520,医药,352010,生物药品,35201030,其他生物药品
300240,飞力达,20,工业,2070,交通运输,207010,运输业,20701020,物流综合
300241,瑞丰光电,45,信息技术,4520,电子,452030,光学光电子,45203020,LED
300242,佳云科技,50,通信服务,5030,传媒,503010,营销与广告,50301010,数字营销
300243,瑞丰高材,15,原材料,1510,化工,151050,塑料,15105010,改性塑料
300244,迪安诊断,35,医药卫生,3510,医疗,351010,医疗器械,35101030,体外诊断
300245,天玑科技,50,通信服务,5020,通信设备及技术服务,502020,数据中心,50202010,数据中心
300246,宝莱特,35,医药卫生,3510,医疗,351010,医疗器械,35101010,医疗设备
300247,融捷健康,25,可选消费,2520,耐用消费品,252010,家用电器,25201050,厨卫电器
300248,新开普,45,信息技术,4510,计算机,451020,信息技术服务,45102010,系统集成服务
300249,依米康,50,通信服务,5020,通信设备及技术服务,502020,数据中心,50202010,数据中心
300250,初灵信息,45,信息技术,4510,计算机,451010,软件开发,45101020,行业应用软件
300251,光线传媒,50,通信服务,5030,传媒,503020,文化娱乐,50302010,影视动漫
300252,金信诺,50,通信服务,5020,通信设备及技术服务,502010,通信设备,50201020,通信系统设备及组件
300253,卫宁健康,45,信息技术,4510,计算机,451010,软件开发,45101020,行业应用软件
300254,仟源医药,35,医药卫生,3520,医药,352020,化学药,35202020,药品制剂
300255,常山药业,35,医药卫生,3520,医药,352020,化学药,35202020,药品制剂
300256,星星科技,45,信息技术,4520,电子,452010,电子终端及组件,45201030,消费电子组件及零部件
300257,开山股份,20,工业,2040,机械制造,204010,通用机械,20401030,气液机械
300258,精锻科技,25,可选消费,2510,乘用车及零部件,251010,汽车零部件与轮胎,25101010,汽车系统部件
300259,新天科技,20,工业,2040,机械制造,204010,通用机械,20401050,仪器仪表
300260,新莱应材,20,工业,2040,机械制造,204010,通用机械,20401070,其他通用机械
300261,雅本化学,15,原材料,1510,化工,151010,农用化工,15101040,农药
300263,隆华科技,20,工业,2050,环保,205020,节能与生态修复,20502010,节能与资源回收
300264,佳创视讯,45,信息技术,4510,计算机,451020,信息技术服务,45102010,系统集成服务
300265,通光线缆,20,工业,2030,电力设备,203020,电网设备,20302040,线缆及其他
300266,兴源环境,20,工业,2050,环保,205010,污染治理,20501020,污水处理
300267,尔康制药,35,医药卫生,3520,医药,352020,化学药,35202010,原料药
300268,*ST佳沃,30,主要消费,3020,农牧渔,302020,养殖,30202040,渔业产品
300269,联建光电,45,信息技术,4520,电子,452030,光学光电子,45203020,LED
300270,中威电子,45,信息技术,4520,电子,452010,电子终端及组件,45201040,安防设备及其他
300271,华宇软件,45,信息技术,4510,计算机,451010,软件开发,45101020,行业应用软件
300272,开能健康,25,可选消费,2520,耐用消费品,252010,家用电器,25201030,小家电
300274,阳光电源,20,工业,2030,电力设备,203010,发电设备,20301010,光伏设备
300275,梅安森,45,信息技术,4520,电子,452010,电子终端及组件,45201040,安防设备及其他
300276,三丰智能,20,工业,2040,机械制造,204020,专用机械,20402080,其他专用机械
300277,汽轮科技,20,工业,2040,机械制造,204010,通用机械,20401020,动力机械
300278,华昌达,20,工业,2040,机械制造,204020,专用机械,20402080,其他专用机械
300279,和晶科技,45,信息技术,4520,电子,452010,电子终端及组件,45201040,安防设备及其他
300281,金明精机,20,工业,2040,机械制造,204020,专用机械,20402080,其他专用机械
300283,温州宏丰,20,工业,2030,电力设备,203020,电网设备,20302030,配电设备
300284,苏交科,20,工业,2020,建筑装饰,202010,建筑与工程,20201050,建筑设计及服务
300285,国瓷材料,45,信息技术,4520,电子,452040,电子化学品,45204010,电子化学品
300286,安科瑞,20,工业,2030,电力设备,203020,电网设备,20302010,电网自动化
300287,飞利信,45,信息技术,4510,计算机,451020,信息技术服务,45102010,系统集成服务
300288,朗玛信息,45,信息技术,4510,计算机,451010,软件开发,45101020,行业应用软件
300289,利德曼,35,医药卫生,3510,医疗,351010,医疗器械,35101030,体外诊断
300290,荣科科技,45,信息技术,4510,计算机,451010,软件开发,45101020,行业应用软件
300291,百纳千成,50,通信服务,5030,传媒,503020,文化娱乐,50302010,影视动漫
300292,吴通控股,50,通信服务,5010,电信服务,501020,电信增值服务,50102010,电信增值服务
300293,蓝英装备,20,工业,2040,机械制造,204010,通用机械,20401070,其他通用机械
300294,博雅生物,35,医药卫生,3520,医药,352010,生物药品,35201010,血液制品
300295,三六五网,60,房地产,6010,房地产,601020,房地产管理与服务,60102020,房地产服务
300296,利亚德,45,信息技术,4520,电子,452030,光学光电子,45203020,LED
300298,三诺生物,35,医药卫生,3510,医疗,351010,医疗器械,35101010,医疗设备
300299,富春股份,50,通信服务,5030,传媒,503020,文化娱乐,50302020,游戏
300300,海峡创新,45,信息技术,4510,计算机,451020,信息技术服务,45102010,系统集成服务
300301,ST长方,45,信息技术,4520,电子,452030,光学光电子,45203020,LED
300302,同有科技,45,信息技术,4520,电子,452010,电子终端及组件,45201010,电脑与外围设备
300303,聚飞光电,45,信息技术,4520,电子,452030,光学光电子,45203020,LED
300304,云意电气,25,可选消费,2510,乘用车及零部件,251010,汽车零部件与轮胎,25101030,汽车电子
300305,裕兴股份,20,工业,2030,电力设备,203010,发电设备,20301010,光伏设备
300306,远方信息,20,工业,2040,机械制造,204010,通用机械,20401050,仪器仪表
300307,慈星股份,20,工业,2040,机械制造,204020,专用机械,20402050,纺织服装机械
300308,中际旭创,50,通信服务,5020,通信设备及技术服务,502010,通信设备,50201020,通信系统设备及组件
300310,宜通世纪,50,通信服务,5020,通信设备及技术服务,502030,通信技术服务,50203010,通信技术服务
300311,ST任子行,45,信息技术,4510,计算机,451010,软件开发,45101010,通用软件
300313,*ST天山,30,主要消费,3020,农牧渔,302020,养殖,30202030,畜牧产品
300314,戴维医疗,35,医药卫生,3510,医疗,351010,医疗器械,35101010,医疗设备
300315,掌趣科技,50,通信服务,5030,传媒,503020,文化娱乐,50302020,游戏
300316,晶盛机电,20,工业,2030,电力设备,203010,发电设备,20301010,光伏设备
300317,珈伟新能,20,工业,2030,电力设备,203010,发电设备,20301010,光伏设备
300318,博晖创新,35,医药卫生,3520,医药,352010,生物药品,35201010,血液制品
300319,麦捷科技,45,信息技术,4520,电子,452020,电子元件,45202020,被动元件
300320,海达股份,15,原材料,1510,化工,151060,橡胶,15106020,橡胶制品
300321,同大股份,15,原材料,1510,化工,151050,塑料,15105040,其他塑料制品
300322,硕贝德,45,信息技术,4520,电子,452010,电子终端及组件,45201030,消费电子组件及零部件
300323,华灿光电,45,信息技术,4520,电子,452030,光学光电子,45203020,LED
300324,旋极信息,45,信息技术,4510,计算机,451010,软件开发,45101020,行业应用软件
300326,ST凯利,35,医药卫生,3510,医疗,351010,医疗器械,35101020,医疗耗材
300327,中颖电子,45,信息技术,4530,半导体,453010,集成电路,45301010,集成电路设计
300328,宜安科技,20,工业,2040,机械制造,204010,通用机械,20401070,其他通用机械
300329,海伦钢琴,25,可选消费,2520,耐用消费品,252030,休闲设备与用品,25203010,休闲设备与用品
300331,苏大维格,45,信息技术,4520,电子,452030,光学光电子,45203030,光学元件
300332,天壕能源,55,公用事业,5510,公用事业,551020,燃气,55102010,燃气
300333,兆日科技,45,信息技术,4520,电子,452010,电子终端及组件,45201040,安防设备及其他
300334,津膜科技,20,工业,2050,环保,205010,污染治理,20501020,污水处理
300335,迪森股份,55,公用事业,5510,公用事业,551050,供热及其他,55105010,供热及其他
300337,银邦股份,15,原材料,1520,有色金属,152010,工业金属,15201020,铝
300338,ST开元,25,可选消费,2540,消费者服务,254020,教育服务,25402020,培训教育及其他
300339,润和软件,45,信息技术,4510,计算机,451010,软件开发,45101020,行业应用软件
300340,科恒股份,20,工业,2030,电力设备,203030,储能设备,20303020,电池部件及材料
300341,麦克奥迪,20,工业,2030,电力设备,203020,电网设备,20302040,线缆及其他
300342,天银机电,25,可选消费,2520,耐用消费品,252010,家用电器,25201060,家电零部件及其他
300343,ST联创,15,原材料,1510,化工,151040,化学制品,15104040,氟化工
300344,立方退,45,信息技术,4510,计算机,451020,信息技术服务,45102010,系统集成服务
300345,华民股份,20,工业,2030,电力设备,203010,发电设备,20301010,光伏设备
300346,南大光电,45,信息技术,4530,半导体,453030,半导体材料与设备,45303010,半导体材料
300347,泰格医药,35,医药卫生,3520,医药,352040,制药与生物科技服务,35204010,制药与生物科技服务
300348,长亮科技,45,信息技术,4510,计算机,451010,软件开发,45101020,行业应用软件
300349,金卡智能,20,工业,2040,机械制造,204010,通用机械,20401050,仪器仪表
300350,华鹏飞,20,工业,2070,交通运输,207010,运输业,20701020,物流综合
300351,永贵电器,25,可选消费,2510,乘用车及零部件,251010,汽车零部件与轮胎,25101030,汽车电子
300352,北信源,45,信息技术,4510,计算机,451010,软件开发,45101010,通用软件
300353,东土科技,50,通信服务,5020,通信设备及技术服务,502010,通信设备,50201020,通信系统设备及组件
300354,东华测试,20,工业,2040,机械制造,204010,通用机械,20401050,仪器仪表
300355,蒙草生态,20,工业,2050,环保,205020,节能与生态修复,20502030,生态修复
300357,我武生物,35,医药卫生,3520,医药,352010,生物药品,35201030,其他生物药品
300358,楚天科技,20,工业,2040,机械制造,204020,专用机械,20402080,其他专用机械
300359,全通教育,25,可选消费,2540,消费者服务,254020,教育服务,25402020,培训教育及其他
300360,炬华科技,20,工业,2030,电力设备,203020,电网设备,20302010,电网自动化
300363,博腾股份,35,医药卫生,3520,医药,352040,制药与生物科技服务,35204010,制药与生物科技服务
300364,中文在线,50,通信服务,5030,传媒,503020,文化娱乐,50302030,出版
300365,恒华科技,45,信息技术,4510,计算机,451010,软件开发,45101020,行业应用软件
300366,ST创意,45,信息技术,4510,计算机,451010,软件开发,45101010,通用软件
300368,汇金股份,45,信息技术,4520,电子,452010,电子终端及组件,45201040,安防设备及其他
300369,绿盟科技,45,信息技术,4510,计算机,451010,软件开发,45101010,通用软件
300370,安控科技,10,能源,1010,能源,101010,油气开采与油田服务,10101020,油田服务
300371,汇中股份,20,工业,2040,机械制造,204010,通用机械,20401050,仪器仪表
300373,扬杰科技,45,信息技术,4530,半导体,453020,分立器件,45302010,分立器件
300374,中铁装配,20,工业,2020,建筑装饰,202030,建筑产品,20203010,建筑产品
300375,鹏翎股份,25,可选消费,2510,乘用车及零部件,251010,汽车零部件与轮胎,25101010,汽车系统部件
300376,易事特,20,工业,2030,电力设备,203030,储能设备,20303030,其他储能设备
300377,赢时胜,45,信息技术,4510,计算机,451010,软件开发,45101020,行业应用软件
300378,鼎捷数智,45,信息技术,4510,计算机,451010,软件开发,45101010,通用软件
300380,安硕信息,45,信息技术,4510,计算机,451010,软件开发,45101020,行业应用软件
300381,溢多利,30,主要消费,3020,农牧渔,302020,养殖,30202010,饲料
300382,斯莱克,20,工业,2040,机械制造,204020,专用机械,20402040,印刷包装机械
300383,光环新网,45,信息技术,4510,计算机,451020,信息技术服务,45102020,云计算服务
300384,三联虹普,20,工业,2060,商业服务与用品,206010,商业服务与用品,20601050,其他商业服务与用品
300385,雪浪环境,20,工业,2050,环保,205010,污染治理,20501030,烟气治理
300386,飞天诚信,45,信息技术,4520,电子,452010,电子终端及组件,45201040,安防设备及其他
300387,富邦科技,15,原材料,1510,化工,151010,农用化工,15101030,复合肥
300388,节能国祯,20,工业,2050,环保,205010,污染治理,20501020,污水处理
300389,艾比森,45,信息技术,4520,电子,452030,光学光电子,45203020,LED
300390,天华新能,20,工业,2030,电力设备,203030,储能设备,20303020,电池部件及材料
300391,长药退,35,医药卫生,3520,医药,352030,中药,35203010,中药饮片
300393,中来股份,20,工业,2030,电力设备,203010,发电设备,20301010,光伏设备
300394,天孚通信,50,通信服务,5020,通信设备及技术服务,502010,通信设备,50201020,通信系统设备及组件
300395,菲利华,15,原材料,1540,非金属材料,154020,其他非金属材料,15402010,玻璃纤维
300396,迪瑞医疗,35,医药卫生,3510,医疗,351010,医疗器械,35101030,体外诊断
300397,天和防务,45,信息技术,4520,电子,452050,其他电子,45205010,其他电子
300398,飞凯材料,45,信息技术,4520,电子,452030,光学光电子,45203010,面板
300399,天利科技,40,金融,4040,保险,404010,保险,40401050,保险经纪商
300400,劲拓股份,20,工业,2040,机械制造,204010,通用机械,20401010,加工机械
300401,花园生物,35,医药卫生,3520,医药,352020,化学药,35202020,药品制剂
300402,宝色股份,20,工业,2040,机械制造,204020,专用机械,20402030,化工机械
300403,汉宇集团,25,可选消费,2520,耐用消费品,252010,家用电器,25201060,家电零部件及其他
300404,博济医药,35,医药卫生,3520,医药,352040,制药与生物科技服务,35204010,制药与生物科技服务
300405,科隆股份,15,原材料,1540,非金属材料,154010,建筑材料,15401010,水泥与混凝土
300406,九强生物,35,医药卫生,3510,医疗,351010,医疗器械,35101030,体外诊断
300407,凯发电气,20,工业,2040,机械制造,204030,交通运输设备,20403010,城轨铁路
300408,三环集团,45,信息技术,4520,电子,452020,电子元件,45202020,被动元件
300409,道氏技术,20,工业,2030,电力设备,203030,储能设备,20303020,电池部件及材料
300410,正业科技,20,工业,2040,机械制造,204020,专用机械,20402080,其他专用机械
300411,金盾股份,20,工业,2040,机械制造,204010,通用机械,20401030,气液机械
300412,迦南科技,20,工业,2040,机械制造,204020,专用机械,20402080,其他专用机械
300413,芒果超媒,50,通信服务,5030,传媒,503030,数字媒体,50303020,视频媒体
300414,中光防雷,50,通信服务,5020,通信设备及技术服务,502010,通信设备,50201020,通信系统设备及组件
300415,伊之密,20,工业,2040,机械制造,204010,通用机械,20401010,加工机械
300416,苏试试验,20,工业,2060,商业服务与用品,206010,商业服务与用品,20601050,其他商业服务与用品
300417,南华仪器,20,工业,2040,机械制造,204010,通用机械,20401050,仪器仪表
300418,昆仑万维,50,通信服务,5030,传媒,503030,数字媒体,50303040,互动媒体
300419,ST浩丰,45,信息技术,4510,计算机,451020,信息技术服务,45102010,系统集成服务
300420,五洋自控,20,工业,2040,机械制造,204010,通用机械,20401070,其他通用机械
300421,力星股份,20,工业,2040,机械制造,204010,通用机械,20401020,动力机械
300422,博世科,20,工业,2050,环保,205010,污染治理,20501020,污水处理
300423,昇辉科技,20,工业,2030,电力设备,203020,电网设备,20302030,配电设备
300424,航新科技,20,工业,2010,航空航天与国防,201010,航空航天,20101010,航空
300425,中建环能,20,工业,2050,环保,205010,污染治理,20501020,污水处理
300426,华智数媒,50,通信服务,5030,传媒,503020,文化娱乐,50302010,影视动漫
300427,红相股份,20,工业,2030,电力设备,203020,电网设备,20302010,电网自动化
300428,立中集团,15,原材料,1520,有色金属,152010,工业金属,15201020,铝
300429,强力新材,45,信息技术,4520,电子,452040,电子化学品,45204010,电子化学品
300430,诚益通,20,工业,2040,机械制造,204020,专用机械,20402080,其他专用机械
300432,富临精工,25,可选消费,2510,乘用车及零部件,251010,汽车零部件与轮胎,25101010,汽车系统部件
300433,蓝思科技,45,信息技术,4520,电子,452010,电子终端及组件,45201030,消费电子组件及零部件
300434,金石亚药,35,医药卫生,3520,医药,352020,化学药,35202020,药品制剂
300435,中泰股份,55,公用事业,5510,公用事业,551020,燃气,55102010,燃气
300436,广生堂,35,医药卫生,3520,医药,352020,化学药,35202020,药品制剂
300437,清水源,20,工业,2050,环保,205010,污染治理,20501020,污水处理
300438,鹏辉能源,20,工业,2030,电力设备,203030,储能设备,20303010,电池
300439,美康生物,35,医药卫生,3510,医疗,351010,医疗器械,35101030,体外诊断
300440,运达科技,20,工业,2040,机械制造,204030,交通运输设备,20403010,城轨铁路
300441,鲍斯股份,20,工业,2040,机械制造,204010,通用机械,20401030,气液机械
300442,润泽科技,50,通信服务,5020,通信设备及技术服务,502020,数据中心,50202010,数据中心
300443,金雷股份,20,工业,2030,电力设备,203010,发电设备,20301020,风电设备
300444,双杰电气,20,工业,2030,电力设备,203020,电网设备,20302030,配电设备
300445,康斯特,20,工业,2040,机械制造,204010,通用机械,20401050,仪器仪表
300446,航天智造,25,可选消费,2510,乘用车及零部件,251010,汽车零部件与轮胎,25101020,汽车内饰与外饰
300447,全信股份,20,工业,2010,航空航天与国防,201020,国防装备,20102010,国防装备
300448,浩云科技,45,信息技术,4510,计算机,451020,信息技术服务,45102010,系统集成服务
300449,汉邦高科,45,信息技术,4510,计算机,451020,信息技术服务,45102010,系统集成服务
300450,先导智能,20,工业,2040,机械制造,204020,专用机械,20402080,其他专用机械
300451,创业慧康,45,信息技术,4510,计算机,451010,软件开发,45101020,行业应用软件
300452,山河药辅,35,医药卫生,3520,医药,352020,化学药,35202010,原料药
300453,三鑫医疗,35,医药卫生,3510,医疗,351010,医疗器械,35101020,医疗耗材
300454,深信服,45,信息技术,4510,计算机,451010,软件开发,45101010,通用软件
300455,航天智装,20,工业,2010,航空航天与国防,201010,航空航天,20101020,航天
300456,赛微电子,45,信息技术,4530,半导体,453010,集成电路,45301020,集成电路制造
300457,赢合科技,20,工业,2040,机械制造,204020,专用机械,20402080,其他专用机械
300458,全志科技,45,信息技术,4530,半导体,453010,集成电路,45301010,集成电路设计
300459,汤姆猫,50,通信服务,5030,传媒,503020,文化娱乐,50302020,游戏
300460,ST惠伦,45,信息技术,4520,电子,452020,电子元件,45202020,被动元件
300461,田中精机,20,工业,2040,机械制造,204020,专用机械,20402080,其他专用机械
300462,ST华铭,45,信息技术,4520,电子,452010,电子终端及组件,45201040,安防设备及其他
300463,迈克生物,35,医药卫生,3510,医疗,351010,医疗器械,35101030,体外诊断
300464,星徽股份,25,可选消费,2550,零售业,255040,互联网零售,25504010,互联网零售
300465,高伟达,45,信息技术,4510,计算机,451010,软件开发,45101020,行业应用软件
300466,赛摩智能,20,工业,2040,机械制造,204010,通用机械,20401050,仪器仪表
300467,迅游科技,50,通信服务,5030,传媒,503020,文化娱乐,50302020,游戏
300468,四方精创,45,信息技术,4510,计算机,451010,软件开发,45101020,行业应用软件
300469,信息发展,45,信息技术,4510,计算机,451020,信息技术服务,45102010,系统集成服务
300470,中密控股,20,工业,2040,机械制造,204010,通用机械,20401070,其他通用机械
300471,厚普股份,20,工业,2040,机械制造,204020,专用机械,20402080,其他专用机械
300472,*ST新元,20,工业,2040,机械制造,204020,专用机械,20402080,其他专用机械
300473,德尔股份,25,可选消费,2510,乘用车及零部件,251010,汽车零部件与轮胎,25101050,其他汽车零部件
300474,景嘉微,45,信息技术,4530,半导体,453010,集成电路,45301010,集成电路设计
300475,香农芯创,20,工业,2060,商业服务与用品,206010,商业服务与用品,20601040,贸易商
300476,胜宏科技,45,信息技术,4520,电子,452020,电子元件,45202010,印制电路板
300477,ST合纵,20,工业,2030,电力设备,203020,电网设备,20302030,配电设备
300478,杭州高新,15,原材料,1510,化工,151050,塑料,15105040,其他塑料制品
300479,神思电子,45,信息技术,4510,计算机,451020,信息技术服务,45102010,系统集成服务
300480,光力科技,20,工业,2040,机械制造,204010,通用机械,20401050,仪器仪表
300481,濮阳惠成,45,信息技术,4520,电子,452040,电子化学品,45204010,电子化学品
300482,万孚生物,35,医药卫生,3510,医疗,351010,医疗器械,35101030,体外诊断
300483,首华燃气,10,能源,1010,能源,101020,石油与天然气,10102030,天然气加工
300484,蓝海华腾,25,可选消费,2510,乘用车及零部件,251010,汽车零部件与轮胎,25101030,汽车电子
300485,赛升药业,35,医药卫生,3520,医药,352020,化学药,35202020,药品制剂
300486,东杰智能,20,工业,2040,机械制造,204010,通用机械,20401040,电动机与工控自动化
300487,蓝晓科技,15,原材料,1510,化工,151050,塑料,15105020,合成树脂
300488,恒锋工具,20,工业,2040,机械制造,204010,通用机械,20401010,加工机械
300489,光智科技,45,信息技术,4520,电子,452030,光学光电子,45203030,光学元件
300490,华自科技,20,工业,2040,机械制造,204020,专用机械,20402080,其他专用机械
300491,通合科技,20,工业,2030,电力设备,203030,储能设备,20303030,其他储能设备
300492,华图山鼎,25,可选消费,2540,消费者服务,254020,教育服务,25402020,培训教育及其他
300493,润欣科技,20,工业,2060,商业服务与用品,206010,商业服务与用品,20601040,贸易商
300494,盛天网络,50,通信服务,5030,传媒,503010,营销与广告,50301010,数字营销
300496,中科创达,45,信息技术,4510,计算机,451010,软件开发,45101010,通用软件
300497,富祥药业,35,医药卫生,3520,医药,352020,化学药,35202010,原料药
300498,温氏股份,30,主要消费,3020,农牧渔,302020,养殖,30202030,畜牧产品
300499,高澜股份,20,工业,2040,机械制造,204020,专用机械,20402080,其他专用机械
300500,启迪设计,20,工业,2020,建筑装饰,202010,建筑与工程,20201050,建筑设计及服务
300501,海顺新材,35,医药卫生,3510,医疗,351010,医疗器械,35101020,医疗耗材
300502,新易盛,50,通信服务,5020,通信设备及技术服务,502010,通信设备,50201020,通信系统设备及组件
300503,昊志机电,20,工业,2040,机械制造,204010,通用机械,20401040,电动机与工控自动化
300504,天邑股份,50,通信服务,5020,通信设备及技术服务,502010,通信设备,50201020,通信系统设备及组件
300505,川金诺,15,原材料,1510,化工,151010,农用化工,15101050,磷肥及磷化工
300506,ST名家汇,20,工业,2020,建筑装饰,202010,建筑与工程,20201040,专业工程
300507,苏奥传感,25,可选消费,2510,乘用车及零部件,251010,汽车零部件与轮胎,25101010,汽车系统部件
300508,维宏股份,20,工业,2040,机械制造,204010,通用机械,20401040,电动机与工控自动化
300509,新美星,20,工业,2040,机械制造,204020,专用机械,20402040,印刷包装机械
300510,金冠股份,20,工业,2030,电力设备,203020,电网设备,20302030,配电设备
300511,雪榕生物,30,主要消费,3020,农牧渔,302010,种植,30201010,农产品
300512,中亚股份,20,工业,2040,机械制造,204020,专用机械,20402040,印刷包装机械
300513,恒实科技,45,信息技术,4510,计算机,451020,信息技术服务,45102010,系统集成服务
300514,友讯达,20,工业,2030,电力设备,203020,电网设备,20302010,电网自动化
300515,三德科技,20,工业,2040,机械制造,204010,通用机械,20401050,仪器仪表
300516,久之洋,20,工业,2010,航空航天与国防,201020,国防装备,20102010,国防装备
300517,海波重科,20,工业,2020,建筑装饰,202010,建筑与工程,20201040,专业工程
300518,新迅达,25,可选消费,2550,零售业,255040,互联网零售,25504010,互联网零售
300519,新光药业,35,医药卫生,3520,医药,352030,中药,35203020,中成药
300520,科大国创,45,信息技术,4510,计算机,451010,软件开发,45101020,行业应用软件
300521,爱司凯,20,工业,2040,机械制造,204020,专用机械,20402040,印刷包装机械
300522,世名科技,15,原材料,1510,化工,151040,化学制品,15104020,涂料油墨
300523,辰安科技,45,信息技术,4510,计算机,451010,软件开发,45101020,行业应用软件
300525,博思软件,45,信息技术,4510,计算机,451010,软件开发,45101020,行业应用软件
300527,ST应急,20,工业,2010,航空航天与国防,201020,国防装备,20102010,国防装备
300528,幸福蓝海,50,通信服务,5030,传媒,503020,文化娱乐,50302010,影视动漫
300529,健帆生物,35,医药卫生,3510,医疗,351010,医疗器械,35101020,医疗耗材
300530,领湃科技,20,工业,2030,电力设备,203030,储能设备,20303010,电池
300531,优博讯,50,通信服务,5020,通信设备及技术服务,502010,通信设备,50201010,通信终端设备及组件
300532,今天国际,45,信息技术,4510,计算机,451020,信息技术服务,45102010,系统集成服务
300533,冰川网络,50,通信服务,5030,传媒,503020,文化娱乐,50302020,游戏
300534,陇神戎发,35,医药卫生,3520,医药,352030,中药,35203020,中成药
300535,达威股份,15,原材料,1510,化工,151040,化学制品,15104080,其他化学制品
300536,农尚环境,20,工业,2020,建筑装饰,202010,建筑与工程,20201030,园林工程
300537,广信材料,45,信息技术,4520,电子,452040,电子化学品,45204010,电子化学品
300538,同益股份,20,工业,2060,商业服务与用品,206010,商业服务与用品,20601040,贸易商
300539,横河精密,25,可选消费,2520,耐用消费品,252010,家用电器,25201060,家电零部件及其他
300540,蜀道装备,20,工业,2040,机械制造,204020,专用机械,20402080,其他专用机械
300541,先进数通,45,信息技术,4510,计算机,451020,信息技术服务,45102010,系统集成服务
300542,新晨科技,45,信息技术,4510,计算机,451020,信息技术服务,45102010,系统集成服务
300543,朗科智能,45,信息技术,4520,电子,452010,电子终端及组件,45201040,安防设备及其他
300545,联得装备,20,工业,2040,机械制造,204020,专用机械,20402080,其他专用机械
300546,雄帝科技,50,通信服务,5020,通信设备及技术服务,502010,通信设备,50201010,通信终端设备及组件
300547,川环科技,25,可选消费,2510,乘用车及零部件,251010,汽车零部件与轮胎,25101010,汽车系统部件
300548,长芯博创,50,通信服务,5020,通信设备及技术服务,502010,通信设备,50201020,通信系统设备及组件
300549,优德精密,25,可选消费,2510,乘用车及零部件,251010,汽车零部件与轮胎,25101050,其他汽车零部件
300550,和仁科技,45,信息技术,4510,计算机,451010,软件开发,45101020,行业应用软件
300551,古鳌科技,45,信息技术,4520,电子,452010,电子终端及组件,45201040,安防设备及其他
300552,万集科技,50,通信服务,5020,通信设备及技术服务,502010,通信设备,50201010,通信终端设备及组件
300553,集智股份,20,工业,2040,机械制造,204010,通用机械,20401050,仪器仪表
300554,三超新材,20,工业,2040,机械制造,204010,通用机械,20401010,加工机械
300555,ST路通,50,通信服务,5020,通信设备及技术服务,502010,通信设备,50201020,通信系统设备及组件
300556,丝路视觉,45,信息技术,4510,计算机,451020,信息技术服务,45102030,其他IT与互联网服务
300557,理工光科,20,工业,2040,机械制造,204010,通用机械,20401050,仪器仪表
300558,贝达药业,35,医药卫生,3520,医药,352020,化学药,35202020,药品制剂
300559,佳发教育,45,信息技术,4510,计算机,451010,软件开发,45101020,行业应用软件
300560,中富通,50,通信服务,5020,通信设备及技术服务,502030,通信技术服务,50203010,通信技术服务
300561,*ST汇科,45,信息技术,4510,计算机,451020,信息技术服务,45102010,系统集成服务
300562,乐心医疗,35,医药卫生,3510,医疗,351010,医疗器械,35101010,医疗设备
300563,神宇股份,50,通信服务,5020,通信设备及技术服务,502010,通信设备,50201020,通信系统设备及组件
300564,筑博设计,20,工业,2020,建筑装饰,202010,建筑与工程,20201050,建筑设计及服务
300565,科信技术,50,通信服务,5020,通信设备及技术服务,502010,通信设备,50201020,通信系统设备及组件
300566,激智科技,45,信息技术,4520,电子,452030,光学光电子,45203010,面板
300567,精测电子,20,工业,2040,机械制造,204020,专用机械,20402080,其他专用机械
300568,星源材质,20,工业,2030,电力设备,203030,储能设备,20303020,电池部件及材料
300569,天能重工,20,工业,2030,电力设备,203010,发电设备,20301020,风电设备
300570,太辰光,50,通信服务,5020,通信设备及技术服务,502010,通信设备,50201020,通信系统设备及组件
300571,平治信息,50,通信服务,5010,电信服务,501020,电信增值服务,50102010,电信增值服务
300572,安车检测,20,工业,2040,机械制造,204010,通用机械,20401050,仪器仪表
300573,兴齐眼药,35,医药卫生,3520,医药,352020,化学药,35202020,药品制剂
300575,中旗股份,15,原材料,1510,化工,151010,农用化工,15101040,农药
300576,容大感光,45,信息技术,4520,电子,452020,电子元件,45202010,印制电路板
300577,开润股份,25,可选消费,2530,纺织服装与珠宝,253010,纺织服装,25301030,鞋帽与配饰
300578,会畅科技,50,通信服务,5010,电信服务,501020,电信增值服务,50102010,电信增值服务
300579,数字认证,45,信息技术,4510,计算机,451010,软件开发,45101010,通用软件
300580,贝斯特,25,可选消费,2510,乘用车及零部件,251010,汽车零部件与轮胎,25101010,汽车系统部件
300581,晨曦航空,20,工业,2010,航空航天与国防,201010,航空航天,20101010,航空
300582,英飞特,45,信息技术,4520,电子,452030,光学光电子,45203020,LED
300583,赛托生物,35,医药卫生,3520,医药,352020,化学药,35202010,原料药
300584,海辰药业,35,医药卫生,3520,医药,352020,化学药,35202020,药品制剂
300585,奥联电子,25,可选消费,2510,乘用车及零部件,251010,汽车零部件与轮胎,25101030,汽车电子
300586,美联新材,15,原材料,1510,化工,151040,化学制品,15104080,其他化学制品
300587,天铁科技,15,原材料,1510,化工,151060,橡胶,15106020,橡胶制品
300588,熙菱信息,45,信息技术,4510,计算机,451020,信息技术服务,45102010,系统集成服务
300589,江龙船艇,20,工业,2040,机械制造,204030,交通运输设备,20403020,船舶及其他航运设备
300590,移为通信,50,通信服务,5020,通信设备及技术服务,502010,通信设备,50201010,通信终端设备及组件
300591,万里马,25,可选消费,2530,纺织服装与珠宝,253010,纺织服装,25301030,鞋帽与配饰
300592,华凯易佰,25,可选消费,2550,零售业,255040,互联网零售,25504010,互联网零售
300593,新雷能,20,工业,2030,电力设备,203030,储能设备,20303030,其他储能设备
300594,朗进科技,20,工业,2040,机械制造,204030,交通运输设备,20403010,城轨铁路
300595,欧普康视,35,医药卫生,3510,医疗,351010,医疗器械,35101020,医疗耗材
300596,利安隆,15,原材料,1510,化工,151040,化学制品,15104080,其他化学制品
300597,吉大通信,50,通信服务,5020,通信设备及技术服务,502030,通信技术服务,50203010,通信技术服务
300598,诚迈科技,45,信息技术,4510,计算机,451020,信息技术服务,45102030,其他IT与互联网服务
300599,雄塑科技,20,工业,2020,建筑装饰,202030,建筑产品,20203010,建筑产品
300600,国瑞科技,20,工业,2040,机械制造,204030,交通运输设备,20403020,船舶及其他航运设备
300601,康泰生物,35,医药卫生,3520,医药,352010,生物药品,35201020,疫苗
300602,飞荣达,45,信息技术,4520,电子,452050,其他电子,45205010,其他电子
300603,立昂技术,50,通信服务,5020,通信设备及技术服务,502030,通信技术服务,50203010,通信技术服务
300604,长川科技,45,信息技术,4530,半导体,453030,半导体材料与设备,45303020,半导体设备
300605,恒锋信息,45,信息技术,4510,计算机,451020,信息技术服务,45102010,系统集成服务
300606,金太阳,20,工业,2040,机械制造,204010,通用机械,20401060,磨具磨料
300607,拓斯达,20,工业,2040,机械制造,204010,通用机械,20401040,电动机与工控自动化
300608,思特奇,45,信息技术,4510,计算机,451010,软件开发,45101020,行业应用软件
300609,汇纳科技,45,信息技术,4510,计算机,451020,信息技术服务,45102010,系统集成服务
300610,晨化股份,15,原材料,1510,化工,151040,化学制品,15104080,其他化学制品
300611,美力科技,25,可选消费,2510,乘用车及零部件,251010,汽车零部件与轮胎,25101010,汽车系统部件
300612,宣亚国际,50,通信服务,5030,传媒,503010,营销与广告,50301010,数字营销
300613,富瀚微,45,信息技术,4530,半导体,453010,集成电路,45301010,集成电路设计
300614,百川畅银,20,工业,2050,环保,205010,污染治理,20501010,固废处理
300615,欣天科技,50,通信服务,5020,通信设备及技术服务,502010,通信设备,50201020,通信系统设备及组件
300616,尚品宅配,25,可选消费,2520,耐用消费品,252020,家居,25202010,家具
300617,安靠智电,20,工业,2030,电力设备,203020,电网设备,20302040,线缆及其他
300618,寒锐钴业,15,原材料,1520,有色金属,152010,工业金属,15201010,铜
300619,金银河,20,工业,2040,机械制造,204020,专用机械,20402080,其他专用机械
300620,光库科技,50,通信服务,5020,通信设备及技术服务,502010,通信设备,50201020,通信系统设备及组件
300621,维业股份,20,工业,2020,建筑装饰,202020,建筑装修,20202010,建筑装修
300622,博士眼镜,25,可选消费,2550,零售业,255020,专营零售,25502010,专营零售
300623,捷捷微电,45,信息技术,4530,半导体,453020,分立器件,45302010,分立器件
300624,万兴科技,45,信息技术,4510,计算机,451010,软件开发,45101010,通用软件
300625,三雄极光,25,可选消费,2520,耐用消费品,252010,家用电器,25201040,照明电器
300626,华瑞股份,20,工业,2040,机械制造,204010,通用机械,20401040,电动机与工控自动化
300627,华测导航,50,通信服务,5020,通信设备及技术服务,502010,通信设备,50201010,通信终端设备及组件
300628,亿联网络,50,通信服务,5020,通信设备及技术服务,502010,通信设备,50201010,通信终端设备及组件
300629,新劲刚,20,工业,2010,航空航天与国防,201020,国防装备,20102010,国防装备
300631,久吾高科,20,工业,2050,环保,205010,污染治理,20501020,污水处理
300632,光莆股份,45,信息技术,4520,电子,452030,光学光电子,45203020,LED
300633,开立医疗,35,医药卫生,3510,医疗,351010,医疗器械,35101010,医疗设备
300634,彩讯股份,45,信息技术,4510,计算机,451010,软件开发,45101020,行业应用软件
300635,中达安,20,工业,2020,建筑装饰,202010,建筑与工程,20201050,建筑设计及服务
300636,同和药业,35,医药卫生,3520,医药,352020,化学药,35202010,原料药
300637,扬帆新材,15,原材料,1510,化工,151040,化学制品,15104080,其他化学制品
300638,广和通,50,通信服务,5020,通信设备及技术服务,502010,通信设备,50201010,通信终端设备及组件
300639,凯普生物,35,医药卫生,3510,医疗,351010,医疗器械,35101030,体外诊断
300640,德艺文创,25,可选消费,2520,耐用消费品,252020,家居,25202020,其他家居
300641,正丹股份,15,原材料,1510,化工,151040,化学制品,15104080,其他化学制品
300642,透景生命,35,医药卫生,3510,医疗,351010,医疗器械,35101030,体外诊断
300643,万通智控,25,可选消费,2510,乘用车及零部件,251010,汽车零部件与轮胎,25101010,汽车系统部件
300644,南京聚隆,15,原材料,1510,化工,151050,塑料,15105010,改性塑料
300645,正元智慧,45,信息技术,4510,计算机,451020,信息技术服务,45102010,系统集成服务
300647,超频三,20,工业,2030,电力设备,203030,储能设备,20303020,电池部件及材料
300648,星云股份,20,工业,2040,机械制造,204020,专用机械,20402080,其他专用机械
300649,杭州园林,20,工业,2020,建筑装饰,202010,建筑与工程,20201030,园林工程
300650,太龙股份,20,工业,2060,商业服务与用品,206010,商业服务与用品,20601040,贸易商
300651,金陵体育,25,可选消费,2520,耐用消费品,252030,休闲设备与用品,25203010,休闲设备与用品
300652,雷迪克,25,可选消费,2510,乘用车及零部件,251010,汽车零部件与轮胎,25101010,汽车系统部件
300653,正海生物,35,医药卫生,3510,医疗,351010,医疗器械,35101020,医疗耗材
300654,世纪天鸿,50,通信服务,5030,传媒,503020,文化娱乐,50302030,出版
300655,晶瑞电材,45,信息技术,4530,半导体,453030,半导体材料与设备,45303010,半导体材料
300656,民德电子,45,信息技术,4520,电子,452010,电子终端及组件,45201040,安防设备及其他
300657,弘信电子,45,信息技术,4520,电子,452020,电子元件,45202010,印制电路板
300658,延江股份,25,可选消费,2530,纺织服装与珠宝,253010,纺织服装,25301010,纺织品
300659,中孚信息,45,信息技术,4510,计算机,451020,信息技术服务,45102010,系统集成服务
300660,江苏雷利,25,可选消费,2520,耐用消费品,252010,家用电器,25201060,家电零部件及其他
300661,圣邦股份,45,信息技术,4530,半导体,453010,集成电路,45301010,集成电路设计
300662,科锐国际,20,工业,2060,商业服务与用品,206010,商业服务与用品,20601050,其他商业服务与用品
300663,科蓝软件,45,信息技术,4510,计算机,451010,软件开发,45101020,行业应用软件
300664,鹏鹞环保,20,工业,2050,环保,205010,污染治理,20501020,污水处理
300665,飞鹿股份,15,原材料,1510,化工,151040,化学制品,15104020,涂料油墨
300666,江丰电子,45,信息技术,4530,半导体,453030,半导体材料与设备,45303010,半导体材料
300667,必创科技,20,工业,2040,机械制造,204010,通用机械,20401050,仪器仪表
300668,杰恩设计,20,工业,2060,商业服务与用品,206010,商业服务与用品,20601050,其他商业服务与用品
300669,沪宁股份,20,工业,2040,机械制造,204020,专用机械,20402070,楼宇设备
300670,大烨智能,20,工业,2030,电力设备,203020,电网设备,20302030,配电设备
300671,富满微,45,信息技术,4530,半导体,453010,集成电路,45301010,集成电路设计
300672,国科微,45,信息技术,4530,半导体,453010,集成电路,45301010,集成电路设计
300673,佩蒂股份,30,主要消费,3030,家庭与个人用品,303010,家庭用品,30301010,家庭用品
300674,宇信科技,45,信息技术,4510,计算机,451010,软件开发,45101020,行业应用软件
300675,建科院,20,工业,2020,建筑装饰,202010,建筑与工程,20201050,建筑设计及服务
300676,华大基因,35,医药卫生,3510,医疗,351010,医疗器械,35101030,体外诊断
300677,英科医疗,35,医药卫生,3510,医疗,351010,医疗器械,35101020,医疗耗材
300678,中科信息,45,信息技术,4510,计算机,451020,信息技术服务,45102010,系统集成服务
300679,电连技术,45,信息技术,4520,电子,452010,电子终端及组件,45201030,消费电子组件及零部件
300680,隆盛科技,25,可选消费,2510,乘用车及零部件,251010,汽车零部件与轮胎,25101050,其他汽车零部件
300681,英搏尔,25,可选消费,2510,乘用车及零部件,251010,汽车零部件与轮胎,25101030,汽车电子
300682,朗新科技,45,信息技术,4510,计算机,451010,软件开发,45101020,行业应用软件
300683,海特生物,35,医药卫生,3520,医药,352040,制药与生物科技服务,35204010,制药与生物科技服务
300684,中石科技,45,信息技术,4520,电子,452040,电子化学品,45204010,电子化学品
300685,艾德生物,35,医药卫生,3510,医疗,351010,医疗器械,35101030,体外诊断
300686,智动力,45,信息技术,4520,电子,452010,电子终端及组件,45201030,消费电子组件及零部件
300687,赛意信息,45,信息技术,4510,计算机,451010,软件开发,45101010,通用软件
300688,创业黑马,20,工业,2060,商业服务与用品,206010,商业服务与用品,20601050,其他商业服务与用品
300689,澄天伟业,50,通信服务,5020,通信设备及技术服务,502010,通信设备,50201010,通信终端设备及组件
300690,双一科技,20,工业,2030,电力设备,203010,发电设备,20301020,风电设备
300691,联合光电,45,信息技术,4520,电子,452030,光学光电子,45203030,光学元件
300692,中赋科技,20,工业,2050,环保,205010,污染治理,20501020,污水处理
300693,盛弘股份,20,工业,2030,电力设备,203030,储能设备,20303030,其他储能设备
300694,蠡湖股份,25,可选消费,2510,乘用车及零部件,251010,汽车零部件与轮胎,25101010,汽车系统部件
300695,兆丰股份,25,可选消费,2510,乘用车及零部件,251010,汽车零部件与轮胎,25101010,汽车系统部件
300696,爱乐达,20,工业,2010,航空航天与国防,201010,航空航天,20101010,航空
300697,电工合金,20,工业,2030,电力设备,203020,电网设备,20302040,线缆及其他
300698,万马科技,50,通信服务,5020,通信设备及技术服务,502010,通信设备,50201020,通信系统设备及组件
300699,光威复材,15,原材料,1510,化工,151020,化学纤维,15102030,氨纶及其他化纤
300700,岱勒新材,20,工业,2040,机械制造,204010,通用机械,20401010,加工机械
300701,森霸传感,45,信息技术,4520,电子,452030,光学光电子,45203030,光学元件
300702,天宇股份,35,医药卫生,3520,医药,352020,化学药,35202010,原料药
300703,创源股份,25,可选消费,2520,耐用消费品,252030,休闲设备与用品,25203010,休闲设备与用品
300705,九典制药,35,医药卫生,3520,医药,352020,化学药,35202020,药品制剂
300706,阿石创,45,信息技术,4520,电子,452030,光学光电子,45203010,面板
300707,威唐工业,25,可选消费,2510,乘用车及零部件,251010,汽车零部件与轮胎,25101050,其他汽车零部件
300708,聚灿光电,45,信息技术,4520,电子,452030,光学光电子,45203020,LED
300709,精研科技,45,信息技术,4520,电子,452010,电子终端及组件,45201030,消费电子组件及零部件
300710,万隆光电,50,通信服务,5020,通信设备及技术服务,502010,通信设备,50201020,通信系统设备及组件
300711,广哈通信,50,通信服务,5020,通信设备及技术服务,502010,通信设备,50201010,通信终端设备及组件
300712,永福股份,20,工业,2020,建筑装饰,202010,建筑与工程,20201020,基础设施建设
300713,英可瑞,20,工业,2030,电力设备,203030,储能设备,20303030,其他储能设备
300715,凯伦股份,20,工业,2020,建筑装饰,202030,建筑产品,20203010,建筑产品
300716,ST泉为,15,原材料,1510,化工,151050,塑料,15105010,改性塑料
300717,华信新材,15,原材料,1510,化工,151050,塑料,15105040,其他塑料制品
300718,长盛轴承,20,工业,2040,机械制造,204010,通用机械,20401020,动力机械
300719,安达维尔,20,工业,2010,航空航天与国防,201010,航空航天,20101010,航空
300720,海川智能,20,工业,2040,机械制造,204010,通用机械,20401050,仪器仪表
300721,怡达股份,15,原材料,1510,化工,151040,化学制品,15104080,其他化学制品
300722,新余国科,20,工业,2010,航空航天与国防,201020,国防装备,20102010,国防装备
300723,一品红,35,医药卫生,3520,医药,352020,化学药,35202020,药品制剂
300724,捷佳伟创,20,工业,2030,电力设备,203010,发电设备,20301010,光伏设备
300725,药石科技,35,医药卫生,3520,医药,352040,制药与生物科技服务,35204010,制药与生物科技服务
300726,宏达电子,20,工业,2010,航空航天与国防,201020,国防装备,20102010,国防装备
300727,润禾材料,15,原材料,1510,化工,151040,化学制品,15104050,有机硅
300729,乐歌股份,25,可选消费,2520,耐用消费品,252020,家居,25202010,家具
300730,科创信息,45,信息技术,4510,计算机,451020,信息技术服务,45102010,系统集成服务
300731,科创新源,15,原材料,1510,化工,151060,橡胶,15106020,橡胶制品
300732,设研院,20,工业,2020,建筑装饰,202010,建筑与工程,20201050,建筑设计及服务
300733,西菱动力,25,可选消费,2510,乘用车及零部件,251010,汽车零部件与轮胎,25101010,汽车系统部件
300735,光弘科技,45,信息技术,4520,电子,452010,电子终端及组件,45201030,消费电子组件及零部件
300736,百邦科技,20,工业,2060,商业服务与用品,206010,商业服务与用品,20601050,其他商业服务与用品
300737,科顺股份,20,工业,2020,建筑装饰,202030,建筑产品,20203010,建筑产品
300738,奥飞数据,50,通信服务,5020,通信设备及技术服务,502020,数据中心,50202010,数据中心
300739,明阳电路,45,信息技术,4520,电子,452020,电子元件,45202010,印制电路板
300740,水羊股份,30,主要消费,3030,家庭与个人用品,303020,美容护理,30302010,美容护理
300741,华宝股份,30,主要消费,3010,食品、饮料与烟草,301030,食品,30103050,其他食品
300743,天地数码,20,工业,2060,商业服务与用品,206010,商业服务与用品,20601030,办公服务与用品
300745,欣锐科技,25,可选消费,2510,乘用车及零部件,251010,汽车零部件与轮胎,25101030,汽车电子
300746,汉嘉数智,20,工业,2020,建筑装饰,202010,建筑与工程,20201050,建筑设计及服务
300747,锐科激光,20,工业,2040,机械制造,204010,通用机械,20401040,电动机与工控自动化
300748,金力永磁,15,原材料,1520,有色金属,152030,稀有金属,15203010,稀土金属
300749,顶固集创,25,可选消费,2520,耐用消费品,252020,家居,25202010,家具
300750,宁德时代,20,工业,2030,电力设备,203030,储能设备,20303010,电池
300751,迈为股份,20,工业,2030,电力设备,203010,发电设备,20301010,光伏设备
300752,隆利科技,45,信息技术,4520,电子,452030,光学光电子,45203020,LED
300753,爱朋医疗,35,医药卫生,3510,医疗,351010,医疗器械,35101010,医疗设备
300755,华致酒行,25,可选消费,2550,零售业,255020,专营零售,25502010,专营零售
300756,金马游乐,20,工业,2040,机械制造,204020,专用机械,20402080,其他专用机械
300757,罗博特科,20,工业,2030,电力设备,203010,发电设备,20301010,光伏设备
300758,七彩化学,15,原材料,1510,化工,151040,化学制品,15104020,涂料油墨
300759,康龙化成,35,医药卫生,3520,医药,352040,制药与生物科技服务,35204010,制药与生物科技服务
300760,迈瑞医疗,35,医药卫生,3510,医疗,351010,医疗器械,35101010,医疗设备
300761,立华股份,30,主要消费,3020,农牧渔,302020,养殖,30202030,畜牧产品
300762,上海瀚讯,20,工业,2010,航空航天与国防,201020,国防装备,20102010,国防装备
300763,锦浪科技,20,工业,2030,电力设备,203010,发电设备,20301010,光伏设备
300765,新诺威,30,主要消费,3010,食品、饮料与烟草,301030,食品,30103050,其他食品
300766,每日互动,45,信息技术,4510,计算机,451020,信息技术服务,45102030,其他IT与互联网服务
300767,震安科技,20,工业,2020,建筑装饰,202030,建筑产品,20203010,建筑产品
300768,迪普科技,45,信息技术,4510,计算机,451020,信息技术服务,45102010,系统集成服务
300769,德方纳米,20,工业,2030,电力设备,203030,储能设备,20303020,电池部件及材料
300770,新媒股份,50,通信服务,5030,传媒,503020,文化娱乐,50302040,广播与电视
300771,智莱科技,20,工业,2070,交通运输,207010,运输业,20701010,快递
300772,运达股份,20,工业,2030,电力设备,203010,发电设备,20301020,风电设备
300773,拉卡拉,40,金融,4020,其他金融,402010,其他金融服务,40201020,特殊金融服务
300774,倍杰特,20,工业,2050,环保,205010,污染治理,20501020,污水处理
300775,三角防务,20,工业,2010,航空航天与国防,201010,航空航天,20101010,航空
300776,帝尔激光,20,工业,2030,电力设备,203010,发电设备,20301010,光伏设备
300777,中简科技,15,原材料,1510,化工,151020,化学纤维,15102030,氨纶及其他化纤
300778,新城市,20,工业,2020,建筑装饰,202010,建筑与工程,20201050,建筑设计及服务
300779,惠城环保,20,工业,2050,环保,205010,污染治理,20501010,固废处理
300780,德恩精工,20,工业,2040,机械制造,204010,通用机械,20401020,动力机械
300781,因赛集团,50,通信服务,5030,传媒,503010,营销与广告,50301020,其他广告营销
300782,卓胜微,45,信息技术,4530,半导体,453010,集成电路,45301010,集成电路设计
300783,三只松鼠,30,主要消费,3010,食品、饮料与烟草,301030,食品,30103040,休闲食品
300784,利安科技,15,原材料,1510,化工,151050,塑料,15105040,其他塑料制品
300785,值得买,50,通信服务,5030,传媒,503030,数字媒体,50303040,互动媒体
300786,国林科技,20,工业,2050,环保,205010,污染治理,20501020,污水处理
300787,海能实业,45,信息技术,4520,电子,452010,电子终端及组件,45201030,消费电子组件及零部件
300788,中信出版,50,通信服务,5030,传媒,503020,文化娱乐,50302030,出版
300789,唐源电气,20,工业,2040,机械制造,204030,交通运输设备,20403010,城轨铁路
300790,宇瞳光学,45,信息技术,4520,电子,452030,光学光电子,45203030,光学元件
300791,仙乐健康,30,主要消费,3010,食品、饮料与烟草,301030,食品,30103050,其他食品
300792,壹网壹创,25,可选消费,2550,零售业,255040,互联网零售,25504010,互联网零售
300793,佳禾智能,45,信息技术,4520,电子,452010,电子终端及组件,45201020,消费电子终端
300795,米奥会展,20,工业,2060,商业服务与用品,206010,商业服务与用品,20601050,其他商业服务与用品
300796,贝斯美,15,原材料,1510,化工,151010,农用化工,15101040,农药
300797,钢研纳克,20,工业,2060,商业服务与用品,206010,商业服务与用品,20601050,其他商业服务与用品
300798,锦鸡股份,15,原材料,1510,化工,151040,化学制品,15104030,印染化学品
300800,力合科技,20,工业,2050,环保,205020,节能与生态修复,20502020,环境监测
300801,泰和科技,15,原材料,1510,化工,151040,化学制品,15104080,其他化学制品
300802,矩子科技,20,工业,2040,机械制造,204010,通用机械,20401050,仪器仪表
300803,指南针,45,信息技术,4510,计算机,451010,软件开发,45101020,行业应用软件
300804,广康生化,15,原材料,1510,化工,151010,农用化工,15101040,农药
300805,电声股份,50,通信服务,5030,传媒,503010,营销与广告,50301020,其他广告营销
300806,斯迪克,45,信息技术,4520,电子,452040,电子化学品,45204010,电子化学品
300807,天迈科技,45,信息技术,4510,计算机,451020,信息技术服务,45102010,系统集成服务
300808,久量股份,25,可选消费,2520,耐用消费品,252010,家用电器,25201040,照明电器
300809,华辰装备,20,工业,2040,机械制造,204010,通用机械,20401040,电动机与工控自动化
300810,中科海讯,20,工业,2040,机械制造,204030,交通运输设备,20403020,船舶及其他航运设备
300811,铂科新材,15,原材料,1520,有色金属,152030,稀有金属,15203010,稀土金属
300812,易天股份,20,工业,2040,机械制造,204020,专用机械,20402080,其他专用机械
300813,泰林生物,20,工业,2040,机械制造,204020,专用机械,20402080,其他专用机械
300814,中富电路,45,信息技术,4520,电子,452020,电子元件,45202010,印制电路板
300815,玉禾田,55,公用事业,5510,公用事业,551040,市政环卫,55104010,市政环卫
300816,艾可蓝,20,工业,2050,环保,205010,污染治理,20501030,烟气治理
300817,双飞集团,20,工业,2040,机械制造,204010,通用机械,20401020,动力机械
300818,耐普矿机,20,工业,2040,机械制造,204020,专用机械,20402020,采矿冶金机械
300819,聚杰微纤,25,可选消费,2530,纺织服装与珠宝,253010,纺织服装,25301010,纺织品
300820,英杰电气,20,工业,2030,电力设备,203030,储能设备,20303030,其他储能设备
300821,东岳硅材,15,原材料,1510,化工,151040,化学制品,15104050,有机硅
300822,贝仕达克,45,信息技术,4520,电子,452010,电子终端及组件,45201040,安防设备及其他
300823,建科智能,20,工业,2040,机械制造,204020,专用机械,20402080,其他专用机械
300824,北鼎股份,25,可选消费,2520,耐用消费品,252010,家用电器,25201030,小家电
300825,阿尔特,20,工业,2060,商业服务与用品,206010,商业服务与用品,20601050,其他商业服务与用品
300826,测绘股份,20,工业,2020,建筑装饰,202010,建筑与工程,20201050,建筑设计及服务
300827,上能电气,20,工业,2030,电力设备,203010,发电设备,20301010,光伏设备
300828,锐新科技,20,工业,2040,机械制造,204010,通用机械,20401070,其他通用机械
300829,金丹科技,30,主要消费,3010,食品、饮料与烟草,301030,食品,30103050,其他食品
300830,金现代,45,信息技术,4510,计算机,451010,软件开发,45101020,行业应用软件
300831,派瑞股份,45,信息技术,4530,半导体,453020,分立器件,45302010,分立器件
300832,新产业,35,医药卫生,3510,医疗,351010,医疗器械,35101030,体外诊断
300833,浩洋股份,20,工业,2040,机械制造,204020,专用机械,20402080,其他专用机械
300834,星辉环材,15,原材料,1510,化工,151050,塑料,15105010,改性塑料
300835,龙磁科技,15,原材料,1520,有色金属,152030,稀有金属,15203010,稀土金属
300836,佰奥智能,20,工业,2040,机械制造,204010,通用机械,20401040,电动机与工控自动化
300837,浙矿股份,20,工业,2040,机械制造,204020,专用机械,20402020,采矿冶金机械
300838,浙江力诺,20,工业,2040,机械制造,204010,通用机械,20401040,电动机与工控自动化
300839,博汇股份,10,能源,1010,能源,101020,石油与天然气,10102020,燃油炼制
300840,酷特智能,25,可选消费,2530,纺织服装与珠宝,253010,纺织服装,25301020,服装
300841,康华生物,35,医药卫生,3520,医药,352010,生物药品,35201020,疫苗
300842,帝科股份,20,工业,2030,电力设备,203010,发电设备,20301010,光伏设备
300843,胜蓝股份,45,信息技术,4520,电子,452010,电子终端及组件,45201030,消费电子组件及零部件
300844,山水比德,20,工业,2020,建筑装饰,202010,建筑与工程,20201030,园林工程
300845,捷安高科,45,信息技术,4510,计算机,451020,信息技术服务,45102010,系统集成服务
300846,首都在线,50,通信服务,5020,通信设备及技术服务,502020,数据中心,50202010,数据中心
300847,中船汉光,15,原材料,1510,化工,151040,化学制品,15104020,涂料油墨
300848,美瑞新材,15,原材料,1510,化工,151040,化学制品,15104060,聚氨酯
300849,锦盛新材,15,原材料,1550,造纸与包装,155010,容器与包装,15501010,金属、玻璃与塑料包装
300850,新强联,20,工业,2030,电力设备,203010,发电设备,20301020,风电设备
300851,交大思诺,20,工业,2040,机械制造,204030,交通运输设备,20403010,城轨铁路
300852,四会富仕,45,信息技术,4520,电子,452020,电子元件,45202010,印制电路板
300853,申昊科技,20,工业,2030,电力设备,203020,电网设备,20302010,电网自动化
300854,中兰环保,20,工业,2050,环保,205010,污染治理,20501010,固废处理
300855,图南股份,20,工业,2010,航空航天与国防,201010,航空航天,20101010,航空
300856,科思股份,30,主要消费,3030,家庭与个人用品,303020,美容护理,30302010,美容护理
300857,协创数据,45,信息技术,4520,电子,452010,电子终端及组件,45201010,电脑与外围设备
300858,科拓生物,30,主要消费,3010,食品、饮料与烟草,301030,食品,30103050,其他食品
300859,西域旅游,25,可选消费,2540,消费者服务,254010,休闲服务,25401010,景点
300860,锋尚文化,25,可选消费,2540,消费者服务,254010,休闲服务,25401070,其他休闲服务
300861,美畅股份,20,工业,2040,机械制造,204010,通用机械,20401010,加工机械
300862,蓝盾光电,20,工业,2050,环保,205020,节能与生态修复,20502020,环境监测
300863,卡倍亿,25,可选消费,2510,乘用车及零部件,251010,汽车零部件与轮胎,25101030,汽车电子
300864,南大环境,20,工业,2050,环保,205020,节能与生态修复,20502020,环境监测
300865,大宏立,20,工业,2040,机械制造,204020,专用机械,20402020,采矿冶金机械
300866,安克创新,45,信息技术,4520,电子,452010,电子终端及组件,45201030,消费电子组件及零部件
300867,圣元环保,20,工业,2050,环保,205010,污染治理,20501010,固废处理
300868,杰美特,45,信息技术,4520,电子,452010,电子终端及组件,45201030,消费电子组件及零部件
300869,康泰医学,35,医药卫生,3510,医疗,351010,医疗器械,35101010,医疗设备
300870,欧陆通,45,信息技术,4520,电子,452050,其他电子,45205010,其他电子
300871,回盛生物,30,主要消费,3020,农牧渔,302020,养殖,30202020,动物保健与育种
300872,天阳科技,45,信息技术,4510,计算机,451010,软件开发,45101020,行业应用软件
300873,海晨股份,20,工业,2070,交通运输,207010,运输业,20701020,物流综合
300875,捷强装备,20,工业,2010,航空航天与国防,201020,国防装备,20102010,国防装备
300876,蒙泰高新,15,原材料,1510,化工,151020,化学纤维,15102030,氨纶及其他化纤
300877,金春股份,25,可选消费,2530,纺织服装与珠宝,253010,纺织服装,25301010,纺织品
300878,维康药业,35,医药卫生,3520,医药,352030,中药,35203020,中成药
300879,大叶股份,20,工业,2040,机械制造,204020,专用机械,20402060,农业机械
300880,迦南智能,20,工业,2030,电力设备,203020,电网设备,20302010,电网自动化
300881,盛德鑫泰,15,原材料,1530,钢铁,153010,钢铁,15301020,特钢
300882,万胜智能,20,工业,2030,电力设备,203020,电网设备,20302010,电网自动化
300883,龙利得,15,原材料,1550,造纸与包装,155010,容器与包装,15501020,纸材料包装
300884,狄耐克,45,信息技术,4520,电子,452010,电子终端及组件,45201040,安防设备及其他
300885,海昌新材,20,工业,2040,机械制造,204010,通用机械,20401070,其他通用机械
300886,华业香料,15,原材料,1510,化工,151040,化学制品,15104080,其他化学制品
300887,谱尼测试,20,工业,2060,商业服务与用品,206010,商业服务与用品,20601050,其他商业服务与用品
300888,稳健医疗,35,医药卫生,3510,医疗,351010,医疗器械,35101020,医疗耗材
300889,爱克股份,45,信息技术,4520,电子,452030,光学光电子,45203020,LED
300890,翔丰华,20,工业,2030,电力设备,203030,储能设备,20303020,电池部件及材料
300891,惠云钛业,15,原材料,1510,化工,151030,化学原料,15103040,钛白粉
300892,品渥食品,25,可选消费,2550,零售业,255040,互联网零售,25504010,互联网零售
300893,松原安全,25,可选消费,2510,乘用车及零部件,251010,汽车零部件与轮胎,25101020,汽车内饰与外饰
300894,火星人,25,可选消费,2520,耐用消费品,252010,家用电器,25201050,厨卫电器
300895,铜牛信息,50,通信服务,5020,通信设备及技术服务,502020,数据中心,50202010,数据中心
300896,爱美客,35,医药卫生,3510,医疗,351010,医疗器械,35101020,医疗耗材
300897,山科智能,20,工业,2040,机械制造,204010,通用机械,20401050,仪器仪表
300898,熊猫乳品,30,主要消费,3010,食品、饮料与烟草,301030,食品,30103030,乳制品
300899,*ST凯鑫,20,工业,2050,环保,205010,污染治理,20501020,污水处理
300900,广联航空,20,工业,2010,航空航天与国防,201010,航空航天,20101010,航空
300901,中胤时尚,25,可选消费,2530,纺织服装与珠宝,253010,纺织服装,25301030,鞋帽与配饰
300902,国安达,20,工业,2060,商业服务与用品,206010,商业服务与用品,20601050,其他商业服务与用品
300903,科翔股份,45,信息技术,4520,电子,452020,电子元件,45202010,印制电路板
300904,威力传动,20,工业,2030,电力设备,203010,发电设备,20301020,风电设备
300905,宝丽迪,15,原材料,1510,化工,151040,化学制品,15104030,印染化学品
300906,日月明,20,工业,2040,机械制造,204030,交通运输设备,20403010,城轨铁路
300907,康平科技,20,工业,2040,机械制造,204010,通用机械,20401040,电动机与工控自动化
300908,仲景食品,30,主要消费,3010,食品、饮料与烟草,301030,食品,30103020,调味品与食用油
300909,汇创达,45,信息技术,4520,电子,452050,其他电子,45205010,其他电子
300910,瑞丰新材,15,原材料,1510,化工,151040,化学制品,15104080,其他化学制品
300911,亿田智能,25,可选消费,2520,耐用消费品,252010,家用电器,25201050,厨卫电器
300912,凯龙高科,25,可选消费,2510,乘用车及零部件,251010,汽车零部件与轮胎,25101050,其他汽车零部件
300913,兆龙互连,50,通信服务,5020,通信设备及技术服务,502010,通信设备,50201020,通信系统设备及组件
300915,海融科技,30,主要消费,3010,食品、饮料与烟草,301030,食品,30103050,其他食品
300916,朗特智能,45,信息技术,4520,电子,452010,电子终端及组件,45201040,安防设备及其他
300917,特发服务,60,房地产,6010,房地产,601020,房地产管理与服务,60102010,房地产管理
300918,南山智尚,25,可选消费,2530,纺织服装与珠宝,253010,纺织服装,25301010,纺织品
300919,中伟新材,20,工业,2030,电力设备,203030,储能设备,20303020,电池部件及材料
300920,润阳科技,15,原材料,1510,化工,151050,塑料,15105040,其他塑料制品
300921,南凌科技,50,通信服务,5010,电信服务,501020,电信增值服务,50102010,电信增值服务
300922,天秦装备,20,工业,2010,航空航天与国防,201020,国防装备,20102010,国防装备
300923,研奥股份,20,工业,2040,机械制造,204030,交通运输设备,20403010,城轨铁路
300925,法本信息,45,信息技术,4510,计算机,451020,信息技术服务,45102030,其他IT与互联网服务
300926,博俊科技,25,可选消费,2510,乘用车及零部件,251010,汽车零部件与轮胎,25101050,其他汽车零部件
300927,江天化学,15,原材料,1510,化工,151030,化学原料,15103050,其他化学原料
300928,华安鑫创,25,可选消费,2510,乘用车及零部件,251010,汽车零部件与轮胎,25101030,汽车电子
300929,华骐环保,20,工业,2050,环保,205010,污染治理,20501020,污水处理
300930,屹通新材,20,工业,2050,环保,205020,节能与生态修复,20502010,节能与资源回收
300931,通用电梯,20,工业,2040,机械制造,204020,专用机械,20402070,楼宇设备
300932,三友联众,20,工业,2030,电力设备,203020,电网设备,20302010,电网自动化
300933,中辰股份,20,工业,2030,电力设备,203020,电网设备,20302040,线缆及其他
300935,盈建科,45,信息技术,4510,计算机,451010,软件开发,45101020,行业应用软件
300936,中英科技,45,信息技术,4520,电子,452020,电子元件,45202010,印制电路板
300937,药易购,35,医药卫生,3510,医疗,351020,医疗商业与服务,35102020,医药商业
300938,信测标准,20,工业,2060,商业服务与用品,206010,商业服务与用品,20601050,其他商业服务与用品
300939,秋田微,45,信息技术,4520,电子,452030,光学光电子,45203010,面板
300940,南极光,45,信息技术,4520,电子,452030,光学光电子,45203020,LED
300941,创识科技,45,信息技术,4520,电子,452010,电子终端及组件,45201040,安防设备及其他
300942,易瑞生物,20,工业,2060,商业服务与用品,206010,商业服务与用品,20601050,其他商业服务与用品
300943,春晖智控,20,工业,2040,机械制造,204010,通用机械,20401030,气液机械
300945,曼卡龙,25,可选消费,2530,纺织服装与珠宝,253020,珠宝与奢侈品,25302010,珠宝与奢侈品
300946,恒而达,20,工业,2040,机械制造,204010,通用机械,20401010,加工机械
300947,德必集团,60,房地产,6010,房地产,601020,房地产管理与服务,60102020,房地产服务
300948,冠中生态,20,工业,2050,环保,205020,节能与生态修复,20502030,生态修复
300949,奥雅股份,20,工业,2020,建筑装饰,202010,建筑与工程,20201050,建筑设计及服务
300950,德固特,20,工业,2050,环保,205020,节能与生态修复,20502010,节能与资源回收
300951,博硕科技,45,信息技术,4520,电子,452010,电子终端及组件,45201030,消费电子组件及零部件
300952,恒辉安防,25,可选消费,2530,纺织服装与珠宝,253010,纺织服装,25301030,鞋帽与配饰
300953,震裕科技,20,工业,2030,电力设备,203030,储能设备,20303020,电池部件及材料
300955,嘉亨家化,30,主要消费,3030,家庭与个人用品,303020,美容护理,30302010,美容护理
300956,英力股份,45,信息技术,4520,电子,452010,电子终端及组件,45201010,电脑与外围设备
300957,贝泰妮,30,主要消费,3030,家庭与个人用品,303020,美容护理,30302010,美容护理
300958,建工修复,20,工业,2050,环保,205020,节能与生态修复,20502030,生态修复
300959,线上线下,50,通信服务,5010,电信服务,501020,电信增值服务,50102010,电信增值服务
300960,通业科技,20,工业,2040,机械制造,204030,交通运输设备,20403010,城轨铁路
300961,深水海纳,20,工业,2050,环保,205010,污染治理,20501020,污水处理
300962,中金辐照,20,工业,2060,商业服务与用品,206010,商业服务与用品,20601050,其他商业服务与用品
300963,中洲特材,15,原材料,1520,有色金属,152040,其他有色金属及合金,15204020,其他有色金属及合金
300964,本川智能,45,信息技术,4520,电子,452020,电子元件,45202010,印制电路板
300965,恒宇信通,20,工业,2010,航空航天与国防,201010,航空航天,20101010,航空
300966,共同药业,35,医药卫生,3520,医药,352020,化学药,35202010,原料药
300967,晓鸣股份,30,主要消费,3020,农牧渔,302020,养殖,30202030,畜牧产品
300968,格林精密,45,信息技术,4520,电子,452010,电子终端及组件,45201030,消费电子组件及零部件
300969,恒帅股份,25,可选消费,2510,乘用车及零部件,251010,汽车零部件与轮胎,25101050,其他汽车零部件
300970,华绿生物,30,主要消费,3020,农牧渔,302010,种植,30201010,农产品
300971,博亚精工,20,工业,2040,机械制造,204020,专用机械,20402080,其他专用机械
300972,万辰集团,25,可选消费,2550,零售业,255010,一般零售,25501020,超市与便利店
300973,立高食品,30,主要消费,3010,食品、饮料与烟草,301030,食品,30103040,休闲食品
300975,商络电子,20,工业,2060,商业服务与用品,206010,商业服务与用品,20601040,贸易商
300976,达瑞电子,45,信息技术,4520,电子,452010,电子终端及组件,45201030,消费电子组件及零部件
300977,深圳瑞捷,20,工业,2020,建筑装饰,202010,建筑与工程,20201050,建筑设计及服务
300978,东箭科技,25,可选消费,2510,乘用车及零部件,251010,汽车零部件与轮胎,25101020,汽车内饰与外饰
300979,华利集团,25,可选消费,2530,纺织服装与珠宝,253010,纺织服装,25301030,鞋帽与配饰
300980,祥源新材,15,原材料,1510,化工,151050,塑料,15105040,其他塑料制品
300981,中红医疗,35,医药卫生,3510,医疗,351010,医疗器械,35101020,医疗耗材
300982,苏文电能,20,工业,2020,建筑装饰,202010,建筑与工程,20201020,基础设施建设
300983,尤安设计,20,工业,2020,建筑装饰,202010,建筑与工程,20201050,建筑设计及服务
300984,金沃股份,20,工业,2040,机械制造,204010,通用机械,20401020,动力机械
300985,致远新能,20,工业,2040,机械制造,204030,交通运输设备,20403030,商用车
300986,志特新材,20,工业,2020,建筑装饰,202030,建筑产品,20203010,建筑产品
300987,川网传媒,50,通信服务,5030,传媒,503030,数字媒体,50303030,图文媒体
300988,津荣天宇,20,工业,2040,机械制造,204010,通用机械,20401070,其他通用机械
300989,蕾奥规划,20,工业,2020,建筑装饰,202010,建筑与工程,20201050,建筑设计及服务
300990,同飞股份,20,工业,2040,机械制造,204010,通用机械,20401070,其他通用机械
300991,创益通,45,信息技术,4520,电子,452010,电子终端及组件,45201030,消费电子组件及零部件
300992,泰福泵业,20,工业,2040,机械制造,204010,通用机械,20401030,气液机械
300993,玉马科技,20,工业,2020,建筑装饰,202030,建筑产品,20203010,建筑产品
300994,久祺股份,25,可选消费,2520,耐用消费品,252030,休闲设备与用品,25203010,休闲设备与用品
300995,奇德新材,15,原材料,1510,化工,151050,塑料,15105010,改性塑料
300996,普联软件,45,信息技术,4510,计算机,451010,软件开发,45101010,通用软件
300997,欢乐家,30,主要消费,3010,食品、饮料与烟草,301020,软饮料,30102010,软饮料
300998,宁波方正,25,可选消费,2510,乘用车及零部件,251010,汽车零部件与轮胎,25101020,汽车内饰与外饰
300999,金龙鱼,30,主要消费,3010,食品、饮料与烟草,301030,食品,30103020,调味品与食用油
301000,肇民科技,25,可选消费,2510,乘用车及零部件,251010,汽车零部件与轮胎,25101050,其他汽车零部件
301001,凯淳股份,25,可选消费,2550,零售业,255040,互联网零售,25504010,互联网零售
301002,崧盛股份,45,信息技术,4520,电子,452030,光学光电子,45203020,LED
301003,江苏博云,15,原材料,1510,化工,151050,塑料,15105010,改性塑料
301004,嘉益股份,25,可选消费,2520,耐用消费品,252020,家居,25202020,其他家居
301005,超捷股份,25,可选消费,2510,乘用车及零部件,251010,汽车零部件与轮胎,25101050,其他汽车零部件
301006,迈拓股份,20,工业,2040,机械制造,204010,通用机械,20401050,仪器仪表
301007,德迈仕,25,可选消费,2510,乘用车及零部件,251010,汽车零部件与轮胎,25101010,汽车系统部件
301008,宏昌科技,25,可选消费,2520,耐用消费品,252010,家用电器,25201060,家电零部件及其他
301009,可靠股份,30,主要消费,3030,家庭与个人用品,303010,家庭用品,30301010,家庭用品
301010,晶雪节能,20,工业,2020,建筑装饰,202030,建筑产品,20203010,建筑产品
301011,华立科技,25,可选消费,2520,耐用消费品,252030,休闲设备与用品,25203010,休闲设备与用品
301012,扬电科技,20,工业,2030,电力设备,203020,电网设备,20302020,输变电设备
301013,利和兴,20,工业,2040,机械制造,204020,专用机械,20402080,其他专用机械
301015,百洋医药,35,医药卫生,3510,医疗,351020,医疗商业与服务,35102020,医药商业
301016,雷尔伟,20,工业,2040,机械制造,204030,交通运输设备,20403010,城轨铁路
301017,漱玉平民,35,医药卫生,3510,医疗,351020,医疗商业与服务,35102020,医药商业
301018,申菱环境,20,工业,2040,机械制造,204020,专用机械,20402070,楼宇设备
301019,宁波色母,15,原材料,1510,化工,151050,塑料,15105040,其他塑料制品
301020,密封科技,25,可选消费,2510,乘用车及零部件,251010,汽车零部件与轮胎,25101050,其他汽车零部件
301021,英诺激光,20,工业,2040,机械制造,204010,通用机械,20401040,电动机与工控自动化
301022,海泰科,25,可选消费,2510,乘用车及零部件,251010,汽车零部件与轮胎,25101020,汽车内饰与外饰
301023,奕帆传动,20,工业,2040,机械制造,204010,通用机械,20401040,电动机与工控自动化
301024,霍普股份,20,工业,2020,建筑装饰,202010,建筑与工程,20201050,建筑设计及服务
301025,读客文化,50,通信服务,5030,传媒,503020,文化娱乐,50302030,出版
301026,浩通科技,20,工业,2050,环保,205020,节能与生态修复,20502010,节能与资源回收
301027,华蓝集团,20,工业,2020,建筑装饰,202010,建筑与工程,20201050,建筑设计及服务
301028,鼎熔岩,20,工业,2040,机械制造,204010,通用机械,20401030,气液机械
301029,怡合达,20,工业,2040,机械制造,204010,通用机械,20401040,电动机与工控自动化
301030,仕净科技,20,工业,2050,环保,205010,污染治理,20501030,烟气治理
301031,中熔电气,20,工业,2030,电力设备,203020,电网设备,20302030,配电设备
301032,新柴股份,20,工业,2040,机械制造,204010,通用机械,20401020,动力机械
301033,迈普医学,35,医药卫生,3510,医疗,351010,医疗器械,35101020,医疗耗材
301035,润丰股份,15,原材料,1510,化工,151010,农用化工,15101040,农药
301036,双乐股份,15,原材料,1510,化工,151040,化学制品,15104020,涂料油墨
301037,保立佳,15,原材料,1510,化工,151040,化学制品,15104020,涂料油墨
301038,深水规院,20,工业,2020,建筑装饰,202010,建筑与工程,20201050,建筑设计及服务
301039,中集车辆,20,工业,2040,机械制造,204030,交通运输设备,20403030,商用车
301040,中环海陆,20,工业,2030,电力设备,203010,发电设备,20301020,风电设备
301041,金百泽,45,信息技术,4520,电子,452020,电子元件,45202010,印制电路板
301042,安联锐视,45,信息技术,4520,电子,452010,电子终端及组件,45201040,安防设备及其他
301043,绿岛风,20,工业,2040,机械制造,204020,专用机械,20402070,楼宇设备
301045,天禄科技,45,信息技术,4520,电子,452030,光学光电子,45203010,面板
301046,能辉科技,20,工业,2020,建筑装饰,202010,建筑与工程,20201020,基础设施建设
301047,义翘神州,35,医药卫生,3520,医药,352040,制药与生物科技服务,35204010,制药与生物科技服务
301048,金鹰重工,20,工业,2040,机械制造,204030,交通运输设备,20403010,城轨铁路
301049,超越科技,20,工业,2050,环保,205010,污染治理,20501010,固废处理
301050,雷电微力,20,工业,2010,航空航天与国防,201020,国防装备,20102010,国防装备
301051,信濠光电,45,信息技术,4520,电子,452030,光学光电子,45203010,面板
301052,果麦文化,50,通信服务,5030,传媒,503020,文化娱乐,50302030,出版
301053,远信工业,20,工业,2040,机械制造,204020,专用机械,20402050,纺织服装机械
301055,张小泉,25,可选消费,2520,耐用消费品,252020,家居,25202020,其他家居
301056,森赫股份,20,工业,2040,机械制造,204020,专用机械,20402070,楼宇设备
301057,汇隆新材,15,原材料,1510,化工,151020,化学纤维,15102010,锦纶与涤纶
301058,中粮科工,20,工业,2020,建筑装饰,202010,建筑与工程,20201040,专业工程
301059,金三江,15,原材料,1510,化工,151040,化学制品,15104080,其他化学制品
301060,兰卫医学,35,医药卫生,3510,医疗,351020,医疗商业与服务,35102010,医疗服务
301061,匠心家居,25,可选消费,2520,耐用消费品,252020,家居,25202010,家具
301062,上海艾录,15,原材料,1550,造纸与包装,155010,容器与包装,15501020,纸材料包装
301063,海锅股份,10,能源,1010,能源,101010,油气开采与油田服务,10101010,油气开采
301065,本立科技,35,医药卫生,3520,医药,352020,化学药,35202010,原料药
301066,万事利,25,可选消费,2530,纺织服装与珠宝,253010,纺织服装,25301030,鞋帽与配饰
301067,显盈科技,45,信息技术,4520,电子,452010,电子终端及组件,45201010,电脑与外围设备
301068,大地海洋,20,工业,2050,环保,205020,节能与生态修复,20502010,节能与资源回收
301069,凯盛新材,15,原材料,1510,化工,151030,化学原料,15103050,其他化学原料
301070,开勒股份,20,工业,2040,机械制造,204020,专用机械,20402070,楼宇设备
301071,力量钻石,15,原材料,1540,非金属材料,154020,其他非金属材料,15402020,其他非金属材料
301072,中捷精工,25,可选消费,2510,乘用车及零部件,251010,汽车零部件与轮胎,25101050,其他汽车零部件
301073,君亭酒店,25,可选消费,2540,消费者服务,254010,休闲服务,25401030,酒店
301075,多瑞医药,35,医药卫生,3520,医药,352020,化学药,35202020,药品制剂
301076,新瀚新材,15,原材料,1510,化工,151040,化学制品,15104080,其他化学制品
301077,星华新材,15,原材料,1510,化工,151040,化学制品,15104080,其他化学制品
301078,孩子王,25,可选消费,2550,零售业,255020,专营零售,25502010,专营零售
301079,邵阳液压,20,工业,2040,机械制造,204010,通用机械,20401030,气液机械
301080,百普赛斯,35,医药卫生,3520,医药,352010,生物药品,35201030,其他生物药品
301081,严牌股份,20,工业,2050,环保,205010,污染治理,20501030,烟气治理
301082,久盛电气,20,工业,2030,电力设备,203020,电网设备,20302040,线缆及其他
301083,百胜智能,45,信息技术,4520,电子,452010,电子终端及组件,45201040,安防设备及其他
301085,亚康股份,50,通信服务,5020,通信设备及技术服务,502020,数据中心,50202010,数据中心
301086,鸿富瀚,45,信息技术,4520,电子,452010,电子终端及组件,45201030,消费电子组件及零部件
301087,可孚医疗,35,医药卫生,3510,医疗,351010,医疗器械,35101010,医疗设备
301088,戎美股份,25,可选消费,2550,零售业,255020,专营零售,25502010,专营零售
301089,拓新药业,35,医药卫生,3520,医药,352020,化学药,35202010,原料药
301090,华润材料,15,原材料,1550,造纸与包装,155010,容器与包装,15501010,金属、玻璃与塑料包装
301091,深城交,20,工业,2020,建筑装饰,202010,建筑与工程,20201050,建筑设计及服务
301092,争光股份,15,原材料,1510,化工,151050,塑料,15105020,合成树脂
301093,华兰股份,35,医药卫生,3510,医疗,351010,医疗器械,35101020,医疗耗材
301095,广立微,45,信息技术,4530,半导体,453030,半导体材料与设备,45303020,半导体设备
301096,百诚医药,35,医药卫生,3520,医药,352040,制药与生物科技服务,35204010,制药与生物科技服务
301097,天益医疗,35,医药卫生,3510,医疗,351010,医疗器械,35101020,医疗耗材
301098,金埔园林,20,工业,2020,建筑装饰,202010,建筑与工程,20201030,园林工程
301099,雅创电子,20,工业,2060,商业服务与用品,206010,商业服务与用品,20601040,贸易商
301100,风光股份,15,原材料,1510,化工,151040,化学制品,15104080,其他化学制品
301101,明月镜片,30,主要消费,3030,家庭与个人用品,303020,美容护理,30302010,美容护理
301102,兆讯传媒,50,通信服务,5030,传媒,503010,营销与广告,50301010,数字营销
301103,何氏眼科,35,医药卫生,3510,医疗,351020,医疗商业与服务,35102010,医疗服务
301105,鸿铭股份,20,工业,2040,机械制造,204020,专用机械,20402040,印刷包装机械
301106,骏成科技,45,信息技术,4520,电子,452030,光学光电子,45203010,面板
301107,瑜欣电子,20,工业,2040,机械制造,204010,通用机械,20401020,动力机械
301108,洁雅股份,30,主要消费,3030,家庭与个人用品,303010,家庭用品,30301010,家庭用品
301109,军信股份,20,工业,2050,环保,205010,污染治理,20501010,固废处理
301110,青木科技,25,可选消费,2550,零售业,255040,互联网零售,25504010,互联网零售
301111,粤万年青,35,医药卫生,3520,医药,352030,中药,35203020,中成药
301112,信邦智能,20,工业,2040,机械制造,204010,通用机械,20401040,电动机与工控自动化
301113,雅艺科技,25,可选消费,2520,耐用消费品,252020,家居,25202010,家具
301115,联检科技,20,工业,2020,建筑装饰,202010,建筑与工程,20201050,建筑设计及服务
301116,益客食品,30,主要消费,3020,农牧渔,302020,养殖,30202030,畜牧产品
301117,佳缘科技,45,信息技术,4510,计算机,451020,信息技术服务,45102010,系统集成服务
301118,恒光股份,15,原材料,1510,化工,151030,化学原料,15103020,氯碱
301119,正强股份,25,可选消费,2510,乘用车及零部件,251010,汽车零部件与轮胎,25101010,汽车系统部件
301120,新特电气,20,工业,2030,电力设备,203020,电网设备,20302020,输变电设备
301121,紫建电子,20,工业,2030,电力设备,203030,储能设备,20303010,电池
301122,采纳股份,35,医药卫生,3510,医疗,351010,医疗器械,35101020,医疗耗材
301123,奕东电子,45,信息技术,4520,电子,452010,电子终端及组件,45201030,消费电子组件及零部件
301125,腾亚精工,20,工业,2040,机械制造,204010,通用机械,20401070,其他通用机械
301126,达嘉维康,35,医药卫生,3510,医疗,351020,医疗商业与服务,35102020,医药商业
301127,武汉天源,20,工业,2050,环保,205010,污染治理,20501020,污水处理
301128,强瑞技术,20,工业,2040,机械制造,204020,专用机械,20402080,其他专用机械
301129,瑞纳智能,20,工业,2040,机械制造,204010,通用机械,20401050,仪器仪表
301130,西点药业,35,医药卫生,3520,医药,352020,化学药,35202020,药品制剂
301131,聚赛龙,15,原材料,1510,化工,151050,塑料,15105010,改性塑料
301132,满坤科技,45,信息技术,4520,电子,452020,电子元件,45202010,印制电路板
301133,金钟股份,25,可选消费,2510,乘用车及零部件,251010,汽车零部件与轮胎,25101020,汽车内饰与外饰
301135,瑞德智能,25,可选消费,2520,耐用消费品,252010,家用电器,25201060,家电零部件及其他
301136,招标股份,20,工业,2020,建筑装饰,202010,建筑与工程,20201050,建筑设计及服务
301137,哈焊华通,20,工业,2040,机械制造,204010,通用机械,20401070,其他通用机械
301138,华研精机,20,工业,2040,机械制造,204020,专用机械,20402040,印刷包装机械
301139,元道通信,50,通信服务,5020,通信设备及技术服务,502030,通信技术服务,50203010,通信技术服务
301141,中科磁业,15,原材料,1520,有色金属,152030,稀有金属,15203010,稀土金属
301148,嘉戎技术,20,工业,2050,环保,205010,污染治理,20501020,污水处理
301149,隆华新材,15,原材料,1510,化工,151040,化学制品,15104060,聚氨酯
301150,中一科技,20,工业,2030,电力设备,203030,储能设备,20303020,电池部件及材料
301151,冠龙节能,20,工业,2040,机械制造,204010,通用机械,20401030,气液机械
301152,天力锂能,20,工业,2030,电力设备,203030,储能设备,20303020,电池部件及材料
301153,中科江南,45,信息技术,4510,计算机,451010,软件开发,45101020,行业应用软件
301155,海力风电,20,工业,2030,电力设备,203010,发电设备,20301020,风电设备
301156,美农生物,30,主要消费,3020,农牧渔,302020,养殖,30202010,饲料
301157,华塑科技,20,工业,2030,电力设备,203030,储能设备,20303030,其他储能设备
301158,德石股份,10,能源,1010,能源,101010,油气开采与油田服务,10101010,油气开采
301159,三维天地,45,信息技术,4510,计算机,451010,软件开发,45101020,行业应用软件
301160,翔楼新材,15,原材料,1530,钢铁,153010,钢铁,15301020,特钢
301161,唯万密封,20,工业,2040,机械制造,204010,通用机械,20401070,其他通用机械
301162,国能日新,45,信息技术,4510,计算机,451010,软件开发,45101020,行业应用软件
301163,宏德股份,20,工业,2030,电力设备,203010,发电设备,20301020,风电设备
301165,锐捷网络,50,通信服务,5020,通信设备及技术服务,502010,通信设备,50201020,通信系统设备及组件
301166,优宁维,35,医药卫生,3510,医疗,351020,医疗商业与服务,35102020,医药商业
301167,建研设计,20,工业,2020,建筑装饰,202010,建筑与工程,20201050,建筑设计及服务
301168,通灵股份,20,工业,2030,电力设备,203010,发电设备,20301010,光伏设备
301169,零点有数,20,工业,2060,商业服务与用品,206010,商业服务与用品,20601050,其他商业服务与用品
301170,锡南科技,25,可选消费,2510,乘用车及零部件,251010,汽车零部件与轮胎,25101010,汽车系统部件
301171,易点天下,50,通信服务,5030,传媒,503010,营销与广告,50301010,数字营销
301172,君逸数码,45,信息技术,4510,计算机,451020,信息技术服务,45102010,系统集成服务
301173,毓恬冠佳,25,可选消费,2510,乘用车及零部件,251010,汽车零部件与轮胎,25101020,汽车内饰与外饰
301175,中科环保,20,工业,2050,环保,205010,污染治理,20501010,固废处理
301176,逸豪新材,45,信息技术,4520,电子,452020,电子元件,45202010,印制电路板
301177,迪阿股份,25,可选消费,2530,纺织服装与珠宝,253020,珠宝与奢侈品,25302010,珠宝与奢侈品
301178,天亿马,45,信息技术,4510,计算机,451020,信息技术服务,45102010,系统集成服务
301179,泽宇智能,20,工业,2030,电力设备,203020,电网设备,20302010,电网自动化
301180,万祥科技,45,信息技术,4520,电子,452010,电子终端及组件,45201030,消费电子组件及零部件
301181,标榜股份,25,可选消费,2510,乘用车及零部件,251010,汽车零部件与轮胎,25101010,汽车系统部件
301182,凯旺科技,45,信息技术,4520,电子,452010,电子终端及组件,45201040,安防设备及其他
301183,东田微,45,信息技术,4520,电子,452030,光学光电子,45203030,光学元件
301185,鸥玛软件,45,信息技术,4510,计算机,451010,软件开发,45101020,行业应用软件
301186,超达装备,25,可选消费,2510,乘用车及零部件,251010,汽车零部件与轮胎,25101020,汽车内饰与外饰
301187,欧圣电气,25,可选消费,2520,耐用消费品,252010,家用电器,25201030,小家电
301188,力诺药包,25,可选消费,2520,耐用消费品,252020,家居,25202020,其他家居
301189,奥尼电子,45,信息技术,4520,电子,452010,电子终端及组件,45201040,安防设备及其他
301190,善水科技,15,原材料,1510,化工,151040,化学制品,15104030,印染化学品
301191,菲菱科思,50,通信服务,5020,通信设备及技术服务,502010,通信设备,50201020,通信系统设备及组件
301192,泰祥股份,25,可选消费,2510,乘用车及零部件,251010,汽车零部件与轮胎,25101010,汽车系统部件
301193,家联科技,25,可选消费,2520,耐用消费品,252020,家居,25202020,其他家居
301195,北路智控,45,信息技术,4510,计算机,451020,信息技术服务,45102010,系统集成服务
301196,唯科科技,15,原材料,1510,化工,151050,塑料,15105040,其他塑料制品
301197,工大科雅,45,信息技术,4510,计算机,451020,信息技术服务,45102010,系统集成服务
301198,喜悦智行,15,原材料,1550,造纸与包装,155010,容器与包装,15501010,金属、玻璃与塑料包装
301199,迈赫股份,20,工业,2040,机械制造,204020,专用机械,20402080,其他专用机械
301200,大族数控,20,工业,2040,机械制造,204020,专用机械,20402080,其他专用机械
301201,诚达药业,35,医药卫生,3520,医药,352040,制药与生物科技服务,35204010,制药与生物科技服务
301202,朗威股份,50,通信服务,5020,通信设备及技术服务,502020,数据中心,50202010,数据中心
301203,国泰环保,20,工业,2050,环保,205010,污染治理,20501020,污水处理
301205,联特科技,50,通信服务,5020,通信设备及技术服务,502010,通信设备,50201020,通信系统设备及组件
301206,三元生物,30,主要消费,3010,食品、饮料与烟草,301030,食品,30103050,其他食品
301207,华兰疫苗,35,医药卫生,3520,医药,352010,生物药品,35201020,疫苗
301208,中亦科技,50,通信服务,5020,通信设备及技术服务,502020,数据中心,50202010,数据中心
301209,联合化学,15,原材料,1510,化工,151040,化学制品,15104020,涂料油墨
301210,金杨精密,20,工业,2030,电力设备,203030,储能设备,20303020,电池部件及材料
301211,亨迪药业,35,医药卫生,3520,医药,352020,化学药,35202010,原料药
301212,联盛化学,15,原材料,1510,化工,151040,化学制品,15104080,其他化学制品
301213,观想科技,20,工业,2010,航空航天与国防,201020,国防装备,20102010,国防装备
301215,中汽股份,20,工业,2060,商业服务与用品,206010,商业服务与用品,20601050,其他商业服务与用品
301216,万凯新材,15,原材料,1550,造纸与包装,155010,容器与包装,15501010,金属、玻璃与塑料包装
301217,铜冠铜箔,45,信息技术,4520,电子,452020,电子元件,45202010,印制电路板
301218,华是科技,45,信息技术,4510,计算机,451020,信息技术服务,45102010,系统集成服务
301219,腾远钴业,15,原材料,1520,有色金属,152010,工业金属,15201010,铜
301220,亚香股份,15,原材料,1510,化工,151040,化学制品,15104080,其他化学制品
301221,光庭信息,25,可选消费,2510,乘用车及零部件,251010,汽车零部件与轮胎,25101030,汽车电子
301222,浙江恒威,20,工业,2030,电力设备,203030,储能设备,20303010,电池
301223,中荣股份,15,原材料,1550,造纸与包装,155010,容器与包装,15501020,纸材料包装
301225,恒勃股份,25,可选消费,2510,乘用车及零部件,251010,汽车零部件与轮胎,25101010,汽车系统部件
301226,祥明智能,20,工业,2040,机械制造,204010,通用机械,20401040,电动机与工控自动化
301227,森鹰窗业,20,工业,2020,建筑装饰,202030,建筑产品,20203010,建筑产品
301228,实朴检测,20,工业,2050,环保,205020,节能与生态修复,20502020,环境监测
301229,纽泰格,25,可选消费,2510,乘用车及零部件,251010,汽车零部件与轮胎,25101010,汽车系统部件
301230,泓博医药,35,医药卫生,3520,医药,352040,制药与生物科技服务,35204010,制药与生物科技服务
301231,荣信文化,50,通信服务,5030,传媒,503020,文化娱乐,50302030,出版
301232,飞沃科技,20,工业,2030,电力设备,203010,发电设备,20301020,风电设备
301233,盛帮股份,25,可选消费,2510,乘用车及零部件,251010,汽车零部件与轮胎,25101010,汽车系统部件
301234,五洲医疗,35,医药卫生,3510,医疗,351010,医疗器械,35101020,医疗耗材
301235,华康洁净,20,工业,2020,建筑装饰,202020,建筑装修,20202010,建筑装修
301236,软通动力,45,信息技术,4510,计算机,451020,信息技术服务,45102030,其他IT与互联网服务
301237,和顺科技,15,原材料,1510,化工,151050,塑料,15105030,膜材料
301238,瑞泰新材,20,工业,2030,电力设备,203030,储能设备,20303020,电池部件及材料
301239,普瑞眼科,35,医药卫生,3510,医疗,351020,医疗商业与服务,35102010,医疗服务
301246,宏源药业,35,医药卫生,3520,医药,352020,化学药,35202010,原料药
301248,杰创智能,45,信息技术,4510,计算机,451020,信息技术服务,45102010,系统集成服务
301251,威尔高,45,信息技术,4520,电子,452020,电子元件,45202010,印制电路板
301252,同星科技,20,工业,2040,机械制造,204010,通用机械,20401070,其他通用机械
301255,通力科技,20,工业,2040,机械制造,204010,通用机械,20401020,动力机械
301256,华融化学,15,原材料,1510,化工,151030,化学原料,15103050,其他化学原料
301257,普蕊斯,35,医药卫生,3520,医药,352040,制药与生物科技服务,35204010,制药与生物科技服务
301258,富士莱,35,医药卫生,3520,医药,352020,化学药,35202010,原料药
301259,艾布鲁,20,工业,2050,环保,205010,污染治理,20501020,污水处理
301260,格力博,20,工业,2040,机械制造,204020,专用机械,20402060,农业机械
301261,恒工精密,20,工业,2040,机械制造,204010,通用机械,20401030,气液机械
301262,海看股份,50,通信服务,5030,传媒,503020,文化娱乐,50302040,广播与电视
301263,泰恩康,35,医药卫生,3510,医疗,351020,医疗商业与服务,35102020,医药商业
301265,华新环保,20,工业,2050,环保,205020,节能与生态修复,20502010,节能与资源回收
301266,宇邦新材,20,工业,2030,电力设备,203010,发电设备,20301010,光伏设备
301267,华厦眼科,35,医药卫生,3510,医疗,351020,医疗商业与服务,35102010,医疗服务
301268,铭利达,20,工业,2030,电力设备,203010,发电设备,20301010,光伏设备
301269,华大九天,45,信息技术,4530,半导体,453010,集成电路,45301010,集成电路设计
301270,汉仪股份,45,信息技术,4510,计算机,451010,软件开发,45101010,通用软件
301272,英华特,20,工业,2040,机械制造,204010,通用机械,20401030,气液机械
301273,瑞晨环保,20,工业,2040,机械制造,204010,通用机械,20401030,气液机械
301275,汉朔科技,50,通信服务,5020,通信设备及技术服务,502010,通信设备,50201010,通信终端设备及组件
301276,嘉曼服饰,25,可选消费,2530,纺织服装与珠宝,253010,纺织服装,25301020,服装
301277,新天地,35,医药卫生,3520,医药,352020,化学药,35202010,原料药
301278,快可电子,20,工业,2030,电力设备,203010,发电设备,20301010,光伏设备
301279,金道科技,20,工业,2040,机械制造,204020,专用机械,20402010,工程机械
301280,珠城科技,45,信息技术,4520,电子,452010,电子终端及组件,45201030,消费电子组件及零部件
301281,科源制药,35,医药卫生,3520,医药,352020,化学药,35202010,原料药
301282,金禄电子,45,信息技术,4520,电子,452020,电子元件,45202010,印制电路板
301283,聚胶股份,15,原材料,1510,化工,151040,化学制品,15104070,胶黏剂及胶带
301285,鸿日达,45,信息技术,4520,电子,452010,电子终端及组件,45201030,消费电子组件及零部件
301286,侨源股份,15,原材料,1510,化工,151030,化学原料,15103050,其他化学原料
301287,康力源,25,可选消费,2520,耐用消费品,252030,休闲设备与用品,25203010,休闲设备与用品
301288,*ST清研,20,工业,2050,环保,205010,污染治理,20501020,污水处理
301289,国缆检测,20,工业,2060,商业服务与用品,206010,商业服务与用品,20601050,其他商业服务与用品
301290,东星医疗,35,医药卫生,3510,医疗,351010,医疗器械,35101020,医疗耗材
301291,明阳电气,20,工业,2030,电力设备,203020,电网设备,20302030,配电设备
301292,海科新源,20,工业,2030,电力设备,203030,储能设备,20303020,电池部件及材料
301293,三博脑科,35,医药卫生,3510,医疗,351020,医疗商业与服务,35102010,医疗服务
301295,美硕科技,20,工业,2030,电力设备,203020,电网设备,20302010,电网自动化
301296,新巨丰,15,原材料,1550,造纸与包装,155010,容器与包装,15501020,纸材料包装
301297,富乐德,45,信息技术,4520,电子,452020,电子元件,45202010,印制电路板
301298,东利机械,25,可选消费,2510,乘用车及零部件,251010,汽车零部件与轮胎,25101010,汽车系统部件
301299,卓创资讯,45,信息技术,4510,计算机,451020,信息技术服务,45102030,其他IT与互联网服务
301300,远翔新材,15,原材料,1510,化工,151060,橡胶,15106010,橡胶助剂
301301,川宁生物,35,医药卫生,3520,医药,352020,化学药,35202010,原料药
301302,华如科技,20,工业,2010,航空航天与国防,201020,国防装备,20102010,国防装备
301303,真兰仪表,20,工业,2040,机械制造,204010,通用机械,20401050,仪器仪表
301305,朗坤科技,20,工业,2050,环保,205010,污染治理,20501010,固废处理
301306,西测测试,20,工业,2060,商业服务与用品,206010,商业服务与用品,20601050,其他商业服务与用品
301307,美利信,25,可选消费,2510,乘用车及零部件,251010,汽车零部件与轮胎,25101050,其他汽车零部件
301308,江波龙,45,信息技术,4520,电子,452010,电子终端及组件,45201010,电脑与外围设备
301309,万得凯,20,工业,2020,建筑装饰,202030,建筑产品,20203010,建筑产品
301310,鑫宏业,20,工业,2030,电力设备,203020,电网设备,20302040,线缆及其他
301311,昆船智能,20,工业,2040,机械制造,204020,专用机械,20402080,其他专用机械
301312,智立方,20,工业,2040,机械制造,204010,通用机械,20401040,电动机与工控自动化
301313,凡拓数创,45,信息技术,4510,计算机,451020,信息技术服务,45102010,系统集成服务
301314,科瑞思,45,信息技术,4520,电子,452020,电子元件,45202020,被动元件
301315,威士顿,45,信息技术,4510,计算机,451010,软件开发,45101020,行业应用软件
301316,慧博云通,45,信息技术,4510,计算机,451020,信息技术服务,45102030,其他IT与互联网服务
301317,鑫磊股份,20,工业,2040,机械制造,204010,通用机械,20401030,气液机械
301318,维海德,45,信息技术,4520,电子,452010,电子终端及组件,45201040,安防设备及其他
301319,唯特偶,45,信息技术,4520,电子,452040,电子化学品,45204010,电子化学品
301320,豪江智能,20,工业,2040,机械制造,204010,通用机械,20401040,电动机与工控自动化
301321,翰博高新,45,信息技术,4520,电子,452030,光学光电子,45203010,面板
301322,绿通科技,25,可选消费,2510,乘用车及零部件,251030,摩托车及其他,25103010,摩托车及其他
301323,新莱福,15,原材料,1520,有色金属,152030,稀有金属,15203010,稀土金属
301325,曼恩斯特,20,工业,2040,机械制造,204020,专用机械,20402080,其他专用机械
301326,捷邦科技,45,信息技术,4520,电子,452010,电子终端及组件,45201030,消费电子组件及零部件
301327,华宝新能,20,工业,2030,电力设备,203030,储能设备,20303010,电池
301328,维峰电子,20,工业,2040,机械制造,204010,通用机械,20401040,电动机与工控自动化
301329,信音电子,45,信息技术,4520,电子,452010,电子终端及组件,45201030,消费电子组件及零部件
301330,熵基科技,45,信息技术,4520,电子,452010,电子终端及组件,45201040,安防设备及其他
301331,恩威医药,35,医药卫生,3520,医药,352030,中药,35203020,中成药
301332,德尔玛,25,可选消费,2520,耐用消费品,252010,家用电器,25201030,小家电
301333,诺思格,35,医药卫生,3520,医药,352040,制药与生物科技服务,35204010,制药与生物科技服务
301335,天元宠物,30,主要消费,3030,家庭与个人用品,303010,家庭用品,30301010,家庭用品
301336,趣睡科技,25,可选消费,2520,耐用消费品,252020,家居,25202010,家具
301337,亚华电子,50,通信服务,5020,通信设备及技术服务,502010,通信设备,50201020,通信系统设备及组件
301338,凯格精机,20,工业,2040,机械制造,204020,专用机械,20402080,其他专用机械
301339,通行宝,50,通信服务,5020,通信设备及技术服务,502010,通信设备,50201010,通信终端设备及组件
301345,涛涛车业,25,可选消费,2510,乘用车及零部件,251030,摩托车及其他,25103010,摩托车及其他
301348,蓝箭电子,45,信息技术,4530,半导体,453020,分立器件,45302010,分立器件
301349,信德新材,20,工业,2030,电力设备,203030,储能设备,20303020,电池部件及材料
301353,普莱得,20,工业,2040,机械制造,204010,通用机械,20401070,其他通用机械
301355,南王科技,15,原材料,1550,造纸与包装,155010,容器与包装,15501020,纸材料包装
301356,天振股份,20,工业,2020,建筑装饰,202030,建筑产品,20203010,建筑产品
301357,北方长龙,20,工业,2010,航空航天与国防,201020,国防装备,20102010,国防装备
301358,湖南裕能,20,工业,2030,电力设备,203030,储能设备,20303020,电池部件及材料
301359,东南电子,20,工业,2030,电力设备,203020,电网设备,20302030,配电设备
301360,荣旗科技,20,工业,2040,机械制造,204020,专用机械,20402080,其他专用机械
301361,众智科技,20,工业,2030,电力设备,203020,电网设备,20302010,电网自动化
301362,民爆光电,45,信息技术,4520,电子,452030,光学光电子,45203020,LED
301363,美好医疗,35,医药卫生,3510,医疗,351010,医疗器械,35101010,医疗设备
301365,矩阵股份,20,工业,2020,建筑装饰,202020,建筑装修,20202010,建筑装修
301366,一博科技,45,信息技术,4520,电子,452020,电子元件,45202010,印制电路板
301367,瑞迈特,35,医药卫生,3510,医疗,351010,医疗器械,35101010,医疗设备
301368,丰立智能,20,工业,2040,机械制造,204010,通用机械,20401020,动力机械
301369,联动科技,45,信息技术,4530,半导体,453030,半导体材料与设备,45303020,半导体设备
301370,国科恒泰,35,医药卫生,3510,医疗,351020,医疗商业与服务,35102020,医药商业
301371,敷尔佳,30,主要消费,3030,家庭与个人用品,303020,美容护理,30302010,美容护理
301372,科净源,20,工业,2050,环保,205010,污染治理,20501020,污水处理
301373,凌玮科技,15,原材料,1510,化工,151040,化学制品,15104020,涂料油墨
301376,致欧科技,25,可选消费,2520,耐用消费品,252020,家居,25202010,家具
301377,鼎泰高科,20,工业,2040,机械制造,204020,专用机械,20402080,其他专用机械
301378,通达海,45,信息技术,4510,计算机,451010,软件开发,45101020,行业应用软件
301379,天山电子,45,信息技术,4520,电子,452030,光学光电子,45203010,面板
301380,挖金客,50,通信服务,5010,电信服务,501020,电信增值服务,50102010,电信增值服务
301381,赛维时代,25,可选消费,2550,零售业,255040,互联网零售,25504010,互联网零售
301382,蜂助手,45,信息技术,4510,计算机,451020,信息技术服务,45102030,其他IT与互联网服务
301383,天键股份,45,信息技术,4520,电子,452010,电子终端及组件,45201020,消费电子终端
301386,未来电器,20,工业,2030,电力设备,203020,电网设备,20302030,配电设备
301387,光大同创,45,信息技术,4520,电子,452010,电子终端及组件,45201030,消费电子组件及零部件
301388,欣灵电气,20,工业,2030,电力设备,203020,电网设备,20302010,电网自动化
301389,隆扬电子,45,信息技术,4520,电子,452010,电子终端及组件,45201030,消费电子组件及零部件
301390,经纬股份,20,工业,2020,建筑装饰,202010,建筑与工程,20201050,建筑设计及服务
301391,卡莱特,45,信息技术,4520,电子,452030,光学光电子,45203020,LED
301392,汇成真空,20,工业,2040,机械制造,204010,通用机械,20401070,其他通用机械
301393,昊帆生物,35,医药卫生,3520,医药,352040,制药与生物科技服务,35204010,制药与生物科技服务
301395,仁信新材,15,原材料,1510,化工,151050,塑料,15105020,合成树脂
301396,宏景科技,45,信息技术,4510,计算机,451020,信息技术服务,45102010,系统集成服务
301397,溯联股份,25,可选消费,2510,乘用车及零部件,251010,汽车零部件与轮胎,25101010,汽车系统部件
301398,星源卓镁,25,可选消费,2510,乘用车及零部件,251010,汽车零部件与轮胎,25101050,其他汽车零部件
301399,英特科技,20,工业,2040,机械制造,204010,通用机械,20401070,其他通用机械
301408,华人健康,35,医药卫生,3510,医疗,351020,医疗商业与服务,35102020,医药商业
301413,安培龙,45,信息技术,4520,电子,452050,其他电子,45205010,其他电子
301418,协昌科技,20,工业,2040,机械制造,204010,通用机械,20401040,电动机与工控自动化
301419,阿莱德,50,通信服务,5020,通信设备及技术服务,502010,通信设备,50201020,通信系统设备及组件
301421,波长光电,45,信息技术,4520,电子,452030,光学光电子,45203030,光学元件
301428,世纪恒通,45,信息技术,4510,计算机,451020,信息技术服务,45102030,其他IT与互联网服务
301429,森泰股份,20,工业,2020,建筑装饰,202030,建筑产品,20203010,建筑产品
301439,泓淋电力,25,可选消费,2520,耐用消费品,252010,家用电器,25201060,家电零部件及其他
301446,福事特,20,工业,2040,机械制造,204010,通用机械,20401030,气液机械
301448,开创电气,20,工业,2040,机械制造,204010,通用机械,20401070,其他通用机械
301449,天溯计量,20,工业,2060,商业服务与用品,206010,商业服务与用品,20601050,其他商业服务与用品
301456,盘古智能,20,工业,2030,电力设备,203010,发电设备,20301020,风电设备
301458,钧崴电子,45,信息技术,4520,电子,452020,电子元件,45202020,被动元件
301459,丰茂股份,25,可选消费,2510,乘用车及零部件,251010,汽车零部件与轮胎,25101010,汽车系统部件
301468,博盈特焊,20,工业,2040,机械制造,204010,通用机械,20401010,加工机械
301469,恒达新材,15,原材料,1550,造纸与包装,155010,容器与包装,15501020,纸材料包装
301479,弘景光电,45,信息技术,4520,电子,452030,光学光电子,45203030,光学元件
301486,致尚科技,45,信息技术,4520,电子,452010,电子终端及组件,45201030,消费电子组件及零部件
301487,盟固利,20,工业,2030,电力设备,203030,储能设备,20303020,电池部件及材料
301488,豪恩汽电,25,可选消费,2510,乘用车及零部件,251010,汽车零部件与轮胎,25101030,汽车电子
301489,思泉新材,45,信息技术,4520,电子,452040,电子化学品,45204010,电子化学品
301491,汉桑科技,25,可选消费,2520,耐用消费品,252010,家用电器,25201020,黑色家电
301498,乖宝宠物,30,主要消费,3030,家庭与个人用品,303010,家庭用品,30301010,家庭用品
301499,维科精密,25,可选消费,2510,乘用车及零部件,251010,汽车零部件与轮胎,25101030,汽车电子
301500,飞南资源,20,工业,2050,环保,205020,节能与生态修复,20502010,节能与资源回收
301501,恒鑫生活,25,可选消费,2520,耐用消费品,252020,家居,25202020,其他家居
301502,华阳智能,20,工业,2040,机械制造,204010,通用机械,20401040,电动机与工控自动化
301503,智迪科技,45,信息技术,4520,电子,452010,电子终端及组件,45201010,电脑与外围设备
301505,苏州规划,20,工业,2020,建筑装饰,202010,建筑与工程,20201050,建筑设计及服务
301507,民生健康,35,医药卫生,3520,医药,352020,化学药,35202020,药品制剂
301508,中机认检,20,工业,2060,商业服务与用品,206010,商业服务与用品,20601050,其他商业服务与用品
301509,金凯生科,35,医药卫生,3520,医药,352040,制药与生物科技服务,35204010,制药与生物科技服务
301510,固高科技,20,工业,2040,机械制造,204010,通用机械,20401040,电动机与工控自动化
301511,德福科技,20,工业,2030,电力设备,203030,储能设备,20303020,电池部件及材料
301512,智信精密,20,工业,2040,机械制造,204010,通用机械,20401040,电动机与工控自动化
301515,港通医疗,35,医药卫生,3510,医疗,351010,医疗器械,35101010,医疗设备
301516,中远通,20,工业,2030,电力设备,203030,储能设备,20303030,其他储能设备
301517,陕西华达,20,工业,2010,航空航天与国防,201010,航空航天,20101020,航天
301518,长华化学,15,原材料,1510,化工,151040,化学制品,15104080,其他化学制品
301519,舜禹股份,20,工业,2040,机械制造,204020,专用机械,20402080,其他专用机械
301520,万邦医药,35,医药卫生,3520,医药,352040,制药与生物科技服务,35204010,制药与生物科技服务
301522,上大股份,20,工业,2010,航空航天与国防,201010,航空航天,20101010,航空
301525,儒竞科技,20,工业,2040,机械制造,204010,通用机械,20401070,其他通用机械
301526,国际复材,15,原材料,1540,非金属材料,154020,其他非金属材料,15402010,玻璃纤维
301528,多浦乐,20,工业,2040,机械制造,204010,通用机械,20401050,仪器仪表
301529,福赛科技,25,可选消费,2510,乘用车及零部件,251010,汽车零部件与轮胎,25101020,汽车内饰与外饰
301533,威马农机,20,工业,2040,机械制造,204020,专用机械,20402060,农业机械
301535,浙江华远,25,可选消费,2510,乘用车及零部件,251010,汽车零部件与轮胎,25101050,其他汽车零部件
301536,星宸科技,45,信息技术,4530,半导体,453010,集成电路,45301010,集成电路设计
301538,骏鼎达,15,原材料,1510,化工,151050,塑料,15105010,改性塑料
301539,宏鑫科技,20,工业,2040,机械制造,204030,交通运输设备,20403030,商用车
301548,崇德科技,20,工业,2040,机械制造,204010,通用机械,20401020,动力机械
301550,斯菱智驱,25,可选消费,2510,乘用车及零部件,251010,汽车零部件与轮胎,25101010,汽车系统部件
301551,无线传媒,50,通信服务,5030,传媒,503020,文化娱乐,50302040,广播与电视
301552,科力装备,25,可选消费,2510,乘用车及零部件,251010,汽车零部件与轮胎,25101020,汽车内饰与外饰
301555,惠柏新材,15,原材料,1510,化工,151050,塑料,15105020,合成树脂
301556,托普云农,45,信息技术,4510,计算机,451020,信息技术服务,45102010,系统集成服务
301557,常友科技,20,工业,2030,电力设备,203010,发电设备,20301020,风电设备
301558,三态股份,25,可选消费,2550,零售业,255040,互联网零售,25504010,互联网零售
301559,中集环科,20,工业,2040,机械制造,204030,交通运输设备,20403020,船舶及其他航运设备
301560,众捷汽车,25,可选消费,2510,乘用车及零部件,251010,汽车零部件与轮胎,25101010,汽车系统部件
301563,云汉芯城,20,工业,2060,商业服务与用品,206010,商业服务与用品,20601040,贸易商
301565,中仑新材,15,原材料,1510,化工,151050,塑料,15105030,膜材料
301566,达利凯普,45,信息技术,4520,电子,452020,电子元件,45202020,被动元件
301567,贝隆精密,45,信息技术,4520,电子,452010,电子终端及组件,45201030,消费电子组件及零部件
301568,思泰克,20,工业,2040,机械制造,204020,专用机械,20402080,其他专用机械
301571,国科天成,20,工业,2010,航空航天与国防,201020,国防装备,20102010,国防装备
301575,艾芬达,25,可选消费,2520,耐用消费品,252020,家居,25202020,其他家居
301577,美信科技,50,通信服务,5020,通信设备及技术服务,502010,通信设备,50201020,通信系统设备及组件
301578,辰奕智能,25,可选消费,2520,耐用消费品,252010,家用电器,25201060,家电零部件及其他
301580,爱迪特,35,医药卫生,3510,医疗,351010,医疗器械,35101020,医疗耗材
301581,黄山谷捷,25,可选消费,2510,乘用车及零部件,251010,汽车零部件与轮胎,25101010,汽车系统部件
301584,建发致新,35,医药卫生,3510,医疗,351020,医疗商业与服务,35102020,医药商业
301585,蓝宇股份,15,原材料,1510,化工,151040,化学制品,15104020,涂料油墨
301586,佳力奇,20,工业,2010,航空航天与国防,201010,航空航天,20101010,航空
301587,中瑞股份,20,工业,2030,电力设备,203030,储能设备,20303020,电池部件及材料
301588,美新科技,20,工业,2020,建筑装饰,202030,建筑产品,20203010,建筑产品
301589,诺瓦星云,45,信息技术,4520,电子,452030,光学光电子,45203020,LED
301590,优优绿能,20,工业,2030,电力设备,203020,电网设备,20302030,配电设备
301591,肯特股份,20,工业,2040,机械制造,204010,通用机械,20401070,其他通用机械
301592,六九一二,20,工业,2010,航空航天与国防,201020,国防装备,20102010,国防装备
301595,太力科技,25,可选消费,2520,耐用消费品,252020,家居,25202020,其他家居
301596,瑞迪智驱,20,工业,2040,机械制造,204010,通用机械,20401020,动力机械
301598,博科测试,20,工业,2040,机械制造,204020,专用机械,20402080,其他专用机械
301600,慧翰股份,25,可选消费,2510,乘用车及零部件,251010,汽车零部件与轮胎,25101030,汽车电子
301601,惠通科技,20,工业,2020,建筑装饰,202010,建筑与工程,20201040,专业工程
301602,超研股份,35,医药卫生,3510,医疗,351010,医疗器械,35101010,医疗设备
301603,乔锋智能,20,工业,2040,机械制造,204010,通用机械,20401040,电动机与工控自动化
301606,绿联科技,45,信息技术,4520,电子,452010,电子终端及组件,45201030,消费电子组件及零部件
301607,富特科技,25,可选消费,2510,乘用车及零部件,251010,汽车零部件与轮胎,25101030,汽车电子
301608,博实结,25,可选消费,2510,乘用车及零部件,251010,汽车零部件与轮胎,25101030,汽车电子
301609,山大电力,20,工业,2030,电力设备,203020,电网设备,20302010,电网自动化
301611,珂玛科技,45,信息技术,4530,半导体,453030,半导体材料与设备,45303020,半导体设备
301613,新铝时代,25,可选消费,2510,乘用车及零部件,251010,汽车零部件与轮胎,25101050,其他汽车零部件
301616,浙江华业,20,工业,2040,机械制造,204010,通用机械,20401010,加工机械
301617,博苑股份,35,医药卫生,3520,医药,352020,化学药,35202010,原料药
301618,长联科技,15,原材料,1510,化工,151040,化学制品,15104030,印染化学品
301622,英思特,15,原材料,1520,有色金属,152030,稀有金属,15203010,稀土金属
301626,苏州天脉,45,信息技术,4520,电子,452040,电子化学品,45204010,电子化学品
301628,强达电路,45,信息技术,4520,电子,452020,电子元件,45202010,印制电路板
301629,矽电股份,45,信息技术,4530,半导体,453030,半导体材料与设备,45303020,半导体设备
301630,同宇新材,15,原材料,1510,化工,151050,塑料,15105020,合成树脂
301631,壹连科技,25,可选消费,2510,乘用车及零部件,251010,汽车零部件与轮胎,25101030,汽车电子
301632,广东建科,20,工业,2020,建筑装饰,202010,建筑与工程,20201050,建筑设计及服务
301633,港迪技术,20,工业,2040,机械制造,204010,通用机械,20401040,电动机与工控自动化
301636,泽润新能,20,工业,2030,电力设备,203010,发电设备,20301010,光伏设备
301638,南网数字,45,信息技术,4510,计算机,451020,信息技术服务,45102010,系统集成服务
301656,联合动力,25,可选消费,2510,乘用车及零部件,251010,汽车零部件与轮胎,25101030,汽车电子
301658,首航新能,20,工业,2030,电力设备,203010,发电设备,20301010,光伏设备
301662,宏工科技,20,工业,2040,机械制造,204020,专用机械,20402080,其他专用机械
301665,泰禾股份,15,原材料,1510,化工,151010,农用化工,15101040,农药
301667,纳百川,25,可选消费,2510,乘用车及零部件,251010,汽车零部件与轮胎,25101010,汽车系统部件
301668,昊创瑞通,20,工业,2030,电力设备,203020,电网设备,20302030,配电设备
301678,新恒汇,50,通信服务,5020,通信设备及技术服务,502010,通信设备,50201010,通信终端设备及组件
301680,固德电材,25,可选消费,2510,乘用车及零部件,251010,汽车零部件与轮胎,25101050,其他汽车零部件
301682,宏明电子,45,信息技术,4520,电子,452020,电子元件,45202020,被动元件
301683,慧谷新材,15,原材料,1510,化工,151040,化学制品,15104020,涂料油墨
301687,新广益,45,信息技术,4520,电子,452020,电子元件,45202010,印制电路板
302132,中航成飞,20,工业,2010,航空航天与国防,201010,航空航天,20101010,航空
3200.HK,大族数控,20,工业,2040,机械制造,204020,专用机械,20402080,其他专用机械
3268.HK,美格智能,50,通信服务,5020,通信设备及技术服务,502010,通信设备,50201010,通信终端设备及组件
3288.HK,海天味业,30,主要消费,3010,食品、饮料与烟草,301030,食品,30103020,调味品与食用油
3300.HK,中国玻璃,15,原材料,1540,非金属材料,154010,建筑材料,15401020,玻璃
3301.HK,融信中国,60,房地产,6010,房地产,601010,房地产开发与园区,60101010,房地产开发
3302.HK,精技集团,45,信息技术,4530,半导体,453030,半导体材料与设备,45303020,半导体设备
3303.HK,巨涛海洋石油服务,20,工业,2020,建筑装饰,202010,建筑与工程,20201040,专业工程
3306.HK,江南布衣,25,可选消费,2530,纺织服装与珠宝,253010,纺织服装,25301020,服装
3309.HK,希玛医疗,35,医药卫生,3510,医疗,351020,医疗商业与服务,35102010,医疗服务
3311.HK,中国建筑国际,20,工业,2020,建筑装饰,202010,建筑与工程,20201020,基础设施建设
3313.HK,雅高控股,20,工业,2020,建筑装饰,202030,建筑产品,20203010,建筑产品
3315.HK,金邦达宝嘉,45,信息技术,4510,计算机,451010,软件开发,45101020,行业应用软件
3316.HK,滨江服务,60,房地产,6010,房地产,601020,房地产管理与服务,60102010,房地产管理
3317.HK,迅策,50,通信服务,5020,通信设备及技术服务,502020,数据中心,50202010,数据中心
3318.HK,中国波顿,30,主要消费,3010,食品、饮料与烟草,301030,食品,30103050,其他食品
3319.HK,雅生活服务,60,房地产,6010,房地产,601020,房地产管理与服务,60102010,房地产管理
3320.HK,华润医药,35,医药卫生,3520,医药,352020,化学药,35202020,药品制剂
3321.HK,中科集团控股,20,工业,2020,建筑装饰,202020,建筑装修,20202010,建筑装修
3322.HK,永嘉集团,25,可选消费,2530,纺织服装与珠宝,253010,纺织服装,25301020,服装
3323.HK,中国建材,15,原材料,1540,非金属材料,154010,建筑材料,15401010,水泥与混凝土
3328.HK,交通银行,40,金融,4010,银行,401010,商业银行,40101010,综合性银行
3329.HK,交银国际,40,金融,4030,资本市场,403010,证券公司,40301010,证券公司
3330.HK,灵宝黄金,15,原材料,1520,有色金属,152020,贵金属,15202010,黄金
3332.HK,中生联合,30,主要消费,3010,食品、饮料与烟草,301030,食品,30103050,其他食品
3336.HK,巨腾国际,45,信息技术,4520,电子,452010,电子终端及组件,45201010,电脑与外围设备
3337.HK,安东油田服务,10,能源,1010,能源,101010,油气开采与油田服务,10101010,油气开采
3339.HK,中国龙工,20,工业,2040,机械制造,204020,专用机械,20402010,工程机械
3347.HK,泰格医药,35,医药卫生,3520,医药,352040,制药与生物科技服务,35204010,制药与生物科技服务
3348.HK,中国鹏飞集团,20,工业,2040,机械制造,204010,通用机械,20401070,其他通用机械
3355.HK,飞速创新,50,通信服务,5020,通信设备及技术服务,502010,通信设备,50201020,通信系统设备及组件
3360.HK,远东宏信,40,金融,4020,其他金融,402010,其他金融服务,40201020,特殊金融服务
3363.HK,正业国际,15,原材料,1550,造纸与包装,155010,容器与包装,15501020,纸材料包装
3366.HK,华侨城(亚洲),60,房地产,6010,房地产,601010,房地产开发与园区,60101010,房地产开发
3368.HK,百盛集团,25,可选消费,2550,零售业,255010,一般零售,25501010,百货商店
3369.HK,秦港股份,20,工业,2070,交通运输,207020,交通基本设施,20702020,港口
3377.HK,远洋集团,60,房地产,6010,房地产,601010,房地产开发与园区,60101010,房地产开发
3378.HK,翰思艾泰-B,35,医药卫生,3520,医药,352010,生物药品,35201030,其他生物药品
3380.HK,龙光集团,60,房地产,6010,房地产,601010,房地产开发与园区,60101010,房地产开发
3382.HK,天津港发展,20,工业,2070,交通运输,207020,交通基本设施,20702020,港口
3383.HK,雅居乐集团,60,房地产,6010,房地产,601010,房地产开发与园区,60101010,房地产开发
3389.HK,亨得利,25,可选消费,2550,零售业,255020,专营零售,25502010,专营零售
3390.HK,满贯集团,25,可选消费,2550,零售业,255020,专营零售,25502010,专营零售
3393.HK,威胜控股,20,工业,2030,电力设备,203020,电网设备,20302010,电网自动化
3395.HK,吉星新能源,10,能源,1010,能源,101020,石油与天然气,10102030,天然气加工
3396.HK,联想控股,45,信息技术,4520,电子,452010,电子终端及组件,45201010,电脑与外围设备
3398.HK,华鼎控股,25,可选消费,2530,纺织服装与珠宝,253010,纺织服装,25301020,服装
3399.HK,粤运交通,20,工业,2070,交通运输,207020,交通基本设施,20702040,高速公路
3600.HK,现代牙科,35,医药卫生,3510,医疗,351010,医疗器械,35101020,医疗耗材
3601.HK,鲁大师,50,通信服务,5030,传媒,503020,文化娱乐,50302020,游戏
3603.HK,信基沙溪,20,工业,2060,商业服务与用品,206010,商业服务与用品,20601020,市场服务
3606.HK,福耀玻璃,25,可选消费,2510,乘用车及零部件,251010,汽车零部件与轮胎,25101020,汽车内饰与外饰
3613.HK,同仁堂国药,35,医药卫生,3520,医药,352030,中药,35203020,中成药
3616.HK,恒达集团控股,60,房地产,6010,房地产,601010,房地产开发与园区,60101010,房地产开发
3618.HK,重庆农村商业银行,40,金融,4010,银行,401010,商业银行,40101020,区域性银行
3623.HK,中国金融发展,40,金融,4020,其他金融,402010,其他金融服务,40201020,特殊金融服务
3625.HK,傅里叶,45,信息技术,4530,半导体,453010,集成电路,45301010,集成电路设计
3626.HK,启明东方控股,20,工业,2060,商业服务与用品,206010,商业服务与用品,20601010,商业印刷
3628.HK,仁恒实业控股,20,工业,2040,机械制造,204020,专用机械,20402080,其他专用机械
3633.HK,中裕能源,55,公用事业,5510,公用事业,551020,燃气,55102010,燃气
3636.HK,金浔资源,15,原材料,1520,有色金属,152010,工业金属,15201010,铜
3638.HK,亨利加集团,25,可选消费,2550,零售业,255020,专营零售,25502010,专营零售
3639.HK,亿达中国,60,房地产,6010,房地产,601010,房地产开发与园区,60101020,园区
3650.HK,KEEP,25,可选消费,2540,消费者服务,254010,休闲服务,25401070,其他休闲服务
3658.HK,新希望服务,60,房地产,6010,房地产,601020,房地产管理与服务,60102010,房地产管理
3660.HK,奇富科技-S,40,金融,4020,其他金融,402020,消费信贷,40202010,消费信贷
3662.HK,星悦康旅,60,房地产,6010,房地产,601020,房地产管理与服务,60102010,房地产管理
3666.HK,上海小南国,25,可选消费,2540,消费者服务,254010,休闲服务,25401040,餐饮服务
3668.HK,兖煤澳大利亚,10,能源,1010,能源,101030,煤炭,10103010,煤炭
3669.HK,永达汽车,25,可选消费,2510,乘用车及零部件,251040,汽车经销商与汽车服务,25104010,汽车经销商
3677.HK,正力新能,20,工业,2030,电力设备,203030,储能设备,20303010,电池
3678.HK,弘业期货,40,金融,4030,资本市场,403020,其他资本市场,40302030,其他资本市场
3680.HK,瑞和数智,45,信息技术,4510,计算机,451020,信息技术服务,45102030,其他IT与互联网服务
3681.HK,中国抗体-B,35,医药卫生,3520,医药,352010,生物药品,35201030,其他生物药品
3683.HK,荣丰亿控股,20,工业,2070,交通运输,207010,运输业,20701040,航运
3686.HK,祈福生活服务,60,房地产,6010,房地产,601020,房地产管理与服务,60102010,房地产管理
3688.HK,莱蒙国际,60,房地产,6010,房地产,601010,房地产开发与园区,60101010,房地产开发
3689.HK,康华医疗,35,医药卫生,3510,医疗,351020,医疗商业与服务,35102010,医疗服务
3690.HK,美团-W,25,可选消费,2540,消费者服务,254010,休闲服务,25401050,本地生活服务
3692.HK,翰森制药,35,医药卫生,3520,医药,352020,化学药,35202020,药品制剂
3696.HK,英矽智能,35,医药卫生,3520,医药,352040,制药与生物科技服务,35204010,制药与生物科技服务
3698.HK,徽商银行,40,金融,4010,银行,401010,商业银行,40101020,区域性银行
3699.HK,光大永年,60,房地产,6010,房地产,601020,房地产管理与服务,60102020,房地产服务
3700.HK,映宇宙,50,通信服务,5030,传媒,503030,数字媒体,50303040,互动媒体
3708.HK,世界数字经济产业,20,工业,2020,建筑装饰,202010,建筑与工程,20201010,房屋建设
3709.HK,赢家时尚,25,可选消费,2530,纺织服装与珠宝,253010,纺织服装,25301020,服装
3718.HK,北控城市资源,20,工业,2050,环保,205010,污染治理,20501010,固废处理
3728.HK,正利控股,20,工业,2020,建筑装饰,202010,建筑与工程,20201010,房屋建设
3737.HK,中智药业,35,医药卫生,3520,医药,352030,中药,35203020,中成药
3738.HK,阜博集团,45,信息技术,4510,计算机,451020,信息技术服务,45102020,云计算服务
3750.HK,宁德时代,20,工业,2030,电力设备,203030,储能设备,20303010,电池
3759.HK,康龙化成,35,医药卫生,3520,医药,352040,制药与生物科技服务,35204010,制药与生物科技服务
3768.HK,滇池水务,55,公用事业,5510,公用事业,551030,水务,55103010,水务
3773.HK,银盛数惠,50,通信服务,5010,电信服务,501020,电信增值服务,50102010,电信增值服务
3778.HK,中国织材控股,25,可选消费,2530,纺织服装与珠宝,253010,纺织服装,25301010,纺织品
3788.HK,罕王黄金,15,原材料,1530,钢铁,153010,钢铁,15301030,其他钢铁
3789.HK,御佳控股,20,工业,2020,建筑装饰,202010,建筑与工程,20201040,专业工程
3798.HK,家乡互动,50,通信服务,5030,传媒,503020,文化娱乐,50302020,游戏
3800.HK,协鑫科技,20,工业,2030,电力设备,203010,发电设备,20301010,光伏设备
3808.HK,中国重汽,20,工业,2040,机械制造,204030,交通运输设备,20403030,商用车
3813.HK,宝胜国际,25,可选消费,2550,零售业,255020,专营零售,25502010,专营零售
3816.HK,ＫＦＭ金德,20,工业,2040,机械制造,204020,专用机械,20402080,其他专用机械
3818.HK,中国动向,25,可选消费,2530,纺织服装与珠宝,253010,纺织服装,25301020,服装
3822.HK,三和建筑集团,20,工业,2020,建筑装饰,202010,建筑与工程,20201040,专业工程
3828.HK,明辉国际,30,主要消费,3030,家庭与个人用品,303020,美容护理,30302010,美容护理
3830.HK,童园国际,25,可选消费,2520,耐用消费品,252030,休闲设备与用品,25203010,休闲设备与用品
3833.HK,新疆新鑫矿业,15,原材料,1520,有色金属,152010,工业金属,15201040,钴镍
3836.HK,和谐汽车,25,可选消费,2510,乘用车及零部件,251040,汽车经销商与汽车服务,25104010,汽车经销商
3838.HK,中国淀粉,30,主要消费,3020,农牧渔,302010,种植,30201010,农产品
3839.HK,正大企业国际,30,主要消费,3020,农牧渔,302020,养殖,30202020,动物保健与育种
3848.HK,浩森金融科技,40,金融,4020,其他金融,402010,其他金融服务,40201020,特殊金融服务
3858.HK,佳鑫国际资源,15,原材料,1520,有色金属,152030,稀有金属,15203020,钨钼
3860.HK,EPS创健科技,25,可选消费,2530,纺织服装与珠宝,253010,纺织服装,25301020,服装
3866.HK,青岛银行,40,金融,4010,银行,401010,商业银行,40101020,区域性银行
3868.HK,信义能源,55,公用事业,5510,公用事业,551010,电力及电网,55101050,光伏发电
3869.HK,弘和仁爱医疗,35,医药卫生,3510,医疗,351020,医疗商业与服务,35102010,医疗服务
3877.HK,中国船舶租赁,20,工业,2070,交通运输,207010,运输业,20701040,航运
3878.HK,VICON HOLDINGS,20,工业,2020,建筑装饰,202010,建筑与工程,20201040,专业工程
3880.HK,泰德医药,35,医药卫生,3520,医药,352040,制药与生物科技服务,35204010,制药与生物科技服务
3881.HK,希迪智驾,25,可选消费,2510,乘用车及零部件,251010,汽车零部件与轮胎,25101030,汽车电子
3882.HK,天彩控股,45,信息技术,4520,电子,452010,电子终端及组件,45201040,安防设备及其他
3883.HK,中国奥园,60,房地产,6010,房地产,601010,房地产开发与园区,60101010,房地产开发
3886.HK,康健国际医疗,35,医药卫生,3510,医疗,351020,医疗商业与服务,35102010,医疗服务
3887.HK,HASHKEY HLDGS,40,金融,4020,其他金融,402010,其他金融服务,40201020,特殊金融服务
3888.HK,金山软件,45,信息技术,4510,计算机,451010,软件开发,45101010,通用软件
3889.HK,大成玉米集团,30,主要消费,3010,食品、饮料与烟草,301030,食品,30103050,其他食品
3893.HK,易纬集团,20,工业,2020,建筑装饰,202020,建筑装修,20202010,建筑装修
3896.HK,金山云,45,信息技术,4510,计算机,451020,信息技术服务,45102020,云计算服务
3898.HK,时代电气,20,工业,2040,机械制造,204030,交通运输设备,20403010,城轨铁路
3899.HK,中集安瑞科,20,工业,2040,机械制造,204010,通用机械,20401030,气液机械
3900.HK,绿城中国,60,房地产,6010,房地产,601010,房地产开发与园区,60101010,房地产开发
3903.HK,瀚华控股,40,金融,4020,其他金融,402010,其他金融服务,40201020,特殊金融服务
3908.HK,中金公司,40,金融,4030,资本市场,403010,证券公司,40301010,证券公司
3913.HK,合景悠活,60,房地产,6010,房地产,601020,房地产管理与服务,60102010,房地产管理
3918.HK,金界控股,25,可选消费,2540,消费者服务,254010,休闲服务,25401060,博彩
3919.HK,金力集团,20,工业,2030,电力设备,203030,储能设备,20303010,电池
3928.HK,CHINA NEXT-GEN,20,工业,2020,建筑装饰,202010,建筑与工程,20201020,基础设施建设
3931.HK,中创新航,20,工业,2030,电力设备,203030,储能设备,20303010,电池
3933.HK,联邦制药,35,医药卫生,3520,医药,352020,化学药,35202010,原料药
3938.HK,LFG投资控股,40,金融,4030,资本市场,403010,证券公司,40301010,证券公司
3939.HK,万国黄金集团,15,原材料,1520,有色金属,152020,贵金属,15202010,黄金
3958.HK,东方证券,40,金融,4030,资本市场,403010,证券公司,40301010,证券公司
3963.HK,融众金融,40,金融,4020,其他金融,402020,消费信贷,40202010,消费信贷
3968.HK,招商银行,40,金融,4010,银行,401010,商业银行,40101010,综合性银行
3969.HK,中国通号,20,工业,2040,机械制造,204030,交通运输设备,20403010,城轨铁路
3978.HK,卓越教育集团,25,可选消费,2540,消费者服务,254020,教育服务,25402010,学历教育
3983.HK,中海石油化学,15,原材料,1510,化工,151010,农用化工,15101010,氮肥
3986.HK,兆易创新,45,信息技术,4530,半导体,453010,集成电路,45301010,集成电路设计
3988.HK,中国银行,40,金融,4010,银行,401010,商业银行,40101010,综合性银行
3989.HK,首创环境,20,工业,2050,环保,205010,污染治理,20501010,固废处理
3990.HK,美的置业,60,房地产,6010,房地产,601010,房地产开发与园区,60101010,房地产开发
3991.HK,长虹佳华,25,可选消费,2550,零售业,255020,专营零售,25502010,专营零售
3993.HK,洛阳钼业,15,原材料,1520,有色金属,152010,工业金属,15201010,铜
3996.HK,中国能源建设,20,工业,2020,建筑装饰,202010,建筑与工程,20201020,基础设施建设
3997.HK,电讯首科,20,工业,2060,商业服务与用品,206010,商业服务与用品,20601050,其他商业服务与用品
3998.HK,波司登,25,可选消费,2530,纺织服装与珠宝,253010,纺织服装,25301020,服装
3999.HK,大成食品,30,主要消费,3010,食品、饮料与烟草,301030,食品,30103010,肉制品
4332.HK,AMGEN-T,35,医药卫生,3520,医药,352010,生物药品,35201030,其他生物药品
4333.HK,思科-T,50,通信服务,5020,通信设备及技术服务,502010,通信设备,50201020,通信系统设备及组件
4335.HK,英特尔-T,45,信息技术,4530,半导体,453010,集成电路,45301020,集成电路制造
4336.HK,应用材料-T,45,信息技术,4530,半导体,453030,半导体材料与设备,45303020,半导体设备
4337.HK,星巴克-T,25,可选消费,2540,消费者服务,254010,休闲服务,25401040,餐饮服务
4338.HK,微软-T,45,信息技术,4510,计算机,451010,软件开发,45101010,通用软件
508000,华安张江产业园REIT,60,房地产,6010,房地产,601030,房地产投资信托(REITs),60103010,房地产投资信托(REITs)
508001,沪杭甬杭徽REIT,60,房地产,6010,房地产,601030,房地产投资信托(REITs),60103010,房地产投资信托(REITs)
508006,富国首创水务REIT,60,房地产,6010,房地产,601030,房地产投资信托(REITs),60103010,房地产投资信托(REITs)
508007,中金山东高速REIT,60,房地产,6010,房地产,601030,房地产投资信托(REITs),60103010,房地产投资信托(REITs)
508008,国金中国铁建REIT,60,房地产,6010,房地产,601030,房地产投资信托(REITs),60103010,房地产投资信托(REITs)
508009,中金安徽交控REIT,60,房地产,6010,房地产,601030,房地产投资信托(REITs),60103010,房地产投资信托(REITs)
508011,嘉实物美消费REIT,60,房地产,6010,房地产,601030,房地产投资信托(REITs),60103010,房地产投资信托(REITs)
508015,中信建投明阳智能新能源REIT,60,房地产,6010,房地产,601030,房地产投资信托(REITs),60103010,房地产投资信托(REITs)
508017,华夏金茂商业REIT,60,房地产,6010,房地产,601030,房地产投资信托(REITs),60103010,房地产投资信托(REITs)
508018,华夏中国交建高速REIT,60,房地产,6010,房地产,601030,房地产投资信托(REITs),60103010,房地产投资信托(REITs)
508019,中金湖北科投光谷REIT,60,房地产,6010,房地产,601030,房地产投资信托(REITs),60103010,房地产投资信托(REITs)
508021,国泰君安临港创新产业园REIT,60,房地产,6010,房地产,601030,房地产投资信托(REITs),60103010,房地产投资信托(REITs)
508022,博时津开产园REIT,60,房地产,6010,房地产,601030,房地产投资信托(REITs),60103010,房地产投资信托(REITs)
508026,嘉实中国电建清洁能源REIT,60,房地产,6010,房地产,601030,房地产投资信托(REITs),60103010,房地产投资信托(REITs)
508027,东吴苏园产业REIT,60,房地产,6010,房地产,601030,房地产投资信托(REITs),60103010,房地产投资信托(REITs)
508028,中信建投国家电投新能源REIT,60,房地产,6010,房地产,601030,房地产投资信托(REITs),60103010,房地产投资信托(REITs)
508031,国泰君安城投宽庭保租房REIT,60,房地产,6010,房地产,601030,房地产投资信托(REITs),60103010,房地产投资信托(REITs)
508033,易方达深高速REIT,60,房地产,6010,房地产,601030,房地产投资信托(REITs),60103010,房地产投资信托(REITs)
508056,中金普洛斯仓储REIT,60,房地产,6010,房地产,601030,房地产投资信托(REITs),60103010,房地产投资信托(REITs)
508058,中金厦门安居REIT,60,房地产,6010,房地产,601030,房地产投资信托(REITs),60103010,房地产投资信托(REITs)
508066,华泰江苏交控REIT,60,房地产,6010,房地产,601030,房地产投资信托(REITs),60103010,房地产投资信托(REITs)
508068,华夏北京保障房REIT,60,房地产,6010,房地产,601030,房地产投资信托(REITs),60103010,房地产投资信托(REITs)
508077,华夏基金华润有巢REIT,60,房地产,6010,房地产,601030,房地产投资信托(REITs),60103010,房地产投资信托(REITs)
508086,工银河北高速REIT,60,房地产,6010,房地产,601030,房地产投资信托(REITs),60103010,房地产投资信托(REITs)
508088,国君资管东久REIT,60,房地产,6010,房地产,601030,房地产投资信托(REITs),60103010,房地产投资信托(REITs)
508089,华夏特变电工新能源REIT,60,房地产,6010,房地产,601030,房地产投资信托(REITs),60103010,房地产投资信托(REITs)
508096,中航京能光伏REIT,60,房地产,6010,房地产,601030,房地产投资信托(REITs),60103010,房地产投资信托(REITs)
508098,嘉实京东仓储基础设施REIT,60,房地产,6010,房地产,601030,房地产投资信托(REITs),60103010,房地产投资信托(REITs)
508099,建信中关村REIT,60,房地产,6010,房地产,601030,房地产投资信托(REITs),60103010,房地产投资信托(REITs)
600000,浦发银行,40,金融,4010,银行,401010,商业银行,40101010,综合性银行
600004,白云机场,20,工业,2070,交通运输,207020,交通基本设施,20702010,机场
600006,东风股份,20,工业,2040,机械制造,204030,交通运输设备,20403030,商用车
600007,中国国贸,60,房地产,6010,房地产,601020,房地产管理与服务,60102020,房地产服务
600008,首创环保,55,公用事业,5510,公用事业,551030,水务,55103010,水务
600009,上海机场,20,工业,2070,交通运输,207020,交通基本设施,20702010,机场
600010,包钢股份,15,原材料,1530,钢铁,153010,钢铁,15301010,普钢
600011,华能国际,55,公用事业,5510,公用事业,551010,电力及电网,55101010,火电
600012,皖通高速,20,工业,2070,交通运输,207020,交通基本设施,20702040,高速公路
600015,华夏银行,40,金融,4010,银行,401010,商业银行,40101010,综合性银行
600016,民生银行,40,金融,4010,银行,401010,商业银行,40101010,综合性银行
600017,日照港,20,工业,2070,交通运输,207020,交通基本设施,20702020,港口
600018,上港集团,20,工业,2070,交通运输,207020,交通基本设施,20702020,港口
600019,宝钢股份,15,原材料,1530,钢铁,153010,钢铁,15301010,普钢
600020,中原高速,20,工业,2070,交通运输,207020,交通基本设施,20702040,高速公路
600021,上海电力,55,公用事业,5510,公用事业,551010,电力及电网,55101010,火电
600022,山东钢铁,15,原材料,1530,钢铁,153010,钢铁,15301010,普钢
600023,浙能电力,55,公用事业,5510,公用事业,551010,电力及电网,55101010,火电
600025,华能水电,55,公用事业,5510,公用事业,551010,电力及电网,55101020,水电
600026,中远海能,20,工业,2070,交通运输,207010,运输业,20701040,航运
600027,华电国际,55,公用事业,5510,公用事业,551010,电力及电网,55101010,火电
600028,中国石化,10,能源,1010,能源,101020,石油与天然气,10102010,综合性石油与天然气企业
600029,南方航空,20,工业,2070,交通运输,207010,运输业,20701030,航空运输
600030,中信证券,40,金融,4030,资本市场,403010,证券公司,40301010,证券公司
600031,三一重工,20,工业,2040,机械制造,204020,专用机械,20402010,工程机械
600032,浙江新能,55,公用事业,5510,公用事业,551010,电力及电网,55101050,光伏发电
600033,福建高速,20,工业,2070,交通运输,207020,交通基本设施,20702040,高速公路
600035,楚天高速,20,工业,2070,交通运输,207020,交通基本设施,20702040,高速公路
600036,招商银行,40,金融,4010,银行,401010,商业银行,40101010,综合性银行
600037,歌华有线,50,通信服务,5030,传媒,503020,文化娱乐,50302040,广播与电视
600038,中直股份,20,工业,2010,航空航天与国防,201010,航空航天,20101010,航空
600039,四川路桥,20,工业,2020,建筑装饰,202010,建筑与工程,20201020,基础设施建设
600048,保利发展,60,房地产,6010,房地产,601010,房地产开发与园区,60101010,房地产开发
600050,中国联通,50,通信服务,5010,电信服务,501010,电信运营服务,50101010,电信运营服务
600051,宁波联合,55,公用事业,5510,公用事业,551050,供热及其他,55105010,供热及其他
600052,东望时代,55,公用事业,5510,公用事业,551050,供热及其他,55105010,供热及其他
600053,九鼎投资,40,金融,4030,资本市场,403020,其他资本市场,40302010,资产管理
600054,黄山旅游,25,可选消费,2540,消费者服务,254010,休闲服务,25401010,景点
600055,万东医疗,35,医药卫生,3510,医疗,351010,医疗器械,35101010,医疗设备
600056,中国医药,35,医药卫生,3510,医疗,351020,医疗商业与服务,35102020,医药商业
600057,厦门象屿,20,工业,2070,交通运输,207010,运输业,20701020,物流综合
600058,五矿发展,20,工业,2060,商业服务与用品,206010,商业服务与用品,20601040,贸易商
600059,古越龙山,30,主要消费,3010,食品、饮料与烟草,301010,酒,30101030,黄酒
600060,海信视像,25,可选消费,2520,耐用消费品,252010,家用电器,25201020,黑色家电
600061,国投资本,40,金融,4030,资本市场,403010,证券公司,40301010,证券公司
600062,华润双鹤,35,医药卫生,3520,医药,352020,化学药,35202020,药品制剂
600063,皖维高新,15,原材料,1510,化工,151030,化学原料,15103050,其他化学原料
600064,南京高科,60,房地产,6010,房地产,601010,房地产开发与园区,60101010,房地产开发
600066,宇通客车,20,工业,2040,机械制造,204030,交通运输设备,20403030,商用车
600067,冠城新材,20,工业,2030,电力设备,203020,电网设备,20302040,线缆及其他
600071,凤凰光学,45,信息技术,4520,电子,452030,光学光电子,45203030,光学元件
600072,中船科技,20,工业,2030,电力设备,203010,发电设备,20301020,风电设备
600073,光明肉业,30,主要消费,3010,食品、饮料与烟草,301030,食品,30103010,肉制品
600075,新疆天业,15,原材料,1510,化工,151030,化学原料,15103020,氯碱
600076,康欣新材,15,原材料,1550,造纸与包装,155020,纸类与林业产品,15502010,林业产品
600078,澄星股份,15,原材料,1510,化工,151010,农用化工,15101050,磷肥及磷化工
600079,ST人福,35,医药卫生,3520,医药,352020,化学药,35202020,药品制剂
600080,金花股份,35,医药卫生,3520,医药,352030,中药,35203020,中成药
600081,东风科技,25,可选消费,2510,乘用车及零部件,251010,汽车零部件与轮胎,25101010,汽车系统部件
600082,海泰发展,60,房地产,6010,房地产,601010,房地产开发与园区,60101020,园区
600084,中信尼雅,30,主要消费,3010,食品、饮料与烟草,301010,酒,30101040,葡萄酒及其他
600085,同仁堂,35,医药卫生,3520,医药,352030,中药,35203020,中成药
600088,中视传媒,50,通信服务,5030,传媒,503020,文化娱乐,50302010,影视动漫
600089,特变电工,20,工业,2030,电力设备,203010,发电设备,20301010,光伏设备
600094,大名城,60,房地产,6010,房地产,601010,房地产开发与园区,60101010,房地产开发
600095,湘财股份,40,金融,4030,资本市场,403010,证券公司,40301010,证券公司
600096,云天化,15,原材料,1510,化工,151010,农用化工,15101050,磷肥及磷化工
600097,开创国际,30,主要消费,3020,农牧渔,302020,养殖,30202040,渔业产品
600098,广州发展,55,公用事业,5510,公用事业,551010,电力及电网,55101010,火电
600099,林海股份,25,可选消费,2510,乘用车及零部件,251030,摩托车及其他,25103010,摩托车及其他
600100,同方股份,45,信息技术,4520,电子,452010,电子终端及组件,45201010,电脑与外围设备
600101,明星电力,55,公用事业,5510,公用事业,551010,电力及电网,55101070,电网
600103,青山纸业,15,原材料,1550,造纸与包装,155020,纸类与林业产品,15502020,纸制品
600104,上汽集团,25,可选消费,2510,乘用车及零部件,251020,乘用车,25102010,乘用车
600105,永鼎股份,50,通信服务,5020,通信设备及技术服务,502010,通信设备,50201020,通信系统设备及组件
600106,重庆路桥,20,工业,2070,交通运输,207020,交通基本设施,20702040,高速公路
600107,ST尔雅,25,可选消费,2530,纺织服装与珠宝,253010,纺织服装,25301020,服装
600108,亚盛集团,30,主要消费,3020,农牧渔,302010,种植,30201010,农产品
600109,国金证券,40,金融,4030,资本市场,403010,证券公司,40301010,证券公司
600110,诺德股份,20,工业,2030,电力设备,203030,储能设备,20303020,电池部件及材料
600111,北方稀土,15,原材料,1520,有色金属,152030,稀有金属,15203010,稀土金属
600113,浙江东日,20,工业,2060,商业服务与用品,206010,商业服务与用品,20601020,市场服务
600114,东睦股份,20,工业,2040,机械制造,204010,通用机械,20401070,其他通用机械
600115,中国东航,20,工业,2070,交通运输,207010,运输业,20701030,航空运输
600116,三峡水利,55,公用事业,5510,公用事业,551010,电力及电网,55101020,水电
600117,西宁特钢,15,原材料,1530,钢铁,153010,钢铁,15301020,特钢
600118,中国卫星,20,工业,2010,航空航天与国防,201010,航空航天,20101020,航天
600119,长江投资,20,工业,2070,交通运输,207010,运输业,20701020,物流综合
600120,浙江东方,40,金融,4020,其他金融,402010,其他金融服务,40201030,其他综合性金融服务
600121,郑州煤电,10,能源,1010,能源,101030,煤炭,10103010,煤炭
600123,兰花科创,10,能源,1010,能源,101030,煤炭,10103010,煤炭
600125,铁龙物流,20,工业,2070,交通运输,207010,运输业,20701050,铁路运输
600126,杭钢股份,15,原材料,1530,钢铁,153010,钢铁,15301010,普钢
600127,金健米业,30,主要消费,3020,农牧渔,302010,种植,30201010,农产品
600128,苏豪弘业,20,工业,2060,商业服务与用品,206010,商业服务与用品,20601040,贸易商
600129,太极集团,35,医药卫生,3520,医药,352030,中药,35203020,中成药
600130,*ST波导,45,信息技术,4520,电子,452010,电子终端及组件,45201020,消费电子终端
600131,国网信通,50,通信服务,5020,通信设备及技术服务,502020,数据中心,50202010,数据中心
600132,重庆啤酒,30,主要消费,3010,食品、饮料与烟草,301010,酒,30101020,啤酒
600133,东湖高新,20,工业,2050,环保,205010,污染治理,20501030,烟气治理
600135,乐凯胶片,20,工业,2030,电力设备,203010,发电设备,20301010,光伏设备
600136,ST明诚,50,通信服务,5030,传媒,503020,文化娱乐,50302010,影视动漫
600137,浪莎股份,25,可选消费,2530,纺织服装与珠宝,253010,纺织服装,25301020,服装
600138,中青旅,25,可选消费,2540,消费者服务,254010,休闲服务,25401010,景点
600141,兴发集团,15,原材料,1510,化工,151010,农用化工,15101050,磷肥及磷化工
600143,金发科技,15,原材料,1510,化工,151050,塑料,15105010,改性塑料
600148,长春一东,25,可选消费,2510,乘用车及零部件,251010,汽车零部件与轮胎,25101010,汽车系统部件
600149,廊坊发展,55,公用事业,5510,公用事业,551050,供热及其他,55105010,供热及其他
600150,中国船舶,20,工业,2040,机械制造,204030,交通运输设备,20403020,船舶及其他航运设备
600151,航天机电,20,工业,2030,电力设备,203010,发电设备,20301010,光伏设备
600152,维科技术,20,工业,2030,电力设备,203030,储能设备,20303010,电池
600153,建发股份,20,工业,2070,交通运输,207010,运输业,20701020,物流综合
600155,华创云信,40,金融,4030,资本市场,403010,证券公司,40301010,证券公司
600156,华升股份,25,可选消费,2550,零售业,255020,专营零售,25502010,专营零售
600157,永泰能源,55,公用事业,5510,公用事业,551010,电力及电网,55101010,火电
600158,中体产业,25,可选消费,2540,消费者服务,254010,休闲服务,25401070,其他休闲服务
600159,大龙地产,20,工业,2020,建筑装饰,202010,建筑与工程,20201010,房屋建设
600160,巨化股份,15,原材料,1510,化工,151040,化学制品,15104040,氟化工
600161,天坛生物,35,医药卫生,3520,医药,352010,生物药品,35201010,血液制品
600162,香江控股,60,房地产,6010,房地产,601010,房地产开发与园区,60101010,房地产开发
600163,中闽能源,55,公用事业,5510,公用事业,551010,电力及电网,55101040,风电
600165,ST宁科,15,原材料,1540,非金属材料,154020,其他非金属材料,15402020,其他非金属材料
600166,福田汽车,20,工业,2040,机械制造,204030,交通运输设备,20403030,商用车
600167,联美控股,55,公用事业,5510,公用事业,551050,供热及其他,55105010,供热及其他
600168,武汉控股,55,公用事业,5510,公用事业,551030,水务,55103010,水务
600169,ST太重,20,工业,2040,机械制造,204020,专用机械,20402020,采矿冶金机械
600170,上海建工,20,工业,2020,建筑装饰,202010,建筑与工程,20201010,房屋建设
600171,上海贝岭,45,信息技术,4530,半导体,453010,集成电路,45301010,集成电路设计
600172,黄河旋风,15,原材料,1540,非金属材料,154020,其他非金属材料,15402020,其他非金属材料
600173,卧龙新能,60,房地产,6010,房地产,601010,房地产开发与园区,60101010,房地产开发
600176,中国巨石,15,原材料,1540,非金属材料,154020,其他非金属材料,15402010,玻璃纤维
600177,雅戈尔,25,可选消费,2530,纺织服装与珠宝,253010,纺织服装,25301020,服装
600178,东安动力,25,可选消费,2510,乘用车及零部件,251010,汽车零部件与轮胎,25101010,汽车系统部件
600179,安通控股,20,工业,2070,交通运输,207010,运输业,20701040,航运
600180,瑞茂通,20,工业,2070,交通运输,207010,运输业,20701020,物流综合
600182,S佳通,25,可选消费,2510,乘用车及零部件,251010,汽车零部件与轮胎,25101040,轮胎
600183,生益科技,45,信息技术,4520,电子,452020,电子元件,45202010,印制电路板
600184,光电股份,20,工业,2010,航空航天与国防,201020,国防装备,20102010,国防装备
600185,珠免集团,25,可选消费,2550,零售业,255030,旅游零售,25503010,旅游零售
600186,莲花控股,30,主要消费,3010,食品、饮料与烟草,301030,食品,30103020,调味品与食用油
600187,国中水务,55,公用事业,5510,公用事业,551030,水务,55103010,水务
600188,兖矿能源,10,能源,1010,能源,101030,煤炭,10103010,煤炭
600189,泉阳泉,30,主要消费,3010,食品、饮料与烟草,301020,软饮料,30102010,软饮料
600191,华资实业,30,主要消费,3020,农牧渔,302010,种植,30201010,农产品
600192,长城电工,20,工业,2030,电力设备,203020,电网设备,20302030,配电设备
600193,*ST创兴,20,工业,2020,建筑装饰,202020,建筑装修,20202010,建筑装修
600195,中牧股份,30,主要消费,3020,农牧渔,302020,养殖,30202020,动物保健与育种
600196,复星医药,35,医药卫生,3520,医药,352020,化学药,35202020,药品制剂
600197,伊力特,30,主要消费,3010,食品、饮料与烟草,301010,酒,30101010,白酒
600198,大唐电信,50,通信服务,5020,通信设备及技术服务,502010,通信设备,50201020,通信系统设备及组件
600199,金种子酒,30,主要消费,3010,食品、饮料与烟草,301010,酒,30101010,白酒
600201,生物股份,30,主要消费,3020,农牧渔,302020,养殖,30202020,动物保健与育种
600202,哈空调,20,工业,2040,机械制造,204020,专用机械,20402030,化工机械
600203,福日电子,45,信息技术,4520,电子,452010,电子终端及组件,45201020,消费电子终端
600206,有研新材,45,信息技术,4530,半导体,453030,半导体材料与设备,45303010,半导体材料
600207,安彩高科,20,工业,2030,电力设备,203010,发电设备,20301010,光伏设备
600208,衢州发展,60,房地产,6010,房地产,601010,房地产开发与园区,60101010,房地产开发
600210,紫江企业,15,原材料,1550,造纸与包装,155010,容器与包装,15501010,金属、玻璃与塑料包装
600211,西藏药业,35,医药卫生,3520,医药,352010,生物药品,35201030,其他生物药品
600212,绿能慧充,20,工业,2030,电力设备,203030,储能设备,20303030,其他储能设备
600215,派斯林,20,工业,2040,机械制造,204020,专用机械,20402080,其他专用机械
600216,浙江医药,35,医药卫生,3520,医药,352020,化学药,35202010,原料药
600217,中再资环,20,工业,2050,环保,205020,节能与生态修复,20502010,节能与资源回收
600218,全柴动力,20,工业,2040,机械制造,204010,通用机械,20401020,动力机械
600219,南山铝业,15,原材料,1520,有色金属,152010,工业金属,15201020,铝
600221,海航控股,20,工业,2070,交通运输,207010,运输业,20701030,航空运输
600222,太龙药业,35,医药卫生,3520,医药,352030,中药,35203010,中药饮片
600223,福瑞达,30,主要消费,3030,家庭与个人用品,303020,美容护理,30302010,美容护理
600226,亨通股份,55,公用事业,5510,公用事业,551050,供热及其他,55105010,供热及其他
600227,赤天化,15,原材料,1510,化工,151010,农用化工,15101010,氮肥
600228,*ST返利,50,通信服务,5030,传媒,503010,营销与广告,50301010,数字营销
600229,城市传媒,50,通信服务,5030,传媒,503020,文化娱乐,50302030,出版
600230,沧州大化,15,原材料,1510,化工,151040,化学制品,15104060,聚氨酯
600231,凌钢股份,15,原材料,1530,钢铁,153010,钢铁,15301010,普钢
600232,金鹰股份,25,可选消费,2530,纺织服装与珠宝,253010,纺织服装,25301010,纺织品
600233,圆通速递,20,工业,2070,交通运输,207010,运输业,20701010,快递
600234,科新发展,20,工业,2020,建筑装饰,202020,建筑装修,20202010,建筑装修
600235,民丰特纸,15,原材料,1550,造纸与包装,155020,纸类与林业产品,15502020,纸制品
600236,桂冠电力,55,公用事业,5510,公用事业,551010,电力及电网,55101020,水电
600237,铜峰电子,45,信息技术,4520,电子,452020,电子元件,45202020,被动元件
600238,*ST椰岛,30,主要消费,3010,食品、饮料与烟草,301010,酒,30101040,葡萄酒及其他
600239,云南城投,60,房地产,6010,房地产,601020,房地产管理与服务,60102020,房地产服务
600241,时代万恒,20,工业,2030,电力设备,203030,储能设备,20303010,电池
600243,*ST海华,20,工业,2040,机械制造,204020,专用机械,20402070,楼宇设备
600246,万通发展,60,房地产,6010,房地产,601010,房地产开发与园区,60101010,房地产开发
600248,陕建股份,20,工业,2020,建筑装饰,202010,建筑与工程,20201020,基础设施建设
600249,两面针,30,主要消费,3030,家庭与个人用品,303010,家庭用品,30301010,家庭用品
600250,南京商旅,25,可选消费,2540,消费者服务,254010,休闲服务,25401020,旅游服务
600251,冠农股份,30,主要消费,3020,农牧渔,302010,种植,30201010,农产品
600252,中恒集团,35,医药卫生,3520,医药,352030,中药,35203020,中成药
600255,鑫科材料,15,原材料,1520,有色金属,152010,工业金属,15201010,铜
600256,广汇能源,10,能源,1010,能源,101020,石油与天然气,10102040,油气流通及其他
600257,大湖股份,30,主要消费,3020,农牧渔,302020,养殖,30202040,渔业产品
600258,首旅酒店,25,可选消费,2540,消费者服务,254010,休闲服务,25401030,酒店
600259,中稀有色,15,原材料,1520,有色金属,152030,稀有金属,15203010,稀土金属
600261,阳光照明,25,可选消费,2520,耐用消费品,252010,家用电器,25201040,照明电器
600262,北方股份,20,工业,2040,机械制造,204020,专用机械,20402020,采矿冶金机械
600265,ST景谷,15,原材料,1550,造纸与包装,155020,纸类与林业产品,15502010,林业产品
600266,城建发展,60,房地产,6010,房地产,601010,房地产开发与园区,60101010,房地产开发
600267,海正药业,35,医药卫生,3520,医药,352020,化学药,35202020,药品制剂
600268,国电南自,20,工业,2030,电力设备,203020,电网设备,20302010,电网自动化
600269,赣粤高速,20,工业,2070,交通运输,207020,交通基本设施,20702040,高速公路
600271,航天信息,45,信息技术,4510,计算机,451010,软件开发,45101020,行业应用软件
600272,开开实业,35,医药卫生,3510,医疗,351020,医疗商业与服务,35102020,医药商业
600273,嘉化能源,15,原材料,1510,化工,151040,化学制品,15104080,其他化学制品
600276,恒瑞医药,35,医药卫生,3520,医药,352020,化学药,35202020,药品制剂
600278,东方创业,20,工业,2060,商业服务与用品,206010,商业服务与用品,20601040,贸易商
600279,重庆港,20,工业,2070,交通运输,207020,交通基本设施,20702020,港口
600280,中央商场,25,可选消费,2550,零售业,255010,一般零售,25501010,百货商店
600281,华阳新材,20,工业,2050,环保,205020,节能与生态修复,20502010,节能与资源回收
600282,南钢股份,15,原材料,1530,钢铁,153010,钢铁,15301010,普钢
600283,钱江水利,55,公用事业,5510,公用事业,551030,水务,55103010,水务
600284,浦东建设,20,工业,2020,建筑装饰,202010,建筑与工程,20201020,基础设施建设
600285,羚锐制药,35,医药卫生,3520,医药,352030,中药,35203020,中成药
600287,苏豪时尚,25,可选消费,2550,零售业,255020,专营零售,25502010,专营零售
600288,大恒科技,20,工业,2040,机械制造,204010,通用机械,20401050,仪器仪表
600289,ST信通,45,信息技术,4510,计算机,451010,软件开发,45101020,行业应用软件
600292,电投水电,55,公用事业,5510,公用事业,551010,电力及电网,55101020,水电
600293,三峡新材,15,原材料,1540,非金属材料,154010,建筑材料,15401020,玻璃
600295,鄂尔多斯,15,原材料,1530,钢铁,153010,钢铁,15301030,其他钢铁
600298,安琪酵母,30,主要消费,3010,食品、饮料与烟草,301030,食品,30103050,其他食品
600299,安迪苏,30,主要消费,3020,农牧渔,302020,养殖,30202010,饲料
600300,维维股份,30,主要消费,3010,食品、饮料与烟草,301020,软饮料,30102010,软饮料
600301,华锡有色,15,原材料,1520,有色金属,152040,其他有色金属及合金,15204020,其他有色金属及合金
600302,标准股份,20,工业,2040,机械制造,204020,专用机械,20402050,纺织服装机械
600303,曙光股份,20,工业,2040,机械制造,204030,交通运输设备,20403030,商用车
600305,恒顺醋业,30,主要消费,3010,食品、饮料与烟草,301030,食品,30103020,调味品与食用油
600307,酒钢宏兴,15,原材料,1530,钢铁,153010,钢铁,15301010,普钢
600308,华泰股份,15,原材料,1550,造纸与包装,155020,纸类与林业产品,15502020,纸制品
600309,万华化学,15,原材料,1510,化工,151040,化学制品,15104060,聚氨酯
600310,广西能源,55,公用事业,5510,公用事业,551010,电力及电网,55101020,水电
600312,平高电气,20,工业,2030,电力设备,203020,电网设备,20302020,输变电设备
600313,农发种业,30,主要消费,3020,农牧渔,302010,种植,30201020,种业
600315,上海家化,30,主要消费,3030,家庭与个人用品,303010,家庭用品,30301010,家庭用品
600316,洪都航空,20,工业,2010,航空航天与国防,201010,航空航天,20101010,航空
600318,新力金融,40,金融,4020,其他金融,402010,其他金融服务,40201020,特殊金融服务
600319,亚星化学,15,原材料,1510,化工,151030,化学原料,15103020,氯碱
600320,振华重工,20,工业,2040,机械制造,204020,专用机械,20402010,工程机械
600322,津投城开,60,房地产,6010,房地产,601020,房地产管理与服务,60102010,房地产管理
600323,瀚蓝环境,20,工业,2050,环保,205010,污染治理,20501010,固废处理
600325,华发股份,60,房地产,6010,房地产,601010,房地产开发与园区,60101010,房地产开发
600326,西藏天路,15,原材料,1540,非金属材料,154010,建筑材料,15401010,水泥与混凝土
600327,大东方,35,医药卫生,3510,医疗,351020,医疗商业与服务,35102010,医疗服务
600328,中盐化工,15,原材料,1510,化工,151030,化学原料,15103010,纯碱
600329,达仁堂,35,医药卫生,3520,医药,352030,中药,35203020,中成药
600330,天通股份,45,信息技术,4520,电子,452040,电子化学品,45204010,电子化学品
600331,宏达股份,15,原材料,1510,化工,151010,农用化工,15101050,磷肥及磷化工
600332,白云山,35,医药卫生,3520,医药,352030,中药,35203020,中成药
600333,长春燃气,55,公用事业,5510,公用事业,551020,燃气,55102010,燃气
600335,国机汽车,25,可选消费,2510,乘用车及零部件,251040,汽车经销商与汽车服务,25104010,汽车经销商
600336,澳柯玛,25,可选消费,2520,耐用消费品,252010,家用电器,25201010,白色家电
600337,美克家居,25,可选消费,2520,耐用消费品,252020,家居,25202010,家具
600338,西藏珠峰,15,原材料,1520,有色金属,152010,工业金属,15201030,铅锌
600339,中油工程,10,能源,1010,能源,101010,油气开采与油田服务,10101020,油田服务
600340,华夏幸福,60,房地产,6010,房地产,601010,房地产开发与园区,60101010,房地产开发
600343,航天动力,20,工业,2040,机械制造,204010,通用机械,20401030,气液机械
600345,长江通信,50,通信服务,5020,通信设备及技术服务,502010,通信设备,50201010,通信终端设备及组件
600346,恒力石化,15,原材料,1510,化工,151030,化学原料,15103050,其他化学原料
600348,华阳股份,10,能源,1010,能源,101030,煤炭,10103010,煤炭
600350,山东高速,20,工业,2070,交通运输,207020,交通基本设施,20702040,高速公路
600351,亚宝药业,35,医药卫生,3520,医药,352030,中药,35203020,中成药
600352,浙江龙盛,15,原材料,1510,化工,151040,化学制品,15104030,印染化学品
600353,旭光电子,45,信息技术,4520,电子,452050,其他电子,45205010,其他电子
600354,敦煌种业,30,主要消费,3020,农牧渔,302010,种植,30201020,种业
600355,*ST精伦,50,通信服务,5020,通信设备及技术服务,502010,通信设备,50201010,通信终端设备及组件
600356,恒丰纸业,15,原材料,1550,造纸与包装,155010,容器与包装,15501020,纸材料包装
600358,ST联合,50,通信服务,5030,传媒,503010,营销与广告,50301010,数字营销
600359,新农开发,30,主要消费,3020,农牧渔,302010,种植,30201010,农产品
600360,*ST华微,45,信息技术,4530,半导体,453020,分立器件,45302010,分立器件
600361,创新新材,15,原材料,1520,有色金属,152010,工业金属,15201020,铝
600362,江西铜业,15,原材料,1520,有色金属,152010,工业金属,15201010,铜
600363,联创光电,45,信息技术,4520,电子,452030,光学光电子,45203020,LED
600365,ST通葡,25,可选消费,2550,零售业,255040,互联网零售,25504010,互联网零售
600366,宁波韵升,15,原材料,1520,有色金属,152030,稀有金属,15203010,稀土金属
600367,红星发展,15,原材料,1510,化工,151030,化学原料,15103030,无机盐
600368,五洲交通,20,工业,2070,交通运输,207020,交通基本设施,20702040,高速公路
600369,西南证券,40,金融,4030,资本市场,403010,证券公司,40301010,证券公司
600370,三房巷,15,原材料,1550,造纸与包装,155010,容器与包装,15501010,金属、玻璃与塑料包装
600371,万向德农,30,主要消费,3020,农牧渔,302010,种植,30201020,种业
600372,中航机载,20,工业,2010,航空航天与国防,201010,航空航天,20101010,航空
600373,中文传媒,50,通信服务,5030,传媒,503020,文化娱乐,50302030,出版
600375,汉马科技,20,工业,2040,机械制造,204030,交通运输设备,20403030,商用车
600376,首开股份,60,房地产,6010,房地产,601010,房地产开发与园区,60101010,房地产开发
600377,宁沪高速,20,工业,2070,交通运输,207020,交通基本设施,20702040,高速公路
600378,昊华科技,15,原材料,1510,化工,151040,化学制品,15104040,氟化工
600379,宝光股份,20,工业,2030,电力设备,203020,电网设备,20302020,输变电设备
600380,健康元,35,医药卫生,3520,医药,352020,化学药,35202020,药品制剂
600381,*ST春天,35,医药卫生,3520,医药,352030,中药,35203020,中成药
600382,广东明珠,15,原材料,1530,钢铁,153010,钢铁,15301030,其他钢铁
600383,金地集团,60,房地产,6010,房地产,601010,房地产开发与园区,60101010,房地产开发
600386,北巴传媒,25,可选消费,2510,乘用车及零部件,251040,汽车经销商与汽车服务,25104010,汽车经销商
600388,龙净环保,20,工业,2050,环保,205010,污染治理,20501030,烟气治理
600389,江山股份,15,原材料,1510,化工,151010,农用化工,15101040,农药
600390,五矿资本,40,金融,4020,其他金融,402010,其他金融服务,40201030,其他综合性金融服务
600391,航发科技,20,工业,2010,航空航天与国防,201010,航空航天,20101010,航空
600392,盛和资源,15,原材料,1520,有色金属,152030,稀有金属,15203010,稀土金属
600395,盘江股份,10,能源,1010,能源,101030,煤炭,10103020,焦炭
600396,华电辽能,55,公用事业,5510,公用事业,551010,电力及电网,55101010,火电
600397,江钨装备,20,工业,2040,机械制造,204020,专用机械,20402020,采矿冶金机械
600398,海澜之家,25,可选消费,2530,纺织服装与珠宝,253010,纺织服装,25301020,服装
600399,抚顺特钢,15,原材料,1530,钢铁,153010,钢铁,15301020,特钢
600400,红豆股份,25,可选消费,2530,纺织服装与珠宝,253010,纺织服装,25301020,服装
600403,大有能源,10,能源,1010,能源,101030,煤炭,10103010,煤炭
600405,动力源,20,工业,2030,电力设备,203030,储能设备,20303030,其他储能设备
600406,国电南瑞,20,工业,2030,电力设备,203020,电网设备,20302010,电网自动化
600408,安泰集团,15,原材料,1530,钢铁,153010,钢铁,15301010,普钢
600409,三友化工,15,原材料,1510,化工,151020,化学纤维,15102020,粘胶
600410,华胜天成,45,信息技术,4510,计算机,451020,信息技术服务,45102010,系统集成服务
600415,小商品城,20,工业,2060,商业服务与用品,206010,商业服务与用品,20601020,市场服务
600416,湘电股份,20,工业,2040,机械制造,204010,通用机械,20401040,电动机与工控自动化
600418,江淮汽车,20,工业,2040,机械制造,204030,交通运输设备,20403030,商用车
600419,天润乳业,30,主要消费,3010,食品、饮料与烟草,301030,食品,30103030,乳制品
600420,国药现代,35,医药卫生,3520,医药,352020,化学药,35202020,药品制剂
600421,*ST华嵘,20,工业,2040,机械制造,204020,专用机械,20402080,其他专用机械
600422,昆药集团,35,医药卫生,3520,医药,352030,中药,35203020,中成药
600423,柳化股份,15,原材料,1510,化工,151030,化学原料,15103050,其他化学原料
600425,青松建化,15,原材料,1540,非金属材料,154010,建筑材料,15401010,水泥与混凝土
600426,华鲁恒升,15,原材料,1510,化工,151030,化学原料,15103050,其他化学原料
600428,中远海特,20,工业,2070,交通运输,207010,运输业,20701040,航运
600429,三元股份,30,主要消费,3010,食品、饮料与烟草,301030,食品,30103030,乳制品
600433,冠豪高新,15,原材料,1550,造纸与包装,155010,容器与包装,15501020,纸材料包装
600435,北方导航,20,工业,2010,航空航天与国防,201020,国防装备,20102010,国防装备
600436,片仔癀,35,医药卫生,3520,医药,352030,中药,35203020,中成药
600438,通威股份,20,工业,2030,电力设备,203010,发电设备,20301010,光伏设备
600439,瑞贝卡,30,主要消费,3030,家庭与个人用品,303020,美容护理,30302010,美容护理
600444,国机通用,20,工业,2050,环保,205010,污染治理,20501020,污水处理
600446,金证股份,45,信息技术,4510,计算机,451010,软件开发,45101020,行业应用软件
600448,华纺股份,25,可选消费,2530,纺织服装与珠宝,253010,纺织服装,25301010,纺织品
600449,宁夏建材,15,原材料,1540,非金属材料,154010,建筑材料,15401010,水泥与混凝土
600452,涪陵电力,55,公用事业,5510,公用事业,551010,电力及电网,55101070,电网
600455,博通股份,25,可选消费,2540,消费者服务,254020,教育服务,25402010,学历教育
600456,宝钛股份,15,原材料,1520,有色金属,152040,其他有色金属及合金,15204010,钛
600458,时代新材,20,工业,2030,电力设备,203010,发电设备,20301020,风电设备
600459,贵研铂业,15,原材料,1520,有色金属,152020,贵金属,15202020,其他贵金属
600460,士兰微,45,信息技术,4530,半导体,453020,分立器件,45302010,分立器件
600461,洪城环境,55,公用事业,5510,公用事业,551030,水务,55103010,水务
600463,空港股份,20,工业,2020,建筑装饰,202010,建筑与工程,20201010,房屋建设
600467,好当家,30,主要消费,3020,农牧渔,302020,养殖,30202040,渔业产品
600468,百利电气,20,工业,2030,电力设备,203020,电网设备,20302030,配电设备
600469,风神股份,25,可选消费,2510,乘用车及零部件,251010,汽车零部件与轮胎,25101040,轮胎
600470,六国化工,15,原材料,1510,化工,151010,农用化工,15101050,磷肥及磷化工
600475,华光环能,55,公用事业,5510,公用事业,551050,供热及其他,55105010,供热及其他
600476,湘邮科技,45,信息技术,4510,计算机,451020,信息技术服务,45102010,系统集成服务
600477,杭萧钢构,20,工业,2020,建筑装饰,202010,建筑与工程,20201040,专业工程
600478,科力远,20,工业,2030,电力设备,203030,储能设备,20303010,电池
600479,千金药业,35,医药卫生,3520,医药,352030,中药,35203020,中成药
600480,凌云股份,25,可选消费,2510,乘用车及零部件,251010,汽车零部件与轮胎,25101050,其他汽车零部件
600481,双良节能,20,工业,2030,电力设备,203010,发电设备,20301010,光伏设备
600482,中国动力,20,工业,2040,机械制造,204030,交通运输设备,20403020,船舶及其他航运设备
600483,福能股份,55,公用事业,5510,公用事业,551010,电力及电网,55101010,火电
600486,扬农化工,15,原材料,1510,化工,151010,农用化工,15101040,农药
600487,亨通光电,50,通信服务,5020,通信设备及技术服务,502010,通信设备,50201020,通信系统设备及组件
600488,津药药业,35,医药卫生,3520,医药,352020,化学药,35202010,原料药
600489,中金黄金,15,原材料,1520,有色金属,152020,贵金属,15202010,黄金
600490,鹏欣资源,15,原材料,1520,有色金属,152010,工业金属,15201010,铜
600491,龙元建设,20,工业,2020,建筑装饰,202010,建筑与工程,20201010,房屋建设
600493,凤竹纺织,25,可选消费,2530,纺织服装与珠宝,253010,纺织服装,25301010,纺织品
600495,晋西车轴,20,工业,2040,机械制造,204030,交通运输设备,20403010,城轨铁路
600496,精工钢构,20,工业,2020,建筑装饰,202010,建筑与工程,20201040,专业工程
600497,驰宏锌锗,15,原材料,1520,有色金属,152010,工业金属,15201030,铅锌
600498,烽火通信,50,通信服务,5020,通信设备及技术服务,502010,通信设备,50201020,通信系统设备及组件
600499,科达制造,20,工业,2040,机械制造,204020,专用机械,20402080,其他专用机械
600500,中化国际,15,原材料,1510,化工,151040,化学制品,15104080,其他化学制品
600501,航天晨光,20,工业,2010,航空航天与国防,201020,国防装备,20102010,国防装备
600502,安徽建工,20,工业,2020,建筑装饰,202010,建筑与工程,20201020,基础设施建设
600503,华丽家族,60,房地产,6010,房地产,601010,房地产开发与园区,60101010,房地产开发
600505,西昌电力,55,公用事业,5510,公用事业,551010,电力及电网,55101020,水电
600506,统一股份,15,原材料,1510,化工,151040,化学制品,15104080,其他化学制品
600507,方大特钢,15,原材料,1530,钢铁,153010,钢铁,15301010,普钢
600508,上海能源,10,能源,1010,能源,101030,煤炭,10103010,煤炭
600509,天富能源,55,公用事业,5510,公用事业,551010,电力及电网,55101010,火电
600510,黑牡丹,60,房地产,6010,房地产,601010,房地产开发与园区,60101010,房地产开发
600511,国药股份,35,医药卫生,3510,医疗,351020,医疗商业与服务,35102020,医药商业
600512,腾达建设,20,工业,2020,建筑装饰,202010,建筑与工程,20201020,基础设施建设
600513,联环药业,35,医药卫生,3520,医药,352020,化学药,35202020,药品制剂
600515,海南机场,60,房地产,6010,房地产,601010,房地产开发与园区,60101010,房地产开发
600516,方大炭素,15,原材料,1540,非金属材料,154020,其他非金属材料,15402020,其他非金属材料
600517,国网英大,20,工业,2030,电力设备,203020,电网设备,20302020,输变电设备
600518,康美药业,35,医药卫生,3520,医药,352030,中药,35203010,中药饮片
600519,贵州茅台,30,主要消费,3010,食品、饮料与烟草,301010,酒,30101010,白酒
600520,三佳科技,45,信息技术,4530,半导体,453030,半导体材料与设备,45303020,半导体设备
600521,华海药业,35,医药卫生,3520,医药,352020,化学药,35202020,药品制剂
600522,中天科技,50,通信服务,5020,通信设备及技术服务,502010,通信设备,50201020,通信系统设备及组件
600523,贵航股份,25,可选消费,2510,乘用车及零部件,251010,汽车零部件与轮胎,25101050,其他汽车零部件
600525,ST长园,20,工业,2030,电力设备,203020,电网设备,20302010,电网自动化
600526,菲达环保,20,工业,2050,环保,205010,污染治理,20501030,烟气治理
600527,江南高纤,15,原材料,1510,化工,151020,化学纤维,15102030,氨纶及其他化纤
600528,中铁工业,20,工业,2040,机械制造,204030,交通运输设备,20403010,城轨铁路
600529,山东药玻,35,医药卫生,3510,医疗,351010,医疗器械,35101020,医疗耗材
600530,交大昂立,30,主要消费,3010,食品、饮料与烟草,301030,食品,30103050,其他食品
600531,豫光金铅,15,原材料,1520,有色金属,152010,工业金属,15201010,铜
600533,栖霞建设,60,房地产,6010,房地产,601010,房地产开发与园区,60101010,房地产开发
600535,天士力,35,医药卫生,3520,医药,352030,中药,35203020,中成药
600536,中国软件,45,信息技术,4510,计算机,451010,软件开发,45101020,行业应用软件
600537,亿晶光电,20,工业,2030,电力设备,203010,发电设备,20301010,光伏设备
600538,国发股份,35,医药卫生,3510,医疗,351010,医疗器械,35101030,体外诊断
600539,狮头股份,25,可选消费,2550,零售业,255040,互联网零售,25504010,互联网零售
600540,新赛股份,30,主要消费,3020,农牧渔,302010,种植,30201010,农产品
600543,莫高股份,30,主要消费,3010,食品、饮料与烟草,301010,酒,30101040,葡萄酒及其他
600545,卓郎智能,20,工业,2040,机械制造,204020,专用机械,20402050,纺织服装机械
600546,山煤国际,10,能源,1010,能源,101030,煤炭,10103010,煤炭
600547,山东黄金,15,原材料,1520,有色金属,152020,贵金属,15202010,黄金
600548,深高速,20,工业,2070,交通运输,207020,交通基本设施,20702040,高速公路
600549,厦门钨业,15,原材料,1520,有色金属,152030,稀有金属,15203020,钨钼
600550,保变电气,20,工业,2030,电力设备,203020,电网设备,20302020,输变电设备
600551,时代出版,50,通信服务,5030,传媒,503020,文化娱乐,50302030,出版
600552,凯盛科技,45,信息技术,4520,电子,452030,光学光电子,45203010,面板
600556,天下秀,50,通信服务,5030,传媒,503010,营销与广告,50301010,数字营销
600557,康缘药业,35,医药卫生,3520,医药,352030,中药,35203020,中成药
600558,大西洋,20,工业,2040,机械制造,204010,通用机械,20401070,其他通用机械
600559,老白干酒,30,主要消费,3010,食品、饮料与烟草,301010,酒,30101010,白酒
600560,金自天正,20,工业,2040,机械制造,204010,通用机械,20401040,电动机与工控自动化
600561,江西长运,20,工业,2070,交通运输,207010,运输业,20701060,公路运输
600562,国睿科技,20,工业,2010,航空航天与国防,201020,国防装备,20102010,国防装备
600563,法拉电子,45,信息技术,4520,电子,452020,电子元件,45202020,被动元件
600566,济川药业,35,医药卫生,3520,医药,352030,中药,35203020,中成药
600567,山鹰国际,15,原材料,1550,造纸与包装,155010,容器与包装,15501020,纸材料包装
600568,ST中珠,35,医药卫生,3510,医疗,351020,医疗商业与服务,35102010,医疗服务
600569,安阳钢铁,15,原材料,1530,钢铁,153010,钢铁,15301010,普钢
600570,恒生电子,45,信息技术,4510,计算机,451010,软件开发,45101020,行业应用软件
600571,信雅达,45,信息技术,4510,计算机,451010,软件开发,45101020,行业应用软件
600572,康恩贝,35,医药卫生,3520,医药,352030,中药,35203020,中成药
600573,惠泉啤酒,30,主要消费,3010,食品、饮料与烟草,301010,酒,30101020,啤酒
600575,淮河能源,55,公用事业,5510,公用事业,551010,电力及电网,55101010,火电
600576,祥源文旅,25,可选消费,2540,消费者服务,254010,休闲服务,25401010,景点
600577,精达股份,20,工业,2030,电力设备,203020,电网设备,20302040,线缆及其他
600578,京能电力,55,公用事业,5510,公用事业,551010,电力及电网,55101010,火电
600579,中化装备,20,工业,2040,机械制造,204020,专用机械,20402030,化工机械
600580,卧龙电驱,20,工业,2040,机械制造,204010,通用机械,20401040,电动机与工控自动化
600581,*ST八钢,15,原材料,1530,钢铁,153010,钢铁,15301010,普钢
600582,天地科技,20,工业,2040,机械制造,204020,专用机械,20402020,采矿冶金机械
600583,海油工程,10,能源,1010,能源,101010,油气开采与油田服务,10101020,油田服务
600584,长电科技,45,信息技术,4530,半导体,453010,集成电路,45301030,集成电路封测
600585,海螺水泥,15,原材料,1540,非金属材料,154010,建筑材料,15401010,水泥与混凝土
600586,金晶科技,15,原材料,1540,非金属材料,154010,建筑材料,15401020,玻璃
600587,新华医疗,35,医药卫生,3510,医疗,351010,医疗器械,35101010,医疗设备
600588,用友网络,45,信息技术,4510,计算机,451020,信息技术服务,45102020,云计算服务
600589,大位科技,50,通信服务,5020,通信设备及技术服务,502020,数据中心,50202010,数据中心
600590,泰豪科技,20,工业,2030,电力设备,203030,储能设备,20303030,其他储能设备
600592,龙溪股份,20,工业,2040,机械制造,204010,通用机械,20401020,动力机械
600593,大连圣亚,25,可选消费,2540,消费者服务,254010,休闲服务,25401010,景点
600594,益佰制药,35,医药卫生,3520,医药,352020,化学药,35202020,药品制剂
600595,中孚实业,15,原材料,1520,有色金属,152010,工业金属,15201020,铝
600596,新安股份,15,原材料,1510,化工,151040,化学制品,15104050,有机硅
600597,光明乳业,30,主要消费,3010,食品、饮料与烟草,301030,食品,30103030,乳制品
600598,北大荒,30,主要消费,3020,农牧渔,302010,种植,30201010,农产品
600599,*ST熊猫,25,可选消费,2520,耐用消费品,252030,休闲设备与用品,25203010,休闲设备与用品
600600,青岛啤酒,30,主要消费,3010,食品、饮料与烟草,301010,酒,30101020,啤酒
600601,方正科技,45,信息技术,4520,电子,452020,电子元件,45202010,印制电路板
600602,云赛智联,50,通信服务,5020,通信设备及技术服务,502020,数据中心,50202010,数据中心
600603,广汇物流,60,房地产,6010,房地产,601010,房地产开发与园区,60101010,房地产开发
600604,市北高新,60,房地产,6010,房地产,601010,房地产开发与园区,60101020,园区
600605,汇通能源,60,房地产,6010,房地产,601020,房地产管理与服务,60102020,房地产服务
600606,绿地控股,60,房地产,6010,房地产,601010,房地产开发与园区,60101010,房地产开发
600608,*ST沪科,20,工业,2060,商业服务与用品,206010,商业服务与用品,20601040,贸易商
600609,金杯汽车,25,可选消费,2510,乘用车及零部件,251010,汽车零部件与轮胎,25101020,汽车内饰与外饰
600610,中毅达,15,原材料,1510,化工,151040,化学制品,15104080,其他化学制品
600611,大众交通,20,工业,2070,交通运输,207010,运输业,20701060,公路运输
600612,老凤祥,25,可选消费,2530,纺织服装与珠宝,253020,珠宝与奢侈品,25302010,珠宝与奢侈品
600613,神奇制药,35,医药卫生,3520,医药,352020,化学药,35202020,药品制剂
600615,鑫源智造,15,原材料,1520,有色金属,152040,其他有色金属及合金,15204020,其他有色金属及合金
600616,金枫酒业,30,主要消费,3010,食品、饮料与烟草,301010,酒,30101030,黄酒
600617,国新能源,55,公用事业,5510,公用事业,551020,燃气,55102010,燃气
600618,氯碱化工,15,原材料,1510,化工,151030,化学原料,15103020,氯碱
600619,海立股份,25,可选消费,2520,耐用消费品,252010,家用电器,25201060,家电零部件及其他
600620,天宸股份,60,房地产,6010,房地产,601010,房地产开发与园区,60101010,房地产开发
600621,华鑫股份,40,金融,4030,资本市场,403010,证券公司,40301010,证券公司
600622,光大嘉宝,60,房地产,6010,房地产,601010,房地产开发与园区,60101010,房地产开发
600623,华谊集团,15,原材料,1510,化工,151040,化学制品,15104080,其他化学制品
600624,ST复华,35,医药卫生,3520,医药,352020,化学药,35202020,药品制剂
600626,申达股份,25,可选消费,2510,乘用车及零部件,251010,汽车零部件与轮胎,25101020,汽车内饰与外饰
600628,新世界,35,医药卫生,3510,医疗,351020,医疗商业与服务,35102020,医药商业
600629,华建集团,20,工业,2020,建筑装饰,202010,建筑与工程,20201050,建筑设计及服务
600630,龙头股份,25,可选消费,2530,纺织服装与珠宝,253010,纺织服装,25301020,服装
600633,浙数文化,50,通信服务,5030,传媒,503020,文化娱乐,50302020,游戏
600635,大众公用,55,公用事业,5510,公用事业,551020,燃气,55102010,燃气
600636,*ST国化,45,信息技术,4510,计算机,451020,信息技术服务,45102010,系统集成服务
600637,东方明珠,50,通信服务,5030,传媒,503020,文化娱乐,50302040,广播与电视
600638,新黄浦,60,房地产,6010,房地产,601010,房地产开发与园区,60101010,房地产开发
600639,浦东金桥,60,房地产,6010,房地产,601010,房地产开发与园区,60101020,园区
600640,国脉文化,50,通信服务,5030,传媒,503010,营销与广告,50301010,数字营销
600641,先导基电,60,房地产,6010,房地产,601010,房地产开发与园区,60101010,房地产开发
600642,申能股份,55,公用事业,5510,公用事业,551010,电力及电网,55101010,火电
600643,爱建集团,40,金融,4020,其他金融,402010,其他金融服务,40201030,其他综合性金融服务
600644,乐山电力,55,公用事业,5510,公用事业,551010,电力及电网,55101020,水电
600645,中源协和,35,医药卫生,3510,医疗,351010,医疗器械,35101030,体外诊断
600648,外高桥,60,房地产,6010,房地产,601010,房地产开发与园区,60101020,园区
600649,城投控股,60,房地产,6010,房地产,601010,房地产开发与园区,60101010,房地产开发
600650,锦江在线,20,工业,2070,交通运输,207010,运输业,20701060,公路运输
600651,飞乐音响,25,可选消费,2510,乘用车及零部件,251010,汽车零部件与轮胎,25101020,汽车内饰与外饰
600653,申华控股,25,可选消费,2510,乘用车及零部件,251040,汽车经销商与汽车服务,25104010,汽车经销商
600654,中安科,20,工业,2060,商业服务与用品,206010,商业服务与用品,20601050,其他商业服务与用品
600655,豫园股份,25,可选消费,2530,纺织服装与珠宝,253020,珠宝与奢侈品,25302010,珠宝与奢侈品
600657,信达地产,60,房地产,6010,房地产,601010,房地产开发与园区,60101010,房地产开发
600658,电子城,60,房地产,6010,房地产,601010,房地产开发与园区,60101020,园区
600660,福耀玻璃,25,可选消费,2510,乘用车及零部件,251010,汽车零部件与轮胎,25101020,汽车内饰与外饰
600661,昂立教育,25,可选消费,2540,消费者服务,254020,教育服务,25402010,学历教育
600662,外服控股,20,工业,2060,商业服务与用品,206010,商业服务与用品,20601050,其他商业服务与用品
600663,陆家嘴,60,房地产,6010,房地产,601010,房地产开发与园区,60101010,房地产开发
600664,哈药股份,35,医药卫生,3520,医药,352020,化学药,35202020,药品制剂
600665,天地源,60,房地产,6010,房地产,601010,房地产开发与园区,60101010,房地产开发
600666,奥瑞德,45,信息技术,4520,电子,452040,电子化学品,45204010,电子化学品
600667,太极实业,20,工业,2020,建筑装饰,202010,建筑与工程,20201040,专业工程
600668,尖峰集团,15,原材料,1540,非金属材料,154010,建筑材料,15401010,水泥与混凝土
600671,天目药业,35,医药卫生,3520,医药,352030,中药,35203020,中成药
600673,东阳光,15,原材料,1520,有色金属,152010,工业金属,15201020,铝
600674,川投能源,55,公用事业,5510,公用事业,551010,电力及电网,55101020,水电
600675,中华企业,60,房地产,6010,房地产,601010,房地产开发与园区,60101010,房地产开发
600676,交运股份,20,工业,2070,交通运输,207010,运输业,20701060,公路运输
600678,四川金顶,15,原材料,1540,非金属材料,154010,建筑材料,15401010,水泥与混凝土
600679,上海凤凰,25,可选消费,2520,耐用消费品,252030,休闲设备与用品,25203010,休闲设备与用品
600681,百川能源,55,公用事业,5510,公用事业,551020,燃气,55102010,燃气
600682,南京新百,35,医药卫生,3520,医药,352010,生物药品,35201030,其他生物药品
600683,京投发展,60,房地产,6010,房地产,601010,房地产开发与园区,60101010,房地产开发
600684,珠江股份,60,房地产,6010,房地产,601020,房地产管理与服务,60102010,房地产管理
600685,中船防务,20,工业,2040,机械制造,204030,交通运输设备,20403020,船舶及其他航运设备
600686,金龙汽车,20,工业,2040,机械制造,204030,交通运输设备,20403030,商用车
600688,上海石化,10,能源,1010,能源,101020,石油与天然气,10102020,燃油炼制
600689,上海三毛,20,工业,2060,商业服务与用品,206010,商业服务与用品,20601040,贸易商
600690,海尔智家,25,可选消费,2520,耐用消费品,252010,家用电器,25201010,白色家电
600691,潞化科技,15,原材料,1510,化工,151010,农用化工,15101010,氮肥
600692,亚通股份,60,房地产,6010,房地产,601010,房地产开发与园区,60101010,房地产开发
600693,东百集团,25,可选消费,2550,零售业,255010,一般零售,25501010,百货商店
600694,大商股份,25,可选消费,2550,零售业,255010,一般零售,25501010,百货商店
600696,*ST岩石,30,主要消费,3010,食品、饮料与烟草,301010,酒,30101010,白酒
600697,欧亚集团,25,可选消费,2550,零售业,255010,一般零售,25501010,百货商店
600698,湖南天雁,25,可选消费,2510,乘用车及零部件,251010,汽车零部件与轮胎,25101010,汽车系统部件
600699,均胜电子,25,可选消费,2510,乘用车及零部件,251010,汽车零部件与轮胎,25101030,汽车电子
600702,舍得酒业,30,主要消费,3010,食品、饮料与烟草,301010,酒,30101010,白酒
600703,三安光电,45,信息技术,4520,电子,452030,光学光电子,45203020,LED
600704,物产中大,20,工业,2070,交通运输,207010,运输业,20701020,物流综合
600706,曲江文旅,25,可选消费,2540,消费者服务,254010,休闲服务,25401010,景点
600707,彩虹股份,45,信息技术,4520,电子,452030,光学光电子,45203010,面板
600708,光明地产,60,房地产,6010,房地产,601010,房地产开发与园区,60101010,房地产开发
600710,苏美达,20,工业,2060,商业服务与用品,206010,商业服务与用品,20601040,贸易商
600711,盛屯矿业,15,原材料,1520,有色金属,152010,工业金属,15201010,铜
600712,南宁百货,25,可选消费,2550,零售业,255010,一般零售,25501010,百货商店
600713,南京医药,35,医药卫生,3510,医疗,351020,医疗商业与服务,35102020,医药商业
600714,金瑞矿业,15,原材料,1520,有色金属,152040,其他有色金属及合金,15204020,其他有色金属及合金
600715,文投控股,50,通信服务,5030,传媒,503020,文化娱乐,50302020,游戏
600716,凤凰股份,60,房地产,6010,房地产,601010,房地产开发与园区,60101010,房地产开发
600717,天津港,20,工业,2070,交通运输,207020,交通基本设施,20702020,港口
600718,东软集团,45,信息技术,4510,计算机,451010,软件开发,45101020,行业应用软件
600719,大连热电,55,公用事业,5510,公用事业,551050,供热及其他,55105010,供热及其他
600720,中交设计,20,工业,2020,建筑装饰,202010,建筑与工程,20201050,建筑设计及服务
600721,百花医药,35,医药卫生,3520,医药,352040,制药与生物科技服务,35204010,制药与生物科技服务
600722,金牛化工,15,原材料,1510,化工,151030,化学原料,15103050,其他化学原料
600724,宁波富达,15,原材料,1540,非金属材料,154010,建筑材料,15401010,水泥与混凝土
600725,云维股份,20,工业,2060,商业服务与用品,206010,商业服务与用品,20601040,贸易商
600726,华电能源,10,能源,1010,能源,101030,煤炭,10103010,煤炭
600727,鲁北化工,15,原材料,1510,化工,151030,化学原料,15103040,钛白粉
600728,佳都科技,45,信息技术,4510,计算机,451020,信息技术服务,45102010,系统集成服务
600729,重庆百货,25,可选消费,2550,零售业,255010,一般零售,25501020,超市与便利店
600730,中国高科,25,可选消费,2540,消费者服务,254020,教育服务,25402020,培训教育及其他
600731,湖南海利,15,原材料,1510,化工,151010,农用化工,15101040,农药
600732,爱旭股份,20,工业,2030,电力设备,203010,发电设备,20301010,光伏设备
600733,北汽蓝谷,25,可选消费,2510,乘用车及零部件,251020,乘用车,25102010,乘用车
600734,实达集团,45,信息技术,4510,计算机,451020,信息技术服务,45102030,其他IT与互联网服务
600735,ST新华锦,30,主要消费,3030,家庭与个人用品,303020,美容护理,30302010,美容护理
600736,苏州高新,60,房地产,6010,房地产,601010,房地产开发与园区,60101010,房地产开发
600737,中粮糖业,30,主要消费,3010,食品、饮料与烟草,301030,食品,30103020,调味品与食用油
600738,丽尚国潮,20,工业,2060,商业服务与用品,206010,商业服务与用品,20601020,市场服务
600739,辽宁成大,35,医药卫生,3520,医药,352010,生物药品,35201020,疫苗
600740,山西焦化,10,能源,1010,能源,101030,煤炭,10103020,焦炭
600741,华域汽车,25,可选消费,2510,乘用车及零部件,251010,汽车零部件与轮胎,25101020,汽车内饰与外饰
600742,富维股份,25,可选消费,2510,乘用车及零部件,251010,汽车零部件与轮胎,25101020,汽车内饰与外饰
600743,华远控股,25,可选消费,2540,消费者服务,254010,休闲服务,25401030,酒店
600744,华银电力,55,公用事业,5510,公用事业,551010,电力及电网,55101010,火电
600745,闻泰科技,45,信息技术,4520,电子,452010,电子终端及组件,45201020,消费电子终端
600746,江苏索普,15,原材料,1510,化工,151030,化学原料,15103050,其他化学原料
600748,上实发展,60,房地产,6010,房地产,601010,房地产开发与园区,60101010,房地产开发
600749,西藏旅游,25,可选消费,2540,消费者服务,254010,休闲服务,25401010,景点
600750,华润江中,35,医药卫生,3520,医药,352030,中药,35203020,中成药
600751,海航科技,20,工业,2070,交通运输,207010,运输业,20701040,航运
600753,*ST海钦,20,工业,2060,商业服务与用品,206010,商业服务与用品,20601040,贸易商
600754,锦江酒店,25,可选消费,2540,消费者服务,254010,休闲服务,25401030,酒店
600755,厦门国贸,20,工业,2070,交通运输,207010,运输业,20701020,物流综合
600756,浪潮软件,45,信息技术,4510,计算机,451010,软件开发,45101020,行业应用软件
600757,长江传媒,50,通信服务,5030,传媒,503020,文化娱乐,50302030,出版
600758,辽宁能源,10,能源,1010,能源,101030,煤炭,10103020,焦炭
600759,洲际油气,10,能源,1010,能源,101020,石油与天然气,10102020,燃油炼制
600760,中航沈飞,20,工业,2010,航空航天与国防,201010,航空航天,20101010,航空
600761,安徽合力,20,工业,2040,机械制造,204020,专用机械,20402010,工程机械
600763,通策医疗,35,医药卫生,3510,医疗,351020,医疗商业与服务,35102010,医疗服务
600764,中国海防,20,工业,2010,航空航天与国防,201020,国防装备,20102010,国防装备
600765,中航重机,20,工业,2010,航空航天与国防,201010,航空航天,20101010,航空
600768,宁波富邦,20,工业,2030,电力设备,203020,电网设备,20302030,配电设备
600769,祥龙电业,55,公用事业,5510,公用事业,551030,水务,55103010,水务
600770,综艺股份,55,公用事业,5510,公用事业,551010,电力及电网,55101050,光伏发电
600771,广誉远,35,医药卫生,3520,医药,352030,中药,35203020,中成药
600773,西藏城投,60,房地产,6010,房地产,601010,房地产开发与园区,60101010,房地产开发
600774,汉商集团,35,医药卫生,3520,医药,352020,化学药,35202020,药品制剂
600775,南京熊猫,45,信息技术,4520,电子,452010,电子终端及组件,45201030,消费电子组件及零部件
600776,东方通信,50,通信服务,5020,通信设备及技术服务,502010,通信设备,50201020,通信系统设备及组件
600777,*ST新潮,10,能源,1010,能源,101020,石油与天然气,10102020,燃油炼制
600778,友好集团,25,可选消费,2550,零售业,255010,一般零售,25501020,超市与便利店
600779,水井坊,30,主要消费,3010,食品、饮料与烟草,301010,酒,30101010,白酒
600780,通宝能源,55,公用事业,5510,公用事业,551010,电力及电网,55101010,火电
600782,新钢股份,15,原材料,1530,钢铁,153010,钢铁,15301010,普钢
600783,鲁信创投,20,工业,2040,机械制造,204010,通用机械,20401060,磨具磨料
600784,鲁银投资,30,主要消费,3010,食品、饮料与烟草,301030,食品,30103020,调味品与食用油
600785,新华百货,25,可选消费,2550,零售业,255010,一般零售,25501020,超市与便利店
600787,中储股份,20,工业,2070,交通运输,207010,运输业,20701020,物流综合
600789,鲁抗医药,35,医药卫生,3520,医药,352020,化学药,35202020,药品制剂
600790,轻纺城,20,工业,2060,商业服务与用品,206010,商业服务与用品,20601020,市场服务
600791,京能置业,60,房地产,6010,房地产,601010,房地产开发与园区,60101010,房地产开发
600792,云煤能源,10,能源,1010,能源,101030,煤炭,10103020,焦炭
600793,宜宾纸业,15,原材料,1550,造纸与包装,155010,容器与包装,15501020,纸材料包装
600794,保税科技,20,工业,2070,交通运输,207010,运输业,20701020,物流综合
600795,国电电力,55,公用事业,5510,公用事业,551010,电力及电网,55101010,火电
600796,钱江生化,20,工业,2050,环保,205010,污染治理,20501020,污水处理
600797,浙大网新,45,信息技术,4510,计算机,451020,信息技术服务,45102010,系统集成服务
600798,宁波海运,20,工业,2070,交通运输,207010,运输业,20701040,航运
600800,渤海化学,15,原材料,1510,化工,151030,化学原料,15103050,其他化学原料
600801,华新建材,15,原材料,1540,非金属材料,154010,建筑材料,15401010,水泥与混凝土
600802,福建水泥,15,原材料,1540,非金属材料,154010,建筑材料,15401010,水泥与混凝土
600803,新奥股份,55,公用事业,5510,公用事业,551020,燃气,55102010,燃气
600805,悦达投资,20,工业,2040,机械制造,204040,工业集团企业,20404010,工业集团企业
600807,济高发展,35,医药卫生,3510,医疗,351010,医疗器械,35101030,体外诊断
600808,马钢股份,15,原材料,1530,钢铁,153010,钢铁,15301010,普钢
600809,山西汾酒,30,主要消费,3010,食品、饮料与烟草,301010,酒,30101010,白酒
600810,神马股份,15,原材料,1510,化工,151020,化学纤维,15102010,锦纶与涤纶
600812,华北制药,35,医药卫生,3520,医药,352020,化学药,35202020,药品制剂
600814,杭州解百,25,可选消费,2550,零售业,255010,一般零售,25501010,百货商店
600815,厦工股份,20,工业,2040,机械制造,204020,专用机械,20402010,工程机械
600816,建元信托,40,金融,4030,资本市场,403020,其他资本市场,40302010,资产管理
600817,宇通重工,20,工业,2050,环保,205010,污染治理,20501010,固废处理
600818,中路股份,25,可选消费,2520,耐用消费品,252030,休闲设备与用品,25203010,休闲设备与用品
600819,耀皮玻璃,15,原材料,1540,非金属材料,154010,建筑材料,15401020,玻璃
600820,隧道股份,20,工业,2020,建筑装饰,202010,建筑与工程,20201020,基础设施建设
600821,金开新能,55,公用事业,5510,公用事业,551010,电力及电网,55101050,光伏发电
600822,上海物贸,25,可选消费,2510,乘用车及零部件,251040,汽车经销商与汽车服务,25104010,汽车经销商
600824,益民集团,25,可选消费,2550,零售业,255020,专营零售,25502010,专营零售
600825,新华传媒,50,通信服务,5030,传媒,503020,文化娱乐,50302030,出版
600826,兰生股份,20,工业,2060,商业服务与用品,206010,商业服务与用品,20601050,其他商业服务与用品
600827,百联股份,25,可选消费,2550,零售业,255010,一般零售,25501020,超市与便利店
600828,茂业商业,25,可选消费,2550,零售业,255010,一般零售,25501010,百货商店
600829,人民同泰,35,医药卫生,3510,医疗,351020,医疗商业与服务,35102020,医药商业
600830,香溢融通,40,金融,4020,其他金融,402010,其他金融服务,40201020,特殊金融服务
600831,广电网络,50,通信服务,5030,传媒,503020,文化娱乐,50302040,广播与电视
600833,第一医药,35,医药卫生,3510,医疗,351020,医疗商业与服务,35102020,医药商业
600834,申通地铁,20,工业,2070,交通运输,207010,运输业,20701070,公共交通
600835,上海机电,20,工业,2040,机械制造,204020,专用机械,20402070,楼宇设备
600838,上海九百,60,房地产,6010,房地产,601020,房地产管理与服务,60102020,房地产服务
600839,四川长虹,25,可选消费,2520,耐用消费品,252010,家用电器,25201020,黑色家电
600841,动力新科,20,工业,2040,机械制造,204030,交通运输设备,20403030,商用车
600843,上工申贝,20,工业,2040,机械制造,204020,专用机械,20402050,纺织服装机械
600844,金煤科技,15,原材料,1510,化工,151030,化学原料,15103050,其他化学原料
600845,宝信软件,45,信息技术,4510,计算机,451010,软件开发,45101020,行业应用软件
600846,同济科技,20,工业,2020,建筑装饰,202010,建筑与工程,20201010,房屋建设
600847,万里股份,20,工业,2030,电力设备,203030,储能设备,20303010,电池
600848,上海临港,60,房地产,6010,房地产,601010,房地产开发与园区,60101020,园区
600850,电科数字,45,信息技术,4510,计算机,451020,信息技术服务,45102010,系统集成服务
600851,海欣股份,35,医药卫生,3520,医药,352020,化学药,35202020,药品制剂
600853,龙建股份,20,工业,2020,建筑装饰,202010,建筑与工程,20201020,基础设施建设
600854,春兰股份,60,房地产,6010,房地产,601010,房地产开发与园区,60101010,房地产开发
600855,航天长峰,20,工业,2010,航空航天与国防,201020,国防装备,20102010,国防装备
600857,宁波中百,25,可选消费,2550,零售业,255010,一般零售,25501010,百货商店
600858,银座股份,25,可选消费,2550,零售业,255010,一般零售,25501010,百货商店
600859,王府井,25,可选消费,2550,零售业,255010,一般零售,25501010,百货商店
600860,京城股份,20,工业,2040,机械制造,204020,专用机械,20402080,其他专用机械
600861,北京人力,20,工业,2060,商业服务与用品,206010,商业服务与用品,20601050,其他商业服务与用品
600862,中航高科,20,工业,2010,航空航天与国防,201010,航空航天,20101010,航空
600863,华能蒙电,55,公用事业,5510,公用事业,551010,电力及电网,55101010,火电
600864,哈投股份,55,公用事业,5510,公用事业,551050,供热及其他,55105010,供热及其他
600865,百大集团,25,可选消费,2550,零售业,255010,一般零售,25501010,百货商店
600866,星湖科技,30,主要消费,3020,农牧渔,302020,养殖,30202010,饲料
600867,通化东宝,35,医药卫生,3520,医药,352010,生物药品,35201030,其他生物药品
600868,梅雁吉祥,55,公用事业,5510,公用事业,551010,电力及电网,55101020,水电
600869,远东股份,20,工业,2030,电力设备,203020,电网设备,20302040,线缆及其他
600871,石化油服,10,能源,1010,能源,101010,油气开采与油田服务,10101010,油气开采
600872,中炬高新,30,主要消费,3010,食品、饮料与烟草,301030,食品,30103020,调味品与食用油
600873,梅花生物,30,主要消费,3020,农牧渔,302020,养殖,30202010,饲料
600874,创业环保,20,工业,2050,环保,205010,污染治理,20501020,污水处理
600875,东方电气,20,工业,2030,电力设备,203010,发电设备,20301030,其他发电设备
600876,凯盛新能,20,工业,2030,电力设备,203010,发电设备,20301010,光伏设备
600877,电科芯片,45,信息技术,4530,半导体,453010,集成电路,45301010,集成电路设计
600879,航天电子,20,工业,2010,航空航天与国防,201010,航空航天,20101020,航天
600880,博瑞传播,45,信息技术,4510,计算机,451020,信息技术服务,45102010,系统集成服务
600881,亚泰集团,40,金融,4020,其他金融,402010,其他金融服务,40201010,多领域投资
600882,妙可蓝多,30,主要消费,3010,食品、饮料与烟草,301030,食品,30103030,乳制品
600883,博闻科技,30,主要消费,3020,农牧渔,302010,种植,30201010,农产品
600884,杉杉股份,45,信息技术,4520,电子,452030,光学光电子,45203010,面板
600885,宏发股份,20,工业,2030,电力设备,203020,电网设备,20302010,电网自动化
600886,国投电力,55,公用事业,5510,公用事业,551010,电力及电网,55101020,水电
600887,伊利股份,30,主要消费,3010,食品、饮料与烟草,301030,食品,30103030,乳制品
600888,新疆众和,15,原材料,1520,有色金属,152010,工业金属,15201020,铝
600889,南京化纤,20,工业,2040,机械制造,204010,通用机械,20401020,动力机械
600892,*ST大晟,50,通信服务,5030,传媒,503020,文化娱乐,50302020,游戏
600893,航发动力,20,工业,2010,航空航天与国防,201010,航空航天,20101010,航空
600894,广日股份,20,工业,2040,机械制造,204020,专用机械,20402070,楼宇设备
600895,张江高科,60,房地产,6010,房地产,601010,房地产开发与园区,60101020,园区
600897,厦门空港,20,工业,2070,交通运输,207020,交通基本设施,20702010,机场
600900,长江电力,55,公用事业,5510,公用事业,551010,电力及电网,55101020,水电
600901,江苏金租,40,金融,4020,其他金融,402010,其他金融服务,40201020,特殊金融服务
600903,贵州燃气,55,公用事业,5510,公用事业,551020,燃气,55102010,燃气
600905,三峡能源,55,公用事业,5510,公用事业,551010,电力及电网,55101040,风电
600906,财达证券,40,金融,4030,资本市场,403010,证券公司,40301010,证券公司
600908,无锡银行,40,金融,4010,银行,401010,商业银行,40101020,区域性银行
600909,华安证券,40,金融,4030,资本市场,403010,证券公司,40301010,证券公司
600916,中国黄金,25,可选消费,2530,纺织服装与珠宝,253020,珠宝与奢侈品,25302010,珠宝与奢侈品
600917,重庆燃气,55,公用事业,5510,公用事业,551020,燃气,55102010,燃气
600918,中泰证券,40,金融,4030,资本市场,403010,证券公司,40301010,证券公司
600919,江苏银行,40,金融,4010,银行,401010,商业银行,40101020,区域性银行
600925,苏能股份,10,能源,1010,能源,101030,煤炭,10103010,煤炭
600926,杭州银行,40,金融,4010,银行,401010,商业银行,40101020,区域性银行
600927,永安期货,40,金融,4030,资本市场,403020,其他资本市场,40302030,其他资本市场
600928,西安银行,40,金融,4010,银行,401010,商业银行,40101020,区域性银行
600929,雪天盐业,15,原材料,1510,化工,151030,化学原料,15103030,无机盐
600930,华电新能,55,公用事业,5510,公用事业,551010,电力及电网,55101040,风电
600933,爱柯迪,25,可选消费,2510,乘用车及零部件,251010,汽车零部件与轮胎,25101050,其他汽车零部件
600935,华塑股份,15,原材料,1510,化工,151030,化学原料,15103020,氯碱
600936,北投科技,45,信息技术,4510,计算机,451020,信息技术服务,45102010,系统集成服务
600938,中国海油,10,能源,1010,能源,101020,石油与天然气,10102020,燃油炼制
600939,重庆建工,20,工业,2020,建筑装饰,202010,建筑与工程,20201010,房屋建设
600941,中国移动,50,通信服务,5010,电信服务,501010,电信运营服务,50101010,电信运营服务
600955,维远股份,15,原材料,1510,化工,151030,化学原料,15103050,其他化学原料
600956,新天绿能,55,公用事业,5510,公用事业,551020,燃气,55102010,燃气
600958,东方证券,40,金融,4030,资本市场,403010,证券公司,40301010,证券公司
600959,江苏有线,50,通信服务,5030,传媒,503020,文化娱乐,50302040,广播与电视
600960,渤海汽车,25,可选消费,2510,乘用车及零部件,251010,汽车零部件与轮胎,25101010,汽车系统部件
600961,株冶集团,15,原材料,1520,有色金属,152010,工业金属,15201030,铅锌
600962,国投中鲁,30,主要消费,3010,食品、饮料与烟草,301020,软饮料,30102010,软饮料
600963,岳阳林纸,15,原材料,1550,造纸与包装,155020,纸类与林业产品,15502020,纸制品
600965,福成股份,30,主要消费,3010,食品、饮料与烟草,301030,食品,30103010,肉制品
600966,博汇纸业,15,原材料,1550,造纸与包装,155020,纸类与林业产品,15502020,纸制品
600967,内蒙一机,20,工业,2010,航空航天与国防,201020,国防装备,20102010,国防装备
600968,海油发展,10,能源,1010,能源,101010,油气开采与油田服务,10101020,油田服务
600969,郴电国际,55,公用事业,5510,公用事业,551010,电力及电网,55101070,电网
600970,中材国际,20,工业,2020,建筑装饰,202010,建筑与工程,20201040,专业工程
600971,恒源煤电,10,能源,1010,能源,101030,煤炭,10103010,煤炭
600973,宝胜股份,20,工业,2030,电力设备,203020,电网设备,20302040,线缆及其他
600975,新五丰,30,主要消费,3020,农牧渔,302020,养殖,30202030,畜牧产品
600976,健民集团,35,医药卫生,3520,医药,352030,中药,35203020,中成药
600977,中国电影,50,通信服务,5030,传媒,503020,文化娱乐,50302010,影视动漫
600979,广安爱众,55,公用事业,5510,公用事业,551010,电力及电网,55101020,水电
600980,北矿科技,20,工业,2040,机械制造,204020,专用机械,20402020,采矿冶金机械
600981,苏豪汇鸿,20,工业,2060,商业服务与用品,206010,商业服务与用品,20601040,贸易商
600982,宁波能源,55,公用事业,5510,公用事业,551050,供热及其他,55105010,供热及其他
600983,惠而浦,25,可选消费,2520,耐用消费品,252010,家用电器,25201010,白色家电
600984,建设机械,20,工业,2060,商业服务与用品,206010,商业服务与用品,20601050,其他商业服务与用品
600985,淮北矿业,10,能源,1010,能源,101030,煤炭,10103020,焦炭
600986,浙文互联,50,通信服务,5030,传媒,503010,营销与广告,50301010,数字营销
600987,航民股份,25,可选消费,2530,纺织服装与珠宝,253010,纺织服装,25301010,纺织品
600988,赤峰黄金,15,原材料,1520,有色金属,152020,贵金属,15202010,黄金
600989,宝丰能源,15,原材料,1510,化工,151030,化学原料,15103050,其他化学原料
600990,四创电子,20,工业,2010,航空航天与国防,201020,国防装备,20102010,国防装备
600992,贵绳股份,15,原材料,1530,钢铁,153010,钢铁,15301030,其他钢铁
600993,马应龙,35,医药卫生,3520,医药,352030,中药,35203020,中成药
600995,南网储能,55,公用事业,5510,公用事业,551010,电力及电网,55101020,水电
600996,贵广网络,50,通信服务,5030,传媒,503020,文化娱乐,50302040,广播与电视
600997,开滦股份,10,能源,1010,能源,101030,煤炭,10103020,焦炭
600998,九州通,35,医药卫生,3510,医疗,351020,医疗商业与服务,35102020,医药商业
600999,招商证券,40,金融,4030,资本市场,403010,证券公司,40301010,证券公司
601000,唐山港,20,工业,2070,交通运输,207020,交通基本设施,20702020,港口
601001,晋控煤业,10,能源,1010,能源,101030,煤炭,10103010,煤炭
601002,晋亿实业,20,工业,2040,机械制造,204010,通用机械,20401070,其他通用机械
601003,柳钢股份,15,原材料,1530,钢铁,153010,钢铁,15301010,普钢
601005,重庆钢铁,15,原材料,1530,钢铁,153010,钢铁,15301010,普钢
601006,大秦铁路,20,工业,2070,交通运输,207010,运输业,20701050,铁路运输
601007,金陵饭店,25,可选消费,2540,消费者服务,254010,休闲服务,25401030,酒店
601008,连云港,20,工业,2070,交通运输,207020,交通基本设施,20702020,港口
601009,南京银行,40,金融,4010,银行,401010,商业银行,40101020,区域性银行
601010,文峰股份,25,可选消费,2550,零售业,255010,一般零售,25501010,百货商店
601011,宝泰隆,10,能源,1010,能源,101030,煤炭,10103020,焦炭
601012,隆基绿能,20,工业,2030,电力设备,203010,发电设备,20301010,光伏设备
601015,陕西黑猫,10,能源,1010,能源,101030,煤炭,10103020,焦炭
601016,节能风电,55,公用事业,5510,公用事业,551010,电力及电网,55101040,风电
601018,宁波港,20,工业,2070,交通运输,207020,交通基本设施,20702020,港口
601019,山东出版,50,通信服务,5030,传媒,503020,文化娱乐,50302030,出版
601020,华钰矿业,15,原材料,1520,有色金属,152010,工业金属,15201030,铅锌
601021,春秋航空,20,工业,2070,交通运输,207010,运输业,20701030,航空运输
601022,宁波远洋,20,工业,2070,交通运输,207010,运输业,20701040,航运
601026,道生天合,15,原材料,1510,化工,151050,塑料,15105020,合成树脂
601033,永兴股份,20,工业,2050,环保,205010,污染治理,20501010,固废处理
601038,一拖股份,20,工业,2040,机械制造,204020,专用机械,20402060,农业机械
601058,赛轮轮胎,25,可选消费,2510,乘用车及零部件,251010,汽车零部件与轮胎,25101040,轮胎
601059,信达证券,40,金融,4030,资本市场,403010,证券公司,40301010,证券公司
601061,中信金属,20,工业,2060,商业服务与用品,206010,商业服务与用品,20601040,贸易商
601065,江盐集团,15,原材料,1510,化工,151030,化学原料,15103010,纯碱
601066,中信建投,40,金融,4030,资本市场,403010,证券公司,40301010,证券公司
601068,中铝国际,20,工业,2020,建筑装饰,202010,建筑与工程,20201040,专业工程
601069,西部黄金,15,原材料,1520,有色金属,152020,贵金属,15202010,黄金
601077,渝农商行,40,金融,4010,银行,401010,商业银行,40101020,区域性银行
601083,锦江航运,20,工业,2070,交通运输,207010,运输业,20701040,航运
601086,国芳集团,25,可选消费,2550,零售业,255010,一般零售,25501010,百货商店
601088,中国神华,10,能源,1010,能源,101030,煤炭,10103010,煤炭
601089,福元医药,35,医药卫生,3520,医药,352020,化学药,35202020,药品制剂
601096,宏盛华源,20,工业,2030,电力设备,203020,电网设备,20302040,线缆及其他
601098,中南传媒,50,通信服务,5030,传媒,503020,文化娱乐,50302030,出版
601099,太平洋,40,金融,4030,资本市场,403010,证券公司,40301010,证券公司
601100,恒立液压,20,工业,2040,机械制造,204010,通用机械,20401030,气液机械
601101,昊华能源,10,能源,1010,能源,101030,煤炭,10103010,煤炭
601106,中国一重,20,工业,2040,机械制造,204020,专用机械,20402020,采矿冶金机械
601107,四川成渝,20,工业,2070,交通运输,207020,交通基本设施,20702040,高速公路
601108,财通证券,40,金融,4030,资本市场,403010,证券公司,40301010,证券公司
601111,中国国航,20,工业,2070,交通运输,207010,运输业,20701030,航空运输
601112,振石股份,15,原材料,1540,非金属材料,154020,其他非金属材料,15402010,玻璃纤维
601113,华鼎股份,15,原材料,1510,化工,151020,化学纤维,15102010,锦纶与涤纶
601116,三江购物,25,可选消费,2550,零售业,255010,一般零售,25501020,超市与便利店
601117,中国化学,20,工业,2020,建筑装饰,202010,建筑与工程,20201040,专业工程
601118,海南橡胶,30,主要消费,3020,农牧渔,302010,种植,30201010,农产品
601121,宝地矿业,15,原材料,1530,钢铁,153010,钢铁,15301030,其他钢铁
601126,四方股份,20,工业,2030,电力设备,203020,电网设备,20302010,电网自动化
601127,赛力斯,25,可选消费,2510,乘用车及零部件,251020,乘用车,25102010,乘用车
601128,常熟银行,40,金融,4010,银行,401010,商业银行,40101020,区域性银行
601133,柏诚股份,20,工业,2020,建筑装饰,202020,建筑装修,20202010,建筑装修
601136,首创证券,40,金融,4030,资本市场,403010,证券公司,40301010,证券公司
601137,博威合金,15,原材料,1520,有色金属,152010,工业金属,15201010,铜
601138,工业富联,45,信息技术,4520,电子,452010,电子终端及组件,45201030,消费电子组件及零部件
601139,深圳燃气,55,公用事业,5510,公用事业,551020,燃气,55102010,燃气
601155,新城控股,60,房地产,6010,房地产,601010,房地产开发与园区,60101010,房地产开发
601156,东航物流,20,工业,2070,交通运输,207010,运输业,20701030,航空运输
601158,重庆水务,55,公用事业,5510,公用事业,551030,水务,55103010,水务
601162,天风证券,40,金融,4030,资本市场,403010,证券公司,40301010,证券公司
601163,三角轮胎,25,可选消费,2510,乘用车及零部件,251010,汽车零部件与轮胎,25101040,轮胎
601166,兴业银行,40,金融,4010,银行,401010,商业银行,40101010,综合性银行
601168,西部矿业,15,原材料,1520,有色金属,152010,工业金属,15201010,铜
601169,北京银行,40,金融,4010,银行,401010,商业银行,40101020,区域性银行
601177,杭齿前进,20,工业,2040,机械制造,204030,交通运输设备,20403020,船舶及其他航运设备
601179,中国西电,20,工业,2030,电力设备,203020,电网设备,20302020,输变电设备
601186,中国铁建,20,工业,2020,建筑装饰,202010,建筑与工程,20201020,基础设施建设
601187,厦门银行,40,金融,4010,银行,401010,商业银行,40101020,区域性银行
601188,龙江交通,20,工业,2070,交通运输,207020,交通基本设施,20702040,高速公路
601198,东兴证券,40,金融,4030,资本市场,403010,证券公司,40301010,证券公司
601199,江南水务,55,公用事业,5510,公用事业,551030,水务,55103010,水务
601200,上海环境,20,工业,2050,环保,205010,污染治理,20501010,固废处理
601208,东材科技,15,原材料,1510,化工,151050,塑料,15105030,膜材料
601211,国泰海通,40,金融,4030,资本市场,403010,证券公司,40301010,证券公司
601212,白银有色,15,原材料,1520,有色金属,152010,工业金属,15201010,铜
601216,君正集团,15,原材料,1510,化工,151030,化学原料,15103020,氯碱
601218,吉鑫科技,20,工业,2030,电力设备,203010,发电设备,20301020,风电设备
601222,林洋能源,55,公用事业,5510,公用事业,551010,电力及电网,55101050,光伏发电
601225,陕西煤业,10,能源,1010,能源,101030,煤炭,10103010,煤炭
601226,华电科工,20,工业,2020,建筑装饰,202010,建筑与工程,20201040,专业工程
601228,广州港,20,工业,2070,交通运输,207020,交通基本设施,20702020,港口
601229,上海银行,40,金融,4010,银行,401010,商业银行,40101020,区域性银行
601231,环旭电子,45,信息技术,4520,电子,452010,电子终端及组件,45201030,消费电子组件及零部件
601233,桐昆股份,15,原材料,1510,化工,151020,化学纤维,15102010,锦纶与涤纶
601236,红塔证券,40,金融,4030,资本市场,403010,证券公司,40301010,证券公司
601238,广汽集团,25,可选消费,2510,乘用车及零部件,251020,乘用车,25102010,乘用车
601279,英利汽车,25,可选消费,2510,乘用车及零部件,251010,汽车零部件与轮胎,25101050,其他汽车零部件
601288,农业银行,40,金融,4010,银行,401010,商业银行,40101010,综合性银行
601298,青岛港,20,工业,2070,交通运输,207020,交通基本设施,20702020,港口
601311,骆驼股份,20,工业,2030,电力设备,203030,储能设备,20303010,电池
601318,中国平安,40,金融,4040,保险,404010,保险,40401020,多元化保险
601319,中国人保,40,金融,4040,保险,404010,保险,40401030,财产与意外伤害保险
601326,秦港股份,20,工业,2070,交通运输,207020,交通基本设施,20702020,港口
601328,交通银行,40,金融,4010,银行,401010,商业银行,40101010,综合性银行
601330,绿色动力,20,工业,2050,环保,205010,污染治理,20501010,固废处理
601333,广深铁路,20,工业,2070,交通运输,207010,运输业,20701050,铁路运输
601336,新华保险,40,金融,4040,保险,404010,保险,40401010,人寿与健康保险
601339,百隆东方,25,可选消费,2530,纺织服装与珠宝,253010,纺织服装,25301010,纺织品
601360,三六零,45,信息技术,4510,计算机,451010,软件开发,45101010,通用软件
601366,利群股份,25,可选消费,2550,零售业,255010,一般零售,25501020,超市与便利店
601368,绿城水务,55,公用事业,5510,公用事业,551030,水务,55103010,水务
601369,陕鼓动力,20,工业,2040,机械制造,204010,通用机械,20401030,气液机械
601375,中原证券,40,金融,4030,资本市场,403010,证券公司,40301010,证券公司
601377,兴业证券,40,金融,4030,资本市场,403010,证券公司,40301010,证券公司
601388,怡球资源,20,工业,2050,环保,205020,节能与生态修复,20502010,节能与资源回收
601390,中国中铁,20,工业,2020,建筑装饰,202010,建筑与工程,20201020,基础设施建设
601398,工商银行,40,金融,4010,银行,401010,商业银行,40101010,综合性银行
601399,国机重装,20,工业,2040,机械制造,204020,专用机械,20402020,采矿冶金机械
601456,国联民生,40,金融,4030,资本市场,403010,证券公司,40301010,证券公司
601500,通用股份,25,可选消费,2510,乘用车及零部件,251010,汽车零部件与轮胎,25101040,轮胎
601512,中新集团,60,房地产,6010,房地产,601010,房地产开发与园区,60101020,园区
601515,衢州东峰,35,医药卫生,3510,医疗,351010,医疗器械,35101020,医疗耗材
601518,吉林高速,20,工业,2070,交通运输,207020,交通基本设施,20702040,高速公路
601519,大智慧,45,信息技术,4510,计算机,451010,软件开发,45101020,行业应用软件
601528,瑞丰银行,40,金融,4010,银行,401010,商业银行,40101020,区域性银行
601555,东吴证券,40,金融,4030,资本市场,403010,证券公司,40301010,证券公司
601566,九牧王,25,可选消费,2530,纺织服装与珠宝,253010,纺织服装,25301020,服装
601567,三星医疗,20,工业,2030,电力设备,203020,电网设备,20302010,电网自动化
601568,北元集团,15,原材料,1510,化工,151030,化学原料,15103020,氯碱
601577,长沙银行,40,金融,4010,银行,401010,商业银行,40101020,区域性银行
601579,会稽山,30,主要消费,3010,食品、饮料与烟草,301010,酒,30101030,黄酒
601588,北辰实业,60,房地产,6010,房地产,601010,房地产开发与园区,60101010,房地产开发
601595,上海电影,50,通信服务,5030,传媒,503020,文化娱乐,50302010,影视动漫
601598,中国外运,20,工业,2070,交通运输,207010,运输业,20701020,物流综合
601599,浙文影业,25,可选消费,2530,纺织服装与珠宝,253010,纺织服装,25301010,纺织品
601600,中国铝业,15,原材料,1520,有色金属,152010,工业金属,15201020,铝
601601,中国太保,40,金融,4040,保险,404010,保险,40401020,多元化保险
601606,长城军工,20,工业,2010,航空航天与国防,201020,国防装备,20102010,国防装备
601607,上海医药,35,医药卫生,3510,医疗,351020,医疗商业与服务,35102020,医药商业
601608,中信重工,20,工业,2040,机械制造,204020,专用机械,20402020,采矿冶金机械
601609,金田股份,15,原材料,1520,有色金属,152010,工业金属,15201010,铜
601611,中国核建,20,工业,2020,建筑装饰,202010,建筑与工程,20201020,基础设施建设
601615,明阳智能,20,工业,2030,电力设备,203010,发电设备,20301020,风电设备
601616,广电电气,20,工业,2030,电力设备,203020,电网设备,20302030,配电设备
601618,中国中冶,20,工业,2020,建筑装饰,202010,建筑与工程,20201010,房屋建设
601619,嘉泽新能,55,公用事业,5510,公用事业,551010,电力及电网,55101040,风电
601628,中国人寿,40,金融,4040,保险,404010,保险,40401010,人寿与健康保险
601633,长城汽车,25,可选消费,2510,乘用车及零部件,251020,乘用车,25102010,乘用车
601636,旗滨集团,15,原材料,1540,非金属材料,154010,建筑材料,15401020,玻璃
601658,邮储银行,40,金融,4010,银行,401010,商业银行,40101010,综合性银行
601665,齐鲁银行,40,金融,4010,银行,401010,商业银行,40101020,区域性银行
601666,平煤股份,10,能源,1010,能源,101030,煤炭,10103020,焦炭
601668,中国建筑,20,工业,2020,建筑装饰,202010,建筑与工程,20201010,房屋建设
601669,中国电建,20,工业,2020,建筑装饰,202010,建筑与工程,20201020,基础设施建设
601677,明泰铝业,15,原材料,1520,有色金属,152010,工业金属,15201020,铝
601678,滨化股份,15,原材料,1510,化工,151030,化学原料,15103020,氯碱
601686,友发集团,15,原材料,1530,钢铁,153010,钢铁,15301020,特钢
601688,华泰证券,40,金融,4030,资本市场,403010,证券公司,40301010,证券公司
601689,拓普集团,25,可选消费,2510,乘用车及零部件,251010,汽车零部件与轮胎,25101010,汽车系统部件
601696,中银证券,40,金融,4030,资本市场,403010,证券公司,40301010,证券公司
601698,中国卫通,50,通信服务,5010,电信服务,501010,电信运营服务,50101010,电信运营服务
601699,潞安环能,10,能源,1010,能源,101030,煤炭,10103010,煤炭
601700,风范股份,20,工业,2030,电力设备,203020,电网设备,20302040,线缆及其他
601702,华峰铝业,15,原材料,1520,有色金属,152010,工业金属,15201020,铝
601717,中创智领,20,工业,2040,机械制造,204020,专用机械,20402020,采矿冶金机械
601718,际华集团,25,可选消费,2530,纺织服装与珠宝,253010,纺织服装,25301020,服装
601727,上海电气,20,工业,2030,电力设备,203010,发电设备,20301030,其他发电设备
601728,中国电信,50,通信服务,5010,电信服务,501010,电信运营服务,50101010,电信运营服务
601766,中国中车,20,工业,2040,机械制造,204030,交通运输设备,20403010,城轨铁路
601777,千里科技,25,可选消费,2510,乘用车及零部件,251030,摩托车及其他,25103010,摩托车及其他
601778,晶科科技,55,公用事业,5510,公用事业,551010,电力及电网,55101050,光伏发电
601788,光大证券,40,金融,4030,资本市场,403010,证券公司,40301010,证券公司
601789,宁波建工,20,工业,2020,建筑装饰,202010,建筑与工程,20201010,房屋建设
601798,蓝科高新,20,工业,2040,机械制造,204020,专用机械,20402080,其他专用机械
601799,星宇股份,25,可选消费,2510,乘用车及零部件,251010,汽车零部件与轮胎,25101020,汽车内饰与外饰
601800,中国交建,20,工业,2020,建筑装饰,202010,建筑与工程,20201020,基础设施建设
601801,皖新传媒,50,通信服务,5030,传媒,503020,文化娱乐,50302030,出版
601808,中海油服,10,能源,1010,能源,101010,油气开采与油田服务,10101020,油田服务
601811,新华文轩,50,通信服务,5030,传媒,503020,文化娱乐,50302030,出版
601816,京沪高铁,20,工业,2070,交通运输,207010,运输业,20701050,铁路运输
601818,光大银行,40,金融,4010,银行,401010,商业银行,40101010,综合性银行
601825,沪农商行,40,金融,4010,银行,401010,商业银行,40101020,区域性银行
601827,三峰环境,20,工业,2050,环保,205010,污染治理,20501010,固废处理
601828,美凯龙,20,工业,2060,商业服务与用品,206010,商业服务与用品,20601020,市场服务
601838,成都银行,40,金融,4010,银行,401010,商业银行,40101020,区域性银行
601857,中国石油,10,能源,1010,能源,101020,石油与天然气,10102010,综合性石油与天然气企业
601858,中国科传,50,通信服务,5030,传媒,503020,文化娱乐,50302030,出版
601860,紫金银行,40,金融,4010,银行,401010,商业银行,40101020,区域性银行
601865,福莱特,20,工业,2030,电力设备,203010,发电设备,20301010,光伏设备
601866,中远海发,20,工业,2040,机械制造,204030,交通运输设备,20403020,船舶及其他航运设备
601868,中国能建,20,工业,2020,建筑装饰,202010,建筑与工程,20201020,基础设施建设
601869,长飞光纤,50,通信服务,5020,通信设备及技术服务,502010,通信设备,50201020,通信系统设备及组件
601872,招商轮船,20,工业,2070,交通运输,207010,运输业,20701040,航运
601877,正泰电器,20,工业,2030,电力设备,203020,电网设备,20302030,配电设备
601878,浙商证券,40,金融,4030,资本市场,403010,证券公司,40301010,证券公司
601880,辽港股份,20,工业,2070,交通运输,207020,交通基本设施,20702020,港口
601881,中国银河,40,金融,4030,资本市场,403010,证券公司,40301010,证券公司
601882,海天精工,20,工业,2040,机械制造,204010,通用机械,20401040,电动机与工控自动化
601886,江河集团,20,工业,2020,建筑装饰,202020,建筑装修,20202010,建筑装修
601888,中国中免,25,可选消费,2550,零售业,255030,旅游零售,25503010,旅游零售
601890,亚星锚链,20,工业,2040,机械制造,204030,交通运输设备,20403020,船舶及其他航运设备
601898,中煤能源,10,能源,1010,能源,101030,煤炭,10103010,煤炭
601899,紫金矿业,15,原材料,1520,有色金属,152020,贵金属,15202010,黄金
601900,南方传媒,50,通信服务,5030,传媒,503020,文化娱乐,50302030,出版
601901,方正证券,40,金融,4030,资本市场,403010,证券公司,40301010,证券公司
601908,京运通,20,工业,2030,电力设备,203010,发电设备,20301010,光伏设备
601916,浙商银行,40,金融,4010,银行,401010,商业银行,40101010,综合性银行
601918,新集能源,10,能源,1010,能源,101030,煤炭,10103010,煤炭
601919,中远海控,20,工业,2070,交通运输,207010,运输业,20701040,航运
601921,浙版传媒,50,通信服务,5030,传媒,503020,文化娱乐,50302030,出版
601928,凤凰传媒,50,通信服务,5030,传媒,503020,文化娱乐,50302030,出版
601929,吉视传媒,50,通信服务,5030,传媒,503020,文化娱乐,50302040,广播与电视
601933,永辉超市,25,可选消费,2550,零售业,255010,一般零售,25501020,超市与便利店
601939,建设银行,40,金融,4010,银行,401010,商业银行,40101010,综合性银行
601949,中国出版,50,通信服务,5030,传媒,503020,文化娱乐,50302030,出版
601952,苏垦农发,30,主要消费,3020,农牧渔,302010,种植,30201010,农产品
601956,东贝集团,20,工业,2040,机械制造,204010,通用机械,20401030,气液机械
601958,金钼股份,15,原材料,1520,有色金属,152030,稀有金属,15203020,钨钼
601963,重庆银行,40,金融,4010,银行,401010,商业银行,40101020,区域性银行
601965,中国汽研,20,工业,2060,商业服务与用品,206010,商业服务与用品,20601050,其他商业服务与用品
601966,玲珑轮胎,25,可选消费,2510,乘用车及零部件,251010,汽车零部件与轮胎,25101040,轮胎
601968,宝钢包装,15,原材料,1550,造纸与包装,155010,容器与包装,15501010,金属、玻璃与塑料包装
601969,海南矿业,15,原材料,1530,钢铁,153010,钢铁,15301030,其他钢铁
601975,招商南油,20,工业,2070,交通运输,207010,运输业,20701040,航运
601985,中国核电,55,公用事业,5510,公用事业,551010,电力及电网,55101030,核电
601988,中国银行,40,金融,4010,银行,401010,商业银行,40101010,综合性银行
601990,南京证券,40,金融,4030,资本市场,403010,证券公司,40301010,证券公司
601991,大唐发电,55,公用事业,5510,公用事业,551010,电力及电网,55101010,火电
601992,金隅集团,15,原材料,1540,非金属材料,154010,建筑材料,15401010,水泥与混凝土
601995,中金公司,40,金融,4030,资本市场,403010,证券公司,40301010,证券公司
601996,丰林集团,15,原材料,1550,造纸与包装,155020,纸类与林业产品,15502010,林业产品
601997,贵阳银行,40,金融,4010,银行,401010,商业银行,40101020,区域性银行
601998,中信银行,40,金融,4010,银行,401010,商业银行,40101010,综合性银行
601999,出版传媒,50,通信服务,5030,传媒,503020,文化娱乐,50302030,出版
6030.HK,中信证券,40,金融,4030,资本市场,403010,证券公司,40301010,证券公司
603000,人民网,50,通信服务,5030,传媒,503030,数字媒体,50303030,图文媒体
603001,奥康国际,25,可选消费,2530,纺织服装与珠宝,253010,纺织服装,25301030,鞋帽与配饰
603002,宏昌电子,15,原材料,1510,化工,151050,塑料,15105020,合成树脂
603004,鼎龙科技,15,原材料,1510,化工,151040,化学制品,15104080,其他化学制品
603005,晶方科技,45,信息技术,4530,半导体,453010,集成电路,45301030,集成电路封测
603006,联明股份,25,可选消费,2510,乘用车及零部件,251010,汽车零部件与轮胎,25101050,其他汽车零部件
603007,*ST花王,25,可选消费,2510,乘用车及零部件,251010,汽车零部件与轮胎,25101010,汽车系统部件
603008,喜临门,25,可选消费,2520,耐用消费品,252020,家居,25202010,家具
603009,北特科技,25,可选消费,2510,乘用车及零部件,251010,汽车零部件与轮胎,25101010,汽车系统部件
603010,万盛股份,15,原材料,1510,化工,151040,化学制品,15104080,其他化学制品
603011,合锻智能,20,工业,2040,机械制造,204010,通用机械,20401070,其他通用机械
603012,创力集团,20,工业,2040,机械制造,204020,专用机械,20402020,采矿冶金机械
603013,亚普股份,25,可选消费,2510,乘用车及零部件,251010,汽车零部件与轮胎,25101010,汽车系统部件
603014,威高血净,35,医药卫生,3510,医疗,351010,医疗器械,35101020,医疗耗材
603015,弘讯科技,20,工业,2040,机械制造,204010,通用机械,20401040,电动机与工控自动化
603016,新宏泰,20,工业,2030,电力设备,203020,电网设备,20302030,配电设备
603017,中衡设计,20,工业,2020,建筑装饰,202010,建筑与工程,20201050,建筑设计及服务
603018,华设集团,20,工业,2020,建筑装饰,202010,建筑与工程,20201050,建筑设计及服务
603019,中科曙光,45,信息技术,4520,电子,452010,电子终端及组件,45201010,电脑与外围设备
603020,爱普股份,30,主要消费,3010,食品、饮料与烟草,301030,食品,30103050,其他食品
603021,ST华鹏,15,原材料,1550,造纸与包装,155010,容器与包装,15501010,金属、玻璃与塑料包装
603022,新通联,15,原材料,1550,造纸与包装,155010,容器与包装,15501010,金属、玻璃与塑料包装
603023,威帝股份,25,可选消费,2510,乘用车及零部件,251010,汽车零部件与轮胎,25101030,汽车电子
603025,大豪科技,20,工业,2040,机械制造,204010,通用机械,20401040,电动机与工控自动化
603026,石大胜华,20,工业,2030,电力设备,203030,储能设备,20303020,电池部件及材料
603027,千禾味业,30,主要消费,3010,食品、饮料与烟草,301030,食品,30103020,调味品与食用油
603028,赛福天,20,工业,2030,电力设备,203010,发电设备,20301010,光伏设备
603029,天鹅股份,20,工业,2040,机械制造,204020,专用机械,20402060,农业机械
603030,全筑股份,20,工业,2020,建筑装饰,202020,建筑装修,20202010,建筑装修
603031,安孚科技,20,工业,2030,电力设备,203030,储能设备,20303010,电池
603032,德新科技,20,工业,2040,机械制造,204020,专用机械,20402080,其他专用机械
603033,三维股份,15,原材料,1510,化工,151060,橡胶,15106020,橡胶制品
603035,常熟汽饰,25,可选消费,2510,乘用车及零部件,251010,汽车零部件与轮胎,25101020,汽车内饰与外饰
603036,如通股份,10,能源,1010,能源,101010,油气开采与油田服务,10101010,油气开采
603037,凯众股份,25,可选消费,2510,乘用车及零部件,251010,汽车零部件与轮胎,25101010,汽车系统部件
603038,华立股份,20,工业,2020,建筑装饰,202030,建筑产品,20203010,建筑产品
603039,泛微网络,45,信息技术,4510,计算机,451010,软件开发,45101010,通用软件
603040,新坐标,25,可选消费,2510,乘用车及零部件,251010,汽车零部件与轮胎,25101010,汽车系统部件
603041,美思德,15,原材料,1510,化工,151040,化学制品,15104060,聚氨酯
603042,华脉科技,50,通信服务,5020,通信设备及技术服务,502010,通信设备,50201020,通信系统设备及组件
603043,广州酒家,30,主要消费,3010,食品、饮料与烟草,301030,食品,30103040,休闲食品
603045,福达合金,20,工业,2030,电力设备,203020,电网设备,20302030,配电设备
603048,浙江黎明,25,可选消费,2510,乘用车及零部件,251010,汽车零部件与轮胎,25101010,汽车系统部件
603049,中策橡胶,25,可选消费,2510,乘用车及零部件,251010,汽车零部件与轮胎,25101040,轮胎
603050,科林电气,20,工业,2030,电力设备,203020,电网设备,20302030,配电设备
603051,鹿山新材,15,原材料,1510,化工,151040,化学制品,15104070,胶黏剂及胶带
603052,可川科技,45,信息技术,4520,电子,452010,电子终端及组件,45201030,消费电子组件及零部件
603053,成都燃气,55,公用事业,5510,公用事业,551020,燃气,55102010,燃气
603055,台华新材,15,原材料,1510,化工,151020,化学纤维,15102010,锦纶与涤纶
603057,紫燕食品,30,主要消费,3010,食品、饮料与烟草,301030,食品,30103040,休闲食品
603058,永吉股份,15,原材料,1550,造纸与包装,155010,容器与包装,15501020,纸材料包装
603059,倍加洁,30,主要消费,3030,家庭与个人用品,303010,家庭用品,30301010,家庭用品
603060,国检集团,20,工业,2020,建筑装饰,202010,建筑与工程,20201050,建筑设计及服务
603061,金海通,45,信息技术,4530,半导体,453030,半导体材料与设备,45303020,半导体设备
603062,麦加芯彩,15,原材料,1510,化工,151040,化学制品,15104020,涂料油墨
603063,禾望电气,20,工业,2030,电力设备,203010,发电设备,20301020,风电设备
603065,宿迁联盛,15,原材料,1510,化工,151040,化学制品,15104080,其他化学制品
603066,音飞储存,20,工业,2040,机械制造,204020,专用机械,20402080,其他专用机械
603067,振华股份,15,原材料,1510,化工,151030,化学原料,15103030,无机盐
603068,博通集成,45,信息技术,4530,半导体,453010,集成电路,45301010,集成电路设计
603069,海汽集团,20,工业,2070,交通运输,207010,运输业,20701060,公路运输
603070,万控智造,20,工业,2030,电力设备,203020,电网设备,20302030,配电设备
603071,物产环能,20,工业,2060,商业服务与用品,206010,商业服务与用品,20601040,贸易商
603072,天和磁材,15,原材料,1520,有色金属,152030,稀有金属,15203010,稀土金属
603073,彩蝶实业,25,可选消费,2530,纺织服装与珠宝,253010,纺织服装,25301010,纺织品
603075,热威股份,25,可选消费,2520,耐用消费品,252010,家用电器,25201060,家电零部件及其他
603076,乐惠国际,20,工业,2040,机械制造,204020,专用机械,20402080,其他专用机械
603077,和邦生物,15,原材料,1510,化工,151010,农用化工,15101040,农药
603078,江化微,45,信息技术,4530,半导体,453030,半导体材料与设备,45303010,半导体材料
603079,圣达生物,30,主要消费,3010,食品、饮料与烟草,301030,食品,30103050,其他食品
603080,新疆火炬,55,公用事业,5510,公用事业,551020,燃气,55102010,燃气
603081,大丰实业,20,工业,2040,机械制造,204020,专用机械,20402080,其他专用机械
603082,北自科技,20,工业,2040,机械制造,204020,专用机械,20402080,其他专用机械
603083,剑桥科技,50,通信服务,5020,通信设备及技术服务,502010,通信设备,50201020,通信系统设备及组件
603085,天成自控,25,可选消费,2510,乘用车及零部件,251010,汽车零部件与轮胎,25101020,汽车内饰与外饰
603086,先达股份,15,原材料,1510,化工,151010,农用化工,15101040,农药
603087,甘李药业,35,医药卫生,3520,医药,352010,生物药品,35201030,其他生物药品
603088,宁波精达,20,工业,2040,机械制造,204010,通用机械,20401010,加工机械
603089,正裕工业,25,可选消费,2510,乘用车及零部件,251010,汽车零部件与轮胎,25101010,汽车系统部件
603090,宏盛股份,20,工业,2040,机械制造,204010,通用机械,20401070,其他通用机械
603091,众鑫股份,25,可选消费,2520,耐用消费品,252020,家居,25202020,其他家居
603092,德力佳,20,工业,2030,电力设备,203010,发电设备,20301020,风电设备
603093,南华期货,40,金融,4030,资本市场,403020,其他资本市场,40302030,其他资本市场
603095,越剑智能,20,工业,2040,机械制造,204020,专用机械,20402050,纺织服装机械
603096,新经典,50,通信服务,5030,传媒,503020,文化娱乐,50302030,出版
603097,江苏华辰,20,工业,2030,电力设备,203020,电网设备,20302020,输变电设备
603098,森特股份,20,工业,2020,建筑装饰,202020,建筑装修,20202010,建筑装修
603099,长白山,25,可选消费,2540,消费者服务,254010,休闲服务,25401010,景点
6031.HK,三一重工,20,工业,2040,机械制造,204020,专用机械,20402010,工程机械
603100,川仪股份,20,工业,2040,机械制造,204010,通用机械,20401050,仪器仪表
603101,汇嘉时代,25,可选消费,2550,零售业,255010,一般零售,25501020,超市与便利店
603102,百合股份,30,主要消费,3010,食品、饮料与烟草,301030,食品,30103050,其他食品
603103,横店影视,50,通信服务,5030,传媒,503020,文化娱乐,50302010,影视动漫
603105,芯能科技,55,公用事业,5510,公用事业,551010,电力及电网,55101050,光伏发电
603106,恒银科技,45,信息技术,4520,电子,452010,电子终端及组件,45201040,安防设备及其他
603107,上海汽配,25,可选消费,2510,乘用车及零部件,251010,汽车零部件与轮胎,25101010,汽车系统部件
603108,润达医疗,35,医药卫生,3510,医疗,351020,医疗商业与服务,35102020,医药商业
603109,神驰机电,20,工业,2040,机械制造,204010,通用机械,20401020,动力机械
603110,东方材料,15,原材料,1510,化工,151040,化学制品,15104020,涂料油墨
603111,康尼机电,20,工业,2040,机械制造,204030,交通运输设备,20403010,城轨铁路
603112,华翔股份,20,工业,2040,机械制造,204010,通用机械,20401030,气液机械
603113,金能科技,15,原材料,1510,化工,151060,橡胶,15106010,橡胶助剂
603115,海星股份,45,信息技术,4520,电子,452040,电子化学品,45204010,电子化学品
603116,红蜻蜓,25,可选消费,2530,纺织服装与珠宝,253010,纺织服装,25301030,鞋帽与配饰
603117,万林物流,20,工业,2070,交通运输,207010,运输业,20701020,物流综合
603118,共进股份,50,通信服务,5020,通信设备及技术服务,502010,通信设备,50201020,通信系统设备及组件
603119,浙江荣泰,25,可选消费,2510,乘用车及零部件,251010,汽车零部件与轮胎,25101050,其他汽车零部件
603120,肯特催化,15,原材料,1510,化工,151040,化学制品,15104080,其他化学制品
603121,华培动力,25,可选消费,2510,乘用车及零部件,251010,汽车零部件与轮胎,25101010,汽车系统部件
603122,合富中国,35,医药卫生,3510,医疗,351020,医疗商业与服务,35102020,医药商业
603123,翠微股份,40,金融,4020,其他金融,402010,其他金融服务,40201020,特殊金融服务
603124,江南新材,45,信息技术,4520,电子,452020,电子元件,45202010,印制电路板
603125,常青科技,15,原材料,1510,化工,151040,化学制品,15104080,其他化学制品
603126,中材节能,20,工业,2050,环保,205020,节能与生态修复,20502010,节能与资源回收
603127,昭衍新药,35,医药卫生,3520,医药,352040,制药与生物科技服务,35204010,制药与生物科技服务
603128,华贸物流,20,工业,2070,交通运输,207010,运输业,20701020,物流综合
603129,春风动力,25,可选消费,2510,乘用车及零部件,251030,摩托车及其他,25103010,摩托车及其他
603130,云中马,25,可选消费,2530,纺织服装与珠宝,253010,纺织服装,25301010,纺织品
603131,上海沪工,20,工业,2040,机械制造,204010,通用机械,20401010,加工机械
603132,金徽股份,15,原材料,1520,有色金属,152010,工业金属,15201030,铅锌
603135,中重科技,20,工业,2040,机械制造,204020,专用机械,20402020,采矿冶金机械
603136,天目湖,25,可选消费,2540,消费者服务,254010,休闲服务,25401010,景点
603137,恒尚节能,20,工业,2020,建筑装饰,202020,建筑装修,20202010,建筑装修
603138,海量数据,45,信息技术,4510,计算机,451010,软件开发,45101010,通用软件
603139,康惠股份,35,医药卫生,3520,医药,352030,中药,35203020,中成药
603150,万朗磁塑,25,可选消费,2520,耐用消费品,252010,家用电器,25201060,家电零部件及其他
603151,邦基科技,30,主要消费,3020,农牧渔,302020,养殖,30202010,饲料
603153,上海建科,20,工业,2020,建筑装饰,202010,建筑与工程,20201050,建筑设计及服务
603155,新亚强,15,原材料,1510,化工,151040,化学制品,15104050,有机硅
603156,养元饮品,30,主要消费,3010,食品、饮料与烟草,301020,软饮料,30102010,软饮料
603158,腾龙股份,25,可选消费,2510,乘用车及零部件,251010,汽车零部件与轮胎,25101010,汽车系统部件
603159,上海亚虹,15,原材料,1510,化工,151050,塑料,15105040,其他塑料制品
603160,汇顶科技,45,信息技术,4530,半导体,453010,集成电路,45301010,集成电路设计
603161,科华控股,25,可选消费,2510,乘用车及零部件,251010,汽车零部件与轮胎,25101010,汽车系统部件
603162,海通发展,20,工业,2070,交通运输,207010,运输业,20701040,航运
603163,圣晖集成,20,工业,2020,建筑装饰,202020,建筑装修,20202010,建筑装修
603165,荣晟环保,15,原材料,1550,造纸与包装,155010,容器与包装,15501020,纸材料包装
603166,福达股份,25,可选消费,2510,乘用车及零部件,251010,汽车零部件与轮胎,25101010,汽车系统部件
603167,渤海轮渡,20,工业,2070,交通运输,207010,运输业,20701040,航运
603168,莎普爱思,35,医药卫生,3520,医药,352020,化学药,35202020,药品制剂
603169,兰石重装,20,工业,2040,机械制造,204020,专用机械,20402030,化工机械
603170,宝立食品,30,主要消费,3010,食品、饮料与烟草,301030,食品,30103020,调味品与食用油
603171,税友股份,45,信息技术,4510,计算机,451010,软件开发,45101020,行业应用软件
603172,万丰股份,15,原材料,1510,化工,151040,化学制品,15104030,印染化学品
603173,福斯达,20,工业,2040,机械制造,204020,专用机械,20402080,其他专用机械
603175,超颖电子,45,信息技术,4520,电子,452020,电子元件,45202010,印制电路板
603176,汇通集团,20,工业,2020,建筑装饰,202010,建筑与工程,20201020,基础设施建设
603177,德创环保,20,工业,2050,环保,205010,污染治理,20501030,烟气治理
603178,圣龙股份,25,可选消费,2510,乘用车及零部件,251010,汽车零部件与轮胎,25101010,汽车系统部件
603179,新泉股份,25,可选消费,2510,乘用车及零部件,251010,汽车零部件与轮胎,25101020,汽车内饰与外饰
603180,金牌家居,25,可选消费,2520,耐用消费品,252020,家居,25202010,家具
603181,皇马科技,15,原材料,1510,化工,151040,化学制品,15104080,其他化学制品
603182,嘉华股份,30,主要消费,3020,农牧渔,302010,种植,30201010,农产品
603183,建研院,20,工业,2020,建筑装饰,202010,建筑与工程,20201050,建筑设计及服务
603185,弘元绿能,20,工业,2030,电力设备,203010,发电设备,20301010,光伏设备
603186,华正新材,45,信息技术,4520,电子,452020,电子元件,45202010,印制电路板
603187,海容冷链,20,工业,2040,机械制造,204010,通用机械,20401070,其他通用机械
603188,亚邦股份,15,原材料,1510,化工,151040,化学制品,15104030,印染化学品
603189,网达软件,45,信息技术,4510,计算机,451010,软件开发,45101020,行业应用软件
603190,亚通精工,25,可选消费,2510,乘用车及零部件,251010,汽车零部件与轮胎,25101050,其他汽车零部件
603191,望变电气,20,工业,2030,电力设备,203020,电网设备,20302020,输变电设备
603192,汇得科技,15,原材料,1510,化工,151040,化学制品,15104060,聚氨酯
603193,润本股份,30,主要消费,3030,家庭与个人用品,303010,家庭用品,30301010,家庭用品
603194,中力股份,20,工业,2040,机械制造,204020,专用机械,20402010,工程机械
603195,公牛集团,25,可选消费,2520,耐用消费品,252010,家用电器,25201060,家电零部件及其他
603196,璞源材料,25,可选消费,2530,纺织服装与珠宝,253010,纺织服装,25301020,服装
603197,保隆科技,25,可选消费,2510,乘用车及零部件,251010,汽车零部件与轮胎,25101030,汽车电子
603198,迎驾贡酒,30,主要消费,3010,食品、饮料与烟草,301010,酒,30101010,白酒
603199,九华旅游,25,可选消费,2540,消费者服务,254010,休闲服务,25401010,景点
603200,上海洗霸,20,工业,2050,环保,205010,污染治理,20501020,污水处理
603201,常润股份,25,可选消费,2510,乘用车及零部件,251010,汽车零部件与轮胎,25101050,其他汽车零部件
603202,天有为,25,可选消费,2510,乘用车及零部件,251010,汽车零部件与轮胎,25101030,汽车电子
603203,快克智能,20,工业,2040,机械制造,204010,通用机械,20401040,电动机与工控自动化
603205,健尔康,35,医药卫生,3510,医疗,351010,医疗器械,35101020,医疗耗材
603206,嘉环科技,50,通信服务,5020,通信设备及技术服务,502030,通信技术服务,50203010,通信技术服务
603207,小方制药,35,医药卫生,3520,医药,352020,化学药,35202020,药品制剂
603208,江山欧派,20,工业,2020,建筑装饰,202030,建筑产品,20203010,建筑产品
603209,兴通股份,20,工业,2070,交通运输,207010,运输业,20701040,航运
603210,泰鸿万立,25,可选消费,2510,乘用车及零部件,251010,汽车零部件与轮胎,25101050,其他汽车零部件
603211,晋拓股份,25,可选消费,2510,乘用车及零部件,251010,汽车零部件与轮胎,25101050,其他汽车零部件
603212,赛伍技术,20,工业,2030,电力设备,203010,发电设备,20301010,光伏设备
603213,镇洋发展,15,原材料,1510,化工,151030,化学原料,15103020,氯碱
603214,爱婴室,25,可选消费,2550,零售业,255020,专营零售,25502010,专营零售
603215,比依股份,25,可选消费,2520,耐用消费品,252010,家用电器,25201030,小家电
603216,梦天家居,20,工业,2020,建筑装饰,202030,建筑产品,20203010,建筑产品
603217,元利科技,15,原材料,1510,化工,151040,化学制品,15104080,其他化学制品
603218,日月股份,20,工业,2030,电力设备,203010,发电设备,20301020,风电设备
603219,富佳股份,25,可选消费,2520,耐用消费品,252010,家用电器,25201030,小家电
603220,中贝通信,50,通信服务,5020,通信设备及技术服务,502030,通信技术服务,50203010,通信技术服务
603221,爱丽家居,20,工业,2020,建筑装饰,202030,建筑产品,20203010,建筑产品
603222,济民健康,35,医药卫生,3510,医疗,351010,医疗器械,35101020,医疗耗材
603223,恒通股份,10,能源,1010,能源,101020,石油与天然气,10102040,油气流通及其他
603225,新凤鸣,15,原材料,1510,化工,151020,化学纤维,15102010,锦纶与涤纶
603226,菲林格尔,20,工业,2020,建筑装饰,202030,建筑产品,20203010,建筑产品
603227,雪峰科技,15,原材料,1510,化工,151040,化学制品,15104010,民爆制品
603228,景旺电子,45,信息技术,4520,电子,452020,电子元件,45202010,印制电路板
603229,奥翔药业,35,医药卫生,3520,医药,352020,化学药,35202010,原料药
603230,内蒙新华,50,通信服务,5030,传媒,503020,文化娱乐,50302030,出版
603231,索宝蛋白,30,主要消费,3020,农牧渔,302010,种植,30201010,农产品
603232,格尔软件,45,信息技术,4510,计算机,451010,软件开发,45101010,通用软件
603233,大参林,35,医药卫生,3510,医疗,351020,医疗商业与服务,35102020,医药商业
603235,天新药业,30,主要消费,3010,食品、饮料与烟草,301030,食品,30103050,其他食品
603236,移远通信,50,通信服务,5020,通信设备及技术服务,502010,通信设备,50201010,通信终端设备及组件
603237,五芳斋,30,主要消费,3010,食品、饮料与烟草,301030,食品,30103050,其他食品
603238,诺邦股份,30,主要消费,3030,家庭与个人用品,303010,家庭用品,30301010,家庭用品
603239,浙江仙通,25,可选消费,2510,乘用车及零部件,251010,汽车零部件与轮胎,25101020,汽车内饰与外饰
603248,锡华科技,20,工业,2030,电力设备,203010,发电设备,20301020,风电设备
603255,鼎际得,15,原材料,1510,化工,151050,塑料,15105040,其他塑料制品
603256,宏和科技,15,原材料,1540,非金属材料,154020,其他非金属材料,15402010,玻璃纤维
603257,中国瑞林,20,工业,2020,建筑装饰,202010,建筑与工程,20201050,建筑设计及服务
603258,电魂网络,50,通信服务,5030,传媒,503020,文化娱乐,50302020,游戏
603259,药明康德,35,医药卫生,3520,医药,352040,制药与生物科技服务,35204010,制药与生物科技服务
603260,合盛硅业,15,原材料,1540,非金属材料,154020,其他非金属材料,15402020,其他非金属材料
603261,*ST立航,20,工业,2010,航空航天与国防,201010,航空航天,20101010,航空
603262,技源集团,30,主要消费,3010,食品、饮料与烟草,301030,食品,30103050,其他食品
603266,天龙股份,25,可选消费,2510,乘用车及零部件,251010,汽车零部件与轮胎,25101050,其他汽车零部件
603267,鸿远电子,45,信息技术,4520,电子,452020,电子元件,45202020,被动元件
603268,*ST松发,20,工业,2040,机械制造,204030,交通运输设备,20403020,船舶及其他航运设备
603269,海鸥股份,20,工业,2040,机械制造,204010,通用机械,20401070,其他通用机械
603270,金帝股份,20,工业,2040,机械制造,204010,通用机械,20401020,动力机械
603271,永杰新材,15,原材料,1520,有色金属,152010,工业金属,15201020,铝
603272,联翔股份,25,可选消费,2520,耐用消费品,252020,家居,25202020,其他家居
603273,天元智能,20,工业,2040,机械制造,204020,专用机械,20402010,工程机械
603275,众辰科技,20,工业,2040,机械制造,204010,通用机械,20401040,电动机与工控自动化
603276,恒兴新材,15,原材料,1510,化工,151040,化学制品,15104080,其他化学制品
603277,银都股份,20,工业,2040,机械制造,204010,通用机械,20401070,其他通用机械
603278,大业股份,15,原材料,1530,钢铁,153010,钢铁,15301030,其他钢铁
603279,景津装备,20,工业,2040,机械制造,204010,通用机械,20401070,其他通用机械
603280,南方路机,20,工业,2040,机械制造,204020,专用机械,20402010,工程机械
603281,江瀚新材,15,原材料,1510,化工,151040,化学制品,15104050,有机硅
603282,亚光股份,20,工业,2050,环保,205020,节能与生态修复,20502010,节能与资源回收
603283,赛腾股份,20,工业,2040,机械制造,204010,通用机械,20401040,电动机与工控自动化
603284,林平发展,15,原材料,1550,造纸与包装,155010,容器与包装,15501020,纸材料包装
603285,键邦股份,15,原材料,1510,化工,151040,化学制品,15104080,其他化学制品
603286,日盈电子,25,可选消费,2510,乘用车及零部件,251010,汽车零部件与轮胎,25101050,其他汽车零部件
603288,海天味业,30,主要消费,3010,食品、饮料与烟草,301030,食品,30103020,调味品与食用油
603289,泰瑞机器,20,工业,2040,机械制造,204010,通用机械,20401010,加工机械
603290,斯达半导,45,信息技术,4530,半导体,453020,分立器件,45302010,分立器件
603291,联合水务,55,公用事业,5510,公用事业,551030,水务,55103010,水务
603296,华勤技术,45,信息技术,4520,电子,452010,电子终端及组件,45201010,电脑与外围设备
603297,永新光学,45,信息技术,4520,电子,452030,光学光电子,45203030,光学元件
603298,杭叉集团,20,工业,2040,机械制造,204020,专用机械,20402010,工程机械
603299,苏盐井神,15,原材料,1510,化工,151030,化学原料,15103030,无机盐
6033.HK,电讯数码控股,25,可选消费,2550,零售业,255020,专营零售,25502010,专营零售
603300,海南华铁,20,工业,2060,商业服务与用品,206010,商业服务与用品,20601050,其他商业服务与用品
603301,振德医疗,35,医药卫生,3510,医疗,351010,医疗器械,35101020,医疗耗材
603303,得邦照明,25,可选消费,2520,耐用消费品,252010,家用电器,25201040,照明电器
603305,旭升集团,25,可选消费,2510,乘用车及零部件,251010,汽车零部件与轮胎,25101010,汽车系统部件
603306,华懋科技,25,可选消费,2510,乘用车及零部件,251010,汽车零部件与轮胎,25101020,汽车内饰与外饰
603307,扬州金泉,25,可选消费,2520,耐用消费品,252030,休闲设备与用品,25203010,休闲设备与用品
603308,应流股份,20,工业,2040,机械制造,204010,通用机械,20401030,气液机械
603309,维力医疗,35,医药卫生,3510,医疗,351010,医疗器械,35101020,医疗耗材
603310,巍华新材,15,原材料,1510,化工,151040,化学制品,15104040,氟化工
603311,金海高科,25,可选消费,2520,耐用消费品,252010,家用电器,25201060,家电零部件及其他
603312,西典新能,20,工业,2030,电力设备,203030,储能设备,20303020,电池部件及材料
603313,梦百合,25,可选消费,2520,耐用消费品,252020,家居,25202010,家具
603315,福鞍股份,20,工业,2050,环保,205010,污染治理,20501030,烟气治理
603316,诚邦股份,20,工业,2020,建筑装饰,202010,建筑与工程,20201030,园林工程
603317,天味食品,30,主要消费,3010,食品、饮料与烟草,301030,食品,30103020,调味品与食用油
603318,水发燃气,55,公用事业,5510,公用事业,551020,燃气,55102010,燃气
603319,美湖股份,25,可选消费,2510,乘用车及零部件,251010,汽车零部件与轮胎,25101010,汽车系统部件
603320,迪贝电气,20,工业,2040,机械制造,204010,通用机械,20401040,电动机与工控自动化
603321,梅轮电梯,20,工业,2040,机械制造,204020,专用机械,20402070,楼宇设备
603322,超讯通信,50,通信服务,5020,通信设备及技术服务,502030,通信技术服务,50203010,通信技术服务
603323,苏农银行,40,金融,4010,银行,401010,商业银行,40101020,区域性银行
603324,盛剑科技,20,工业,2050,环保,205010,污染治理,20501030,烟气治理
603325,博隆技术,20,工业,2040,机械制造,204010,通用机械,20401030,气液机械
603326,我乐家居,25,可选消费,2520,耐用消费品,252020,家居,25202010,家具
603327,福蓉科技,45,信息技术,4520,电子,452010,电子终端及组件,45201030,消费电子组件及零部件
603328,依顿电子,45,信息技术,4520,电子,452020,电子元件,45202010,印制电路板
603329,上海雅仕,20,工业,2070,交通运输,207010,运输业,20701020,物流综合
603330,天洋新材,15,原材料,1510,化工,151040,化学制品,15104070,胶黏剂及胶带
603331,百达精工,20,工业,2040,机械制造,204010,通用机械,20401030,气液机械
603332,苏州龙杰,15,原材料,1510,化工,151020,化学纤维,15102010,锦纶与涤纶
603333,尚纬股份,20,工业,2030,电力设备,203020,电网设备,20302040,线缆及其他
603334,丰倍生物,20,工业,2050,环保,205020,节能与生态修复,20502010,节能与资源回收
603335,迪生力,25,可选消费,2510,乘用车及零部件,251010,汽车零部件与轮胎,25101040,轮胎
603336,宏辉果蔬,30,主要消费,3020,农牧渔,302010,种植,30201010,农产品
603337,杰克科技,20,工业,2040,机械制造,204020,专用机械,20402050,纺织服装机械
603338,浙江鼎力,20,工业,2040,机械制造,204020,专用机械,20402080,其他专用机械
603339,四方科技,20,工业,2040,机械制造,204010,通用机械,20401070,其他通用机械
603341,龙旗科技,45,信息技术,4520,电子,452010,电子终端及组件,45201020,消费电子终端
603344,星德胜,25,可选消费,2520,耐用消费品,252010,家用电器,25201060,家电零部件及其他
603345,安井食品,30,主要消费,3010,食品、饮料与烟草,301030,食品,30103050,其他食品
603348,文灿股份,25,可选消费,2510,乘用车及零部件,251010,汽车零部件与轮胎,25101050,其他汽车零部件
603350,安乃达,25,可选消费,2510,乘用车及零部件,251030,摩托车及其他,25103010,摩托车及其他
603351,威尔药业,15,原材料,1510,化工,151040,化学制品,15104080,其他化学制品
603352,至信股份,25,可选消费,2510,乘用车及零部件,251010,汽车零部件与轮胎,25101050,其他汽车零部件
603353,和顺石油,10,能源,1010,能源,101020,石油与天然气,10102040,油气流通及其他
603355,莱克电气,25,可选消费,2520,耐用消费品,252010,家用电器,25201030,小家电
603356,华菱精工,20,工业,2040,机械制造,204020,专用机械,20402070,楼宇设备
603357,设计总院,20,工业,2020,建筑装饰,202010,建筑与工程,20201050,建筑设计及服务
603358,华达科技,25,可选消费,2510,乘用车及零部件,251010,汽车零部件与轮胎,25101050,其他汽车零部件
603359,东珠生态,20,工业,2050,环保,205020,节能与生态修复,20502030,生态修复
603360,百傲化学,15,原材料,1510,化工,151040,化学制品,15104080,其他化学制品
603363,傲农生物,30,主要消费,3020,农牧渔,302020,养殖,30202010,饲料
603365,水星家纺,25,可选消费,2530,纺织服装与珠宝,253010,纺织服装,25301040,家用纺织
603366,日出东方,25,可选消费,2520,耐用消费品,252010,家用电器,25201050,厨卫电器
603367,辰欣药业,35,医药卫生,3520,医药,352020,化学药,35202020,药品制剂
603368,柳药集团,35,医药卫生,3510,医疗,351020,医疗商业与服务,35102020,医药商业
603369,今世缘,30,主要消费,3010,食品、饮料与烟草,301010,酒,30101010,白酒
603370,华新精科,20,工业,2040,机械制造,204010,通用机械,20401040,电动机与工控自动化
603373,安邦护卫,20,工业,2060,商业服务与用品,206010,商业服务与用品,20601050,其他商业服务与用品
603375,盛景微,45,信息技术,4520,电子,452050,其他电子,45205010,其他电子
603376,大明电子,25,可选消费,2510,乘用车及零部件,251010,汽车零部件与轮胎,25101030,汽车电子
603377,ST东时,25,可选消费,2540,消费者服务,254020,教育服务,25402020,培训教育及其他
603378,亚士创能,15,原材料,1510,化工,151040,化学制品,15104020,涂料油墨
603379,三美股份,15,原材料,1510,化工,151040,化学制品,15104040,氟化工
603380,易德龙,45,信息技术,4520,电子,452050,其他电子,45205010,其他电子
603381,永臻股份,20,工业,2030,电力设备,203010,发电设备,20301010,光伏设备
603382,海阳科技,15,原材料,1510,化工,151020,化学纤维,15102010,锦纶与涤纶
603383,顶点软件,45,信息技术,4510,计算机,451010,软件开发,45101020,行业应用软件
603385,惠达卫浴,25,可选消费,2520,耐用消费品,252020,家居,25202020,其他家居
603386,骏亚科技,45,信息技术,4520,电子,452020,电子元件,45202010,印制电路板
603387,基蛋生物,35,医药卫生,3510,医疗,351010,医疗器械,35101030,体外诊断
603389,*ST亚振,25,可选消费,2520,耐用消费品,252020,家居,25202010,家具
603390,通达电气,25,可选消费,2510,乘用车及零部件,251010,汽车零部件与轮胎,25101030,汽车电子
603391,力聚热能,20,工业,2040,机械制造,204010,通用机械,20401020,动力机械
603392,万泰生物,35,医药卫生,3520,医药,352010,生物药品,35201020,疫苗
603393,新天然气,10,能源,1010,能源,101020,石油与天然气,10102030,天然气加工
603395,红四方,15,原材料,1510,化工,151010,农用化工,15101030,复合肥
603396,金辰股份,20,工业,2030,电力设备,203010,发电设备,20301010,光伏设备
603398,*ST沐邦,20,工业,2030,电力设备,203010,发电设备,20301010,光伏设备
603399,永杉锂业,15,原材料,1520,有色金属,152030,稀有金属,15203020,钨钼
603400,华之杰,20,工业,2040,机械制造,204010,通用机械,20401070,其他通用机械
603402,陕西旅游,25,可选消费,2540,消费者服务,254010,休闲服务,25401070,其他休闲服务
603406,天富龙,15,原材料,1510,化工,151020,化学纤维,15102010,锦纶与涤纶
603408,建霖家居,25,可选消费,2520,耐用消费品,252020,家居,25202020,其他家居
603409,汇通控股,25,可选消费,2510,乘用车及零部件,251010,汽车零部件与轮胎,25101020,汽车内饰与外饰
603416,信捷电气,20,工业,2040,机械制造,204010,通用机械,20401040,电动机与工控自动化
603418,友升股份,25,可选消费,2510,乘用车及零部件,251010,汽车零部件与轮胎,25101050,其他汽车零部件
603421,鼎信通讯,20,工业,2030,电力设备,203020,电网设备,20302010,电网自动化
603429,*ST集友,15,原材料,1550,造纸与包装,155010,容器与包装,15501020,纸材料包装
603439,三力制药,35,医药卫生,3520,医药,352030,中药,35203020,中成药
603444,吉比特,50,通信服务,5030,传媒,503020,文化娱乐,50302020,游戏
603456,九洲药业,35,医药卫生,3520,医药,352040,制药与生物科技服务,35204010,制药与生物科技服务
603458,勘设股份,20,工业,2020,建筑装饰,202010,建筑与工程,20201050,建筑设计及服务
603466,风语筑,20,工业,2060,商业服务与用品,206010,商业服务与用品,20601050,其他商业服务与用品
603477,巨星农牧,30,主要消费,3020,农牧渔,302020,养殖,30202030,畜牧产品
603486,科沃斯,25,可选消费,2520,耐用消费品,252010,家用电器,25201030,小家电
603488,展鹏科技,20,工业,2040,机械制造,204020,专用机械,20402070,楼宇设备
603489,八方股份,25,可选消费,2510,乘用车及零部件,251030,摩托车及其他,25103010,摩托车及其他
603496,恒为科技,50,通信服务,5020,通信设备及技术服务,502010,通信设备,50201020,通信系统设备及组件
603499,翔港科技,15,原材料,1550,造纸与包装,155010,容器与包装,15501020,纸材料包装
603500,祥和实业,20,工业,2040,机械制造,204030,交通运输设备,20403010,城轨铁路
603501,豪威集团,45,信息技术,4530,半导体,453010,集成电路,45301010,集成电路设计
603505,金石资源,15,原材料,1540,非金属材料,154020,其他非金属材料,15402020,其他非金属材料
603506,南都物业,60,房地产,6010,房地产,601020,房地产管理与服务,60102010,房地产管理
603507,振江股份,20,工业,2030,电力设备,203010,发电设备,20301020,风电设备
603508,思维列控,20,工业,2040,机械制造,204030,交通运输设备,20403010,城轨铁路
603511,爱慕股份,25,可选消费,2530,纺织服装与珠宝,253010,纺织服装,25301020,服装
603515,欧普照明,25,可选消费,2520,耐用消费品,252010,家用电器,25201040,照明电器
603516,淳中科技,45,信息技术,4520,电子,452010,电子终端及组件,45201040,安防设备及其他
603517,ST绝味,30,主要消费,3010,食品、饮料与烟草,301030,食品,30103040,休闲食品
603518,锦泓集团,25,可选消费,2530,纺织服装与珠宝,253010,纺织服装,25301020,服装
603519,立霸股份,25,可选消费,2520,耐用消费品,252010,家用电器,25201060,家电零部件及其他
603520,司太立,35,医药卫生,3520,医药,352020,化学药,35202010,原料药
603527,众源新材,15,原材料,1520,有色金属,152010,工业金属,15201010,铜
603528,多伦科技,45,信息技术,4510,计算机,451020,信息技术服务,45102010,系统集成服务
603529,爱玛科技,25,可选消费,2510,乘用车及零部件,251030,摩托车及其他,25103010,摩托车及其他
603530,神马电力,20,工业,2030,电力设备,203020,电网设备,20302040,线缆及其他
603533,掌阅科技,50,通信服务,5030,传媒,503030,数字媒体,50303030,图文媒体
603535,嘉诚国际,20,工业,2070,交通运输,207010,运输业,20701020,物流综合
603536,惠发食品,30,主要消费,3010,食品、饮料与烟草,301030,食品,30103050,其他食品
603538,美诺华,35,医药卫生,3520,医药,352020,化学药,35202010,原料药
603551,奥普科技,25,可选消费,2520,耐用消费品,252010,家用电器,25201050,厨卫电器
603556,海兴电力,20,工业,2030,电力设备,203020,电网设备,20302010,电网自动化
603557,ST起步,25,可选消费,2530,纺织服装与珠宝,253010,纺织服装,25301020,服装
603558,健盛集团,25,可选消费,2530,纺织服装与珠宝,253010,纺织服装,25301030,鞋帽与配饰
603559,ST通脉,50,通信服务,5020,通信设备及技术服务,502030,通信技术服务,50203010,通信技术服务
603565,中谷物流,20,工业,2070,交通运输,207010,运输业,20701040,航运
603566,普莱柯,30,主要消费,3020,农牧渔,302020,养殖,30202020,动物保健与育种
603567,珍宝岛,35,医药卫生,3520,医药,352030,中药,35203020,中成药
603568,伟明环保,20,工业,2050,环保,205010,污染治理,20501010,固废处理
603569,长久物流,20,工业,2070,交通运输,207010,运输业,20701020,物流综合
603577,汇金通,20,工业,2030,电力设备,203020,电网设备,20302040,线缆及其他
603578,三星新材,25,可选消费,2520,耐用消费品,252010,家用电器,25201060,家电零部件及其他
603579,荣泰健康,25,可选消费,2520,耐用消费品,252010,家用电器,25201030,小家电
603580,*ST艾艾,15,原材料,1510,化工,151060,橡胶,15106020,橡胶制品
603583,捷昌驱动,20,工业,2040,机械制造,204010,通用机械,20401040,电动机与工控自动化
603585,苏利股份,15,原材料,1510,化工,151010,农用化工,15101040,农药
603586,金麒麟,25,可选消费,2510,乘用车及零部件,251010,汽车零部件与轮胎,25101010,汽车系统部件
603587,地素时尚,25,可选消费,2530,纺织服装与珠宝,253010,纺织服装,25301020,服装
603588,高能环境,20,工业,2050,环保,205010,污染治理,20501010,固废处理
603589,口子窖,30,主要消费,3010,食品、饮料与烟草,301010,酒,30101010,白酒
603590,康辰药业,35,医药卫生,3520,医药,352010,生物药品,35201030,其他生物药品
603595,ST东尼,45,信息技术,4520,电子,452010,电子终端及组件,45201030,消费电子组件及零部件
603596,伯特利,25,可选消费,2510,乘用车及零部件,251010,汽车零部件与轮胎,25101010,汽车系统部件
603598,引力传媒,50,通信服务,5030,传媒,503010,营销与广告,50301010,数字营销
603599,广信股份,15,原材料,1510,化工,151010,农用化工,15101040,农药
6036.HK,光丽科技,25,可选消费,2550,零售业,255020,专营零售,25502010,专营零售
603600,永艺股份,25,可选消费,2520,耐用消费品,252020,家居,25202010,家具
603601,再升科技,15,原材料,1540,非金属材料,154020,其他非金属材料,15402010,玻璃纤维
603602,纵横通信,50,通信服务,5020,通信设备及技术服务,502030,通信技术服务,50203010,通信技术服务
603605,珀莱雅,30,主要消费,3030,家庭与个人用品,303020,美容护理,30302010,美容护理
603606,东方电缆,20,工业,2030,电力设备,203020,电网设备,20302040,线缆及其他
603607,京华激光,15,原材料,1550,造纸与包装,155010,容器与包装,15501020,纸材料包装
603608,天创时尚,25,可选消费,2530,纺织服装与珠宝,253010,纺织服装,25301030,鞋帽与配饰
603609,禾丰股份,30,主要消费,3020,农牧渔,302020,养殖,30202010,饲料
603610,麒盛科技,25,可选消费,2520,耐用消费品,252020,家居,25202010,家具
603611,诺力股份,20,工业,2040,机械制造,204020,专用机械,20402080,其他专用机械
603612,索通发展,15,原材料,1540,非金属材料,154020,其他非金属材料,15402020,其他非金属材料
603613,国联股份,45,信息技术,4510,计算机,451020,信息技术服务,45102030,其他IT与互联网服务
603615,茶花股份,25,可选消费,2520,耐用消费品,252020,家居,25202020,其他家居
603616,韩建河山,15,原材料,1540,非金属材料,154010,建筑材料,15401010,水泥与混凝土
603617,君禾股份,20,工业,2040,机械制造,204010,通用机械,20401030,气液机械
603618,杭电股份,20,工业,2030,电力设备,203020,电网设备,20302040,线缆及其他
603619,中曼石油,10,能源,1010,能源,101020,石油与天然气,10102020,燃油炼制
603626,科森科技,45,信息技术,4520,电子,452010,电子终端及组件,45201030,消费电子组件及零部件
603628,清源股份,20,工业,2030,电力设备,203010,发电设备,20301010,光伏设备
603629,利通电子,45,信息技术,4520,电子,452010,电子终端及组件,45201030,消费电子组件及零部件
603630,拉芳家化,30,主要消费,3030,家庭与个人用品,303010,家庭用品,30301010,家庭用品
603633,徕木股份,25,可选消费,2510,乘用车及零部件,251010,汽车零部件与轮胎,25101030,汽车电子
603636,南威软件,45,信息技术,4510,计算机,451020,信息技术服务,45102010,系统集成服务
603637,镇海股份,20,工业,2020,建筑装饰,202010,建筑与工程,20201040,专业工程
603638,艾迪精密,20,工业,2040,机械制造,204020,专用机械,20402010,工程机械
603639,海利尔,15,原材料,1510,化工,151010,农用化工,15101040,农药
603648,畅联股份,20,工业,2070,交通运输,207010,运输业,20701020,物流综合
603650,彤程新材,15,原材料,1510,化工,151060,橡胶,15106010,橡胶助剂
603655,朗博科技,25,可选消费,2510,乘用车及零部件,251010,汽车零部件与轮胎,25101050,其他汽车零部件
603656,泰禾智能,20,工业,2040,机械制造,204020,专用机械,20402080,其他专用机械
603657,春光科技,25,可选消费,2520,耐用消费品,252010,家用电器,25201060,家电零部件及其他
603658,安图生物,35,医药卫生,3510,医疗,351010,医疗器械,35101030,体外诊断
603659,璞泰来,20,工业,2030,电力设备,203030,储能设备,20303020,电池部件及材料
603660,苏州科达,50,通信服务,5020,通信设备及技术服务,502010,通信设备,50201010,通信终端设备及组件
603661,恒林股份,25,可选消费,2520,耐用消费品,252020,家居,25202010,家具
603662,柯力传感,20,工业,2040,机械制造,204010,通用机械,20401050,仪器仪表
603663,三祥新材,15,原材料,1510,化工,151030,化学原料,15103030,无机盐
603665,康隆达,25,可选消费,2530,纺织服装与珠宝,253010,纺织服装,25301030,鞋帽与配饰
603666,亿嘉和,20,工业,2030,电力设备,203020,电网设备,20302010,电网自动化
603667,五洲新春,20,工业,2040,机械制造,204010,通用机械,20401020,动力机械
603668,天马科技,30,主要消费,3020,农牧渔,302020,养殖,30202010,饲料
603669,灵康药业,35,医药卫生,3520,医药,352020,化学药,35202020,药品制剂
603676,卫信康,35,医药卫生,3520,医药,352020,化学药,35202020,药品制剂
603677,奇精机械,25,可选消费,2520,耐用消费品,252010,家用电器,25201060,家电零部件及其他
603678,火炬电子,45,信息技术,4520,电子,452020,电子元件,45202020,被动元件
603679,华体科技,45,信息技术,4520,电子,452030,光学光电子,45203020,LED
603680,今创集团,20,工业,2040,机械制造,204030,交通运输设备,20403010,城轨铁路
603681,永冠新材,15,原材料,1510,化工,151040,化学制品,15104070,胶黏剂及胶带
603682,锦和商管,60,房地产,6010,房地产,601020,房地产管理与服务,60102010,房地产管理
603683,晶华新材,15,原材料,1510,化工,151040,化学制品,15104070,胶黏剂及胶带
603685,晨丰科技,25,可选消费,2520,耐用消费品,252010,家用电器,25201060,家电零部件及其他
603686,福龙马,55,公用事业,5510,公用事业,551040,市政环卫,55104010,市政环卫
603687,大胜达,15,原材料,1550,造纸与包装,155010,容器与包装,15501020,纸材料包装
603688,石英股份,15,原材料,1540,非金属材料,154020,其他非金属材料,15402020,其他非金属材料
603689,皖天然气,55,公用事业,5510,公用事业,551020,燃气,55102010,燃气
603690,至纯科技,45,信息技术,4530,半导体,453030,半导体材料与设备,45303020,半导体设备
603693,江苏新能,55,公用事业,5510,公用事业,551010,电力及电网,55101040,风电
603696,安记食品,30,主要消费,3010,食品、饮料与烟草,301030,食品,30103020,调味品与食用油
603697,有友食品,30,主要消费,3010,食品、饮料与烟草,301030,食品,30103040,休闲食品
603698,航天工程,20,工业,2040,机械制造,204020,专用机械,20402030,化工机械
603699,纽威股份,20,工业,2040,机械制造,204010,通用机械,20401030,气液机械
603700,宁水集团,20,工业,2040,机械制造,204010,通用机械,20401050,仪器仪表
603701,德宏股份,25,可选消费,2510,乘用车及零部件,251010,汽车零部件与轮胎,25101010,汽车系统部件
603703,盛洋科技,50,通信服务,5020,通信设备及技术服务,502010,通信设备,50201020,通信系统设备及组件
603706,东方环宇,55,公用事业,5510,公用事业,551020,燃气,55102010,燃气
603707,健友股份,35,医药卫生,3520,医药,352020,化学药,35202020,药品制剂
603708,家家悦,25,可选消费,2550,零售业,255010,一般零售,25501020,超市与便利店
603709,中源家居,25,可选消费,2520,耐用消费品,252020,家居,25202010,家具
603711,香飘飘,30,主要消费,3010,食品、饮料与烟草,301020,软饮料,30102010,软饮料
603712,七一二,50,通信服务,5020,通信设备及技术服务,502010,通信设备,50201010,通信终端设备及组件
603713,密尔克卫,20,工业,2070,交通运输,207010,运输业,20701020,物流综合
603716,塞力医疗,35,医药卫生,3510,医疗,351020,医疗商业与服务,35102020,医药商业
603717,天域生物,30,主要消费,3020,农牧渔,302020,养殖,30202030,畜牧产品
603718,海利生物,30,主要消费,3020,农牧渔,302020,养殖,30202020,动物保健与育种
603719,良品铺子,30,主要消费,3010,食品、饮料与烟草,301030,食品,30103040,休闲食品
603721,*ST天择,50,通信服务,5030,传媒,503020,文化娱乐,50302010,影视动漫
603722,阿科力,15,原材料,1510,化工,151040,化学制品,15104080,其他化学制品
603725,天安新材,20,工业,2020,建筑装饰,202030,建筑产品,20203010,建筑产品
603726,朗迪集团,25,可选消费,2520,耐用消费品,252010,家用电器,25201060,家电零部件及其他
603727,博迈科,10,能源,1010,能源,101010,油气开采与油田服务,10101020,油田服务
603728,鸣志电器,20,工业,2040,机械制造,204010,通用机械,20401040,电动机与工控自动化
603729,龙韵股份,50,通信服务,5030,传媒,503010,营销与广告,50301020,其他广告营销
603730,岱美股份,25,可选消费,2510,乘用车及零部件,251010,汽车零部件与轮胎,25101020,汽车内饰与外饰
603733,仙鹤股份,15,原材料,1550,造纸与包装,155020,纸类与林业产品,15502020,纸制品
603737,三棵树,15,原材料,1510,化工,151040,化学制品,15104020,涂料油墨
603738,泰晶科技,45,信息技术,4520,电子,452020,电子元件,45202020,被动元件
603739,蔚蓝生物,30,主要消费,3020,农牧渔,302020,养殖,30202010,饲料
603755,日辰股份,30,主要消费,3010,食品、饮料与烟草,301030,食品,30103020,调味品与食用油
603757,大元泵业,20,工业,2040,机械制造,204010,通用机械,20401030,气液机械
603758,秦安股份,25,可选消费,2510,乘用车及零部件,251010,汽车零部件与轮胎,25101010,汽车系统部件
603759,海天股份,55,公用事业,5510,公用事业,551030,水务,55103010,水务
603766,隆鑫通用,25,可选消费,2510,乘用车及零部件,251030,摩托车及其他,25103010,摩托车及其他
603767,中马传动,25,可选消费,2510,乘用车及零部件,251010,汽车零部件与轮胎,25101010,汽车系统部件
603768,常青股份,25,可选消费,2510,乘用车及零部件,251010,汽车零部件与轮胎,25101050,其他汽车零部件
603773,沃格光电,45,信息技术,4520,电子,452030,光学光电子,45203010,面板
603776,永安行,20,工业,2070,交通运输,207010,运输业,20701070,公共交通
603777,来伊份,30,主要消费,3010,食品、饮料与烟草,301030,食品,30103040,休闲食品
603778,国晟科技,20,工业,2030,电力设备,203010,发电设备,20301010,光伏设备
603779,威龙股份,30,主要消费,3010,食品、饮料与烟草,301010,酒,30101040,葡萄酒及其他
603786,科博达,25,可选消费,2510,乘用车及零部件,251010,汽车零部件与轮胎,25101030,汽车电子
603787,新日股份,25,可选消费,2510,乘用车及零部件,251030,摩托车及其他,25103010,摩托车及其他
603788,宁波高发,25,可选消费,2510,乘用车及零部件,251010,汽车零部件与轮胎,25101010,汽车系统部件
603789,*ST星农,20,工业,2040,机械制造,204020,专用机械,20402060,农业机械
603790,雅运股份,15,原材料,1510,化工,151040,化学制品,15104030,印染化学品
603797,联泰环保,20,工业,2050,环保,205010,污染治理,20501020,污水处理
603798,康普顿,15,原材料,1510,化工,151040,化学制品,15104080,其他化学制品
603799,华友钴业,15,原材料,1520,有色金属,152010,工业金属,15201040,钴镍
6038.HK,信越控股,20,工业,2020,建筑装饰,202020,建筑装修,20202010,建筑装修
603800,洪田股份,20,工业,2040,机械制造,204020,专用机械,20402020,采矿冶金机械
603801,志邦家居,25,可选消费,2520,耐用消费品,252020,家居,25202010,家具
603803,瑞斯康达,50,通信服务,5020,通信设备及技术服务,502010,通信设备,50201020,通信系统设备及组件
603806,福斯特,20,工业,2030,电力设备,203010,发电设备,20301010,光伏设备
603808,歌力思,25,可选消费,2530,纺织服装与珠宝,253010,纺织服装,25301020,服装
603809,豪能股份,25,可选消费,2510,乘用车及零部件,251010,汽车零部件与轮胎,25101010,汽车系统部件
603810,丰山集团,15,原材料,1510,化工,151010,农用化工,15101040,农药
603811,诚意药业,35,医药卫生,3520,医药,352020,化学药,35202020,药品制剂
603813,*ST原尚,20,工业,2070,交通运输,207010,运输业,20701020,物流综合
603815,交建股份,20,工业,2020,建筑装饰,202010,建筑与工程,20201020,基础设施建设
603816,顾家家居,25,可选消费,2520,耐用消费品,252020,家居,25202010,家具
603817,海峡环保,20,工业,2050,环保,205010,污染治理,20501020,污水处理
603818,曲美家居,25,可选消费,2520,耐用消费品,252020,家居,25202010,家具
603819,神力股份,20,工业,2040,机械制造,204010,通用机械,20401040,电动机与工控自动化
603822,ST嘉澳,20,工业,2050,环保,205020,节能与生态修复,20502010,节能与资源回收
603823,百合花,15,原材料,1510,化工,151040,化学制品,15104020,涂料油墨
603825,ST华扬,50,通信服务,5030,传媒,503010,营销与广告,50301010,数字营销
603826,坤彩科技,15,原材料,1510,化工,151040,化学制品,15104020,涂料油墨
603828,ST柯利达,20,工业,2020,建筑装饰,202020,建筑装修,20202010,建筑装修
603829,洛凯股份,20,工业,2030,电力设备,203020,电网设备,20302030,配电设备
603833,欧派家居,25,可选消费,2520,耐用消费品,252020,家居,25202010,家具
603836,海程邦达,20,工业,2070,交通运输,207010,运输业,20701020,物流综合
603838,*ST四通,25,可选消费,2520,耐用消费品,252020,家居,25202020,其他家居
603839,安正时尚,25,可选消费,2530,纺织服装与珠宝,253010,纺织服装,25301020,服装
603843,*ST正平,20,工业,2020,建筑装饰,202010,建筑与工程,20201020,基础设施建设
603848,好太太,25,可选消费,2520,耐用消费品,252020,家居,25202020,其他家居
603855,华荣股份,20,工业,2040,机械制造,204020,专用机械,20402080,其他专用机械
603856,东宏股份,20,工业,2020,建筑装饰,202030,建筑产品,20203010,建筑产品
603858,步长制药,35,医药卫生,3520,医药,352030,中药,35203020,中成药
603859,能科科技,45,信息技术,4510,计算机,451010,软件开发,45101020,行业应用软件
603860,中公高科,20,工业,2020,建筑装饰,202010,建筑与工程,20201050,建筑设计及服务
603861,白云电器,20,工业,2030,电力设备,203020,电网设备,20302030,配电设备
603863,松炀资源,15,原材料,1550,造纸与包装,155010,容器与包装,15501020,纸材料包装
603866,桃李面包,30,主要消费,3010,食品、饮料与烟草,301030,食品,30103040,休闲食品
603867,新化股份,15,原材料,1510,化工,151040,化学制品,15104080,其他化学制品
603868,飞科电器,25,可选消费,2520,耐用消费品,252010,家用电器,25201030,小家电
603869,ST智知,45,信息技术,4510,计算机,451020,信息技术服务,45102010,系统集成服务
603871,嘉友国际,20,工业,2070,交通运输,207010,运输业,20701020,物流综合
603876,鼎胜新材,15,原材料,1520,有色金属,152010,工业金属,15201020,铝
603877,太平鸟,25,可选消费,2530,纺织服装与珠宝,253010,纺织服装,25301020,服装
603878,武进不锈,15,原材料,1530,钢铁,153010,钢铁,15301020,特钢
603879,永悦科技,15,原材料,1510,化工,151050,塑料,15105020,合成树脂
603880,南卫股份,35,医药卫生,3510,医疗,351010,医疗器械,35101020,医疗耗材
603881,数据港,50,通信服务,5020,通信设备及技术服务,502020,数据中心,50202010,数据中心
603882,金域医学,35,医药卫生,3510,医疗,351010,医疗器械,35101030,体外诊断
603883,老百姓,35,医药卫生,3510,医疗,351020,医疗商业与服务,35102020,医药商业
603885,吉祥航空,20,工业,2070,交通运输,207010,运输业,20701030,航空运输
603886,元祖股份,30,主要消费,3010,食品、饮料与烟草,301030,食品,30103040,休闲食品
603887,城地香江,50,通信服务,5020,通信设备及技术服务,502020,数据中心,50202010,数据中心
603888,新华网,50,通信服务,5030,传媒,503030,数字媒体,50303030,图文媒体
603889,新澳股份,25,可选消费,2530,纺织服装与珠宝,253010,纺织服装,25301010,纺织品
603890,春秋电子,45,信息技术,4520,电子,452010,电子终端及组件,45201010,电脑与外围设备
603893,瑞芯微,45,信息技术,4530,半导体,453010,集成电路,45301010,集成电路设计
603895,天永智能,20,工业,2040,机械制造,204020,专用机械,20402080,其他专用机械
603896,寿仙谷,35,医药卫生,3520,医药,352030,中药,35203010,中药饮片
603897,长城科技,45,信息技术,4520,电子,452050,其他电子,45205010,其他电子
603898,好莱客,25,可选消费,2520,耐用消费品,252020,家居,25202010,家具
603899,晨光股份,20,工业,2060,商业服务与用品,206010,商业服务与用品,20601030,办公服务与用品
603900,莱绅通灵,25,可选消费,2530,纺织服装与珠宝,253020,珠宝与奢侈品,25302010,珠宝与奢侈品
603901,永创智能,20,工业,2040,机械制造,204020,专用机械,20402040,印刷包装机械
603903,中持股份,20,工业,2050,环保,205010,污染治理,20501020,污水处理
603906,龙蟠科技,20,工业,2030,电力设备,203030,储能设备,20303020,电池部件及材料
603908,牧高笛,25,可选消费,2520,耐用消费品,252030,休闲设备与用品,25203010,休闲设备与用品
603909,建发合诚,20,工业,2020,建筑装饰,202010,建筑与工程,20201050,建筑设计及服务
603912,佳力图,20,工业,2040,机械制造,204020,专用机械,20402070,楼宇设备
603915,国茂股份,20,工业,2040,机械制造,204010,通用机械,20401020,动力机械
603916,苏博特,15,原材料,1540,非金属材料,154010,建筑材料,15401010,水泥与混凝土
603917,合力科技,25,可选消费,2510,乘用车及零部件,251010,汽车零部件与轮胎,25101050,其他汽车零部件
603918,金桥信息,45,信息技术,4510,计算机,451020,信息技术服务,45102010,系统集成服务
603919,金徽酒,30,主要消费,3010,食品、饮料与烟草,301010,酒,30101010,白酒
603920,世运电路,45,信息技术,4520,电子,452020,电子元件,45202010,印制电路板
603922,金鸿顺,25,可选消费,2510,乘用车及零部件,251010,汽车零部件与轮胎,25101050,其他汽车零部件
603926,铁流股份,25,可选消费,2510,乘用车及零部件,251010,汽车零部件与轮胎,25101010,汽车系统部件
603927,中科软,45,信息技术,4510,计算机,451010,软件开发,45101020,行业应用软件
603928,兴业股份,15,原材料,1510,化工,151050,塑料,15105020,合成树脂
603929,亚翔集成,20,工业,2020,建筑装饰,202020,建筑装修,20202010,建筑装修
603931,格林达,45,信息技术,4520,电子,452040,电子化学品,45204010,电子化学品
603933,睿能科技,20,工业,2060,商业服务与用品,206010,商业服务与用品,20601040,贸易商
603936,博敏电子,45,信息技术,4520,电子,452020,电子元件,45202010,印制电路板
603937,丽岛新材,15,原材料,1520,有色金属,152010,工业金属,15201020,铝
603938,三孚股份,15,原材料,1510,化工,151030,化学原料,15103050,其他化学原料
603939,益丰药房,35,医药卫生,3510,医疗,351020,医疗商业与服务,35102020,医药商业
603948,建业股份,15,原材料,1510,化工,151040,化学制品,15104080,其他化学制品
603949,雪龙集团,25,可选消费,2510,乘用车及零部件,251010,汽车零部件与轮胎,25101010,汽车系统部件
603950,长源东谷,25,可选消费,2510,乘用车及零部件,251010,汽车零部件与轮胎,25101010,汽车系统部件
603955,大千生态,20,工业,2020,建筑装饰,202010,建筑与工程,20201030,园林工程
603956,威派格,20,工业,2040,机械制造,204020,专用机械,20402080,其他专用机械
603958,哈森股份,25,可选消费,2530,纺织服装与珠宝,253010,纺织服装,25301030,鞋帽与配饰
603959,百利科技,20,工业,2020,建筑装饰,202010,建筑与工程,20201040,专业工程
603960,克来机电,25,可选消费,2510,乘用车及零部件,251010,汽车零部件与轮胎,25101010,汽车系统部件
603966,法兰泰克,20,工业,2040,机械制造,204020,专用机械,20402010,工程机械
603967,中创物流,20,工业,2070,交通运输,207010,运输业,20701020,物流综合
603968,醋化股份,30,主要消费,3010,食品、饮料与烟草,301030,食品,30103050,其他食品
603969,银龙股份,15,原材料,1530,钢铁,153010,钢铁,15301030,其他钢铁
603970,中农立华,20,工业,2060,商业服务与用品,206010,商业服务与用品,20601040,贸易商
603976,正川股份,35,医药卫生,3510,医疗,351010,医疗器械,35101020,医疗耗材
603977,国泰集团,15,原材料,1510,化工,151040,化学制品,15104010,民爆制品
603978,深圳新星,15,原材料,1520,有色金属,152010,工业金属,15201020,铝
603979,金诚信,20,工业,2020,建筑装饰,202010,建筑与工程,20201040,专业工程
603980,吉华集团,15,原材料,1510,化工,151040,化学制品,15104030,印染化学品
603982,泉峰汽车,25,可选消费,2510,乘用车及零部件,251010,汽车零部件与轮胎,25101010,汽车系统部件
603983,丸美生物,30,主要消费,3030,家庭与个人用品,303020,美容护理,30302010,美容护理
603985,恒润股份,20,工业,2030,电力设备,203010,发电设备,20301020,风电设备
603986,兆易创新,45,信息技术,4530,半导体,453010,集成电路,45301010,集成电路设计
603987,康德莱,35,医药卫生,3510,医疗,351010,医疗器械,35101020,医疗耗材
603988,中电电机,20,工业,2030,电力设备,203010,发电设备,20301030,其他发电设备
603989,艾华集团,45,信息技术,4520,电子,452020,电子元件,45202020,被动元件
603990,麦迪科技,45,信息技术,4510,计算机,451010,软件开发,45101020,行业应用软件
603991,至正股份,45,信息技术,4530,半导体,453030,半导体材料与设备,45303010,半导体材料
603992,松霖科技,25,可选消费,2520,耐用消费品,252020,家居,25202020,其他家居
603993,洛阳钼业,15,原材料,1520,有色金属,152010,工业金属,15201010,铜
603995,甬金股份,15,原材料,1530,钢铁,153010,钢铁,15301020,特钢
603997,继峰股份,25,可选消费,2510,乘用车及零部件,251010,汽车零部件与轮胎,25101020,汽车内饰与外饰
603998,方盛制药,35,医药卫生,3520,医药,352030,中药,35203020,中成药
603999,读者传媒,50,通信服务,5030,传媒,503020,文化娱乐,50302030,出版
6049.HK,保利物业,60,房地产,6010,房地产,601020,房地产管理与服务,60102010,房地产管理
605001,威奥股份,20,工业,2040,机械制造,204030,交通运输设备,20403010,城轨铁路
605003,众望布艺,25,可选消费,2530,纺织服装与珠宝,253010,纺织服装,25301040,家用纺织
605005,合兴股份,25,可选消费,2510,乘用车及零部件,251010,汽车零部件与轮胎,25101030,汽车电子
605006,山东玻纤,15,原材料,1540,非金属材料,154020,其他非金属材料,15402010,玻璃纤维
605007,五洲特纸,15,原材料,1550,造纸与包装,155010,容器与包装,15501020,纸材料包装
605008,长鸿高科,15,原材料,1510,化工,151060,橡胶,15106020,橡胶制品
605009,豪悦护理,30,主要消费,3030,家庭与个人用品,303010,家庭用品,30301010,家庭用品
605011,杭州热电,55,公用事业,5510,公用事业,551050,供热及其他,55105010,供热及其他
605016,百龙创园,30,主要消费,3010,食品、饮料与烟草,301030,食品,30103050,其他食品
605018,长华集团,25,可选消费,2510,乘用车及零部件,251010,汽车零部件与轮胎,25101050,其他汽车零部件
605020,永和股份,15,原材料,1510,化工,151040,化学制品,15104040,氟化工
605028,世茂能源,55,公用事业,5510,公用事业,551050,供热及其他,55105010,供热及其他
605033,美邦股份,15,原材料,1510,化工,151010,农用化工,15101040,农药
605050,福然德,20,工业,2070,交通运输,207010,运输业,20701020,物流综合
605055,迎丰股份,25,可选消费,2530,纺织服装与珠宝,253010,纺织服装,25301010,纺织品
605056,咸亨国际,20,工业,2030,电力设备,203020,电网设备,20302010,电网自动化
605058,澳弘电子,45,信息技术,4520,电子,452020,电子元件,45202010,印制电路板
605060,联德股份,20,工业,2040,机械制造,204010,通用机械,20401030,气液机械
605066,天正电气,20,工业,2030,电力设备,203020,电网设备,20302030,配电设备
605068,明新旭腾,25,可选消费,2510,乘用车及零部件,251010,汽车零部件与轮胎,25101020,汽车内饰与外饰
605069,正和生态,20,工业,2050,环保,205020,节能与生态修复,20502030,生态修复
605077,华康股份,30,主要消费,3010,食品、饮料与烟草,301030,食品,30103050,其他食品
605080,浙江自然,25,可选消费,2520,耐用消费品,252030,休闲设备与用品,25203010,休闲设备与用品
605081,*ST太和,20,工业,2050,环保,205020,节能与生态修复,20502030,生态修复
605086,龙高股份,15,原材料,1540,非金属材料,154020,其他非金属材料,15402020,其他非金属材料
605088,冠盛股份,25,可选消费,2510,乘用车及零部件,251010,汽车零部件与轮胎,25101010,汽车系统部件
605089,味知香,30,主要消费,3010,食品、饮料与烟草,301030,食品,30103050,其他食品
605090,九丰能源,55,公用事业,5510,公用事业,551020,燃气,55102010,燃气
605098,行动教育,25,可选消费,2540,消费者服务,254020,教育服务,25402020,培训教育及其他
605099,共创草坪,20,工业,2060,商业服务与用品,206010,商业服务与用品,20601050,其他商业服务与用品
605100,华丰股份,20,工业,2040,机械制造,204010,通用机械,20401020,动力机械
605108,同庆楼,25,可选消费,2540,消费者服务,254010,休闲服务,25401040,餐饮服务
605111,新洁能,45,信息技术,4530,半导体,453020,分立器件,45302010,分立器件
605116,奥锐特,35,医药卫生,3520,医药,352020,化学药,35202010,原料药
605117,德业股份,20,工业,2030,电力设备,203010,发电设备,20301010,光伏设备
605118,力鼎光电,45,信息技术,4520,电子,452030,光学光电子,45203030,光学元件
605122,四方新材,15,原材料,1540,非金属材料,154010,建筑材料,15401010,水泥与混凝土
605123,派克新材,20,工业,2040,机械制造,204010,通用机械,20401070,其他通用机械
605128,上海沿浦,25,可选消费,2510,乘用车及零部件,251010,汽车零部件与轮胎,25101020,汽车内饰与外饰
605133,嵘泰股份,25,可选消费,2510,乘用车及零部件,251010,汽车零部件与轮胎,25101050,其他汽车零部件
605136,丽人丽妆,25,可选消费,2550,零售业,255040,互联网零售,25504010,互联网零售
605138,盛泰集团,25,可选消费,2530,纺织服装与珠宝,253010,纺织服装,25301020,服装
605151,西上海,25,可选消费,2510,乘用车及零部件,251010,汽车零部件与轮胎,25101020,汽车内饰与外饰
605155,西大门,20,工业,2020,建筑装饰,202030,建筑产品,20203010,建筑产品
605158,华达新材,15,原材料,1530,钢铁,153010,钢铁,15301030,其他钢铁
605162,新中港,55,公用事业,5510,公用事业,551050,供热及其他,55105010,供热及其他
605166,聚合顺,15,原材料,1510,化工,151020,化学纤维,15102010,锦纶与涤纶
605167,利柏特,20,工业,2020,建筑装饰,202010,建筑与工程,20201040,专业工程
605168,三人行,50,通信服务,5030,传媒,503010,营销与广告,50301010,数字营销
605169,洪通燃气,55,公用事业,5510,公用事业,551020,燃气,55102010,燃气
605177,东亚药业,35,医药卫生,3520,医药,352020,化学药,35202010,原料药
605178,时空科技,20,工业,2020,建筑装饰,202010,建筑与工程,20201040,专业工程
605179,一鸣食品,30,主要消费,3010,食品、饮料与烟草,301030,食品,30103030,乳制品
605180,华生科技,25,可选消费,2530,纺织服装与珠宝,253010,纺织服装,25301010,纺织品
605183,确成股份,15,原材料,1510,化工,151060,橡胶,15106010,橡胶助剂
605186,健麾信息,20,工业,2040,机械制造,204020,专用机械,20402080,其他专用机械
605188,国光连锁,25,可选消费,2550,零售业,255010,一般零售,25501020,超市与便利店
605189,富春染织,25,可选消费,2530,纺织服装与珠宝,253010,纺织服装,25301010,纺织品
605196,华通线缆,20,工业,2030,电力设备,203020,电网设备,20302040,线缆及其他
605198,安德利,30,主要消费,3010,食品、饮料与烟草,301020,软饮料,30102010,软饮料
605199,ST葫芦娃,35,医药卫生,3520,医药,352030,中药,35203020,中成药
605208,永茂泰,15,原材料,1520,有色金属,152010,工业金属,15201020,铝
605218,伟时电子,45,信息技术,4520,电子,452030,光学光电子,45203010,面板
605222,起帆电缆,20,工业,2030,电力设备,203020,电网设备,20302040,线缆及其他
605228,神通科技,25,可选消费,2510,乘用车及零部件,251010,汽车零部件与轮胎,25101020,汽车内饰与外饰
605255,天普股份,25,可选消费,2510,乘用车及零部件,251010,汽车零部件与轮胎,25101010,汽车系统部件
605258,协和电子,45,信息技术,4520,电子,452020,电子元件,45202010,印制电路板
605259,绿田机械,20,工业,2040,机械制造,204010,通用机械,20401070,其他通用机械
605266,健之佳,35,医药卫生,3510,医疗,351020,医疗商业与服务,35102020,医药商业
605268,王力安防,20,工业,2020,建筑装饰,202030,建筑产品,20203010,建筑产品
605277,新亚电子,50,通信服务,5020,通信设备及技术服务,502010,通信设备,50201020,通信系统设备及组件
605286,同力天启,20,工业,2040,机械制造,204020,专用机械,20402070,楼宇设备
605287,德才股份,20,工业,2020,建筑装饰,202020,建筑装修,20202010,建筑装修
605288,凯迪股份,20,工业,2040,机械制造,204010,通用机械,20401040,电动机与工控自动化
605289,罗曼股份,20,工业,2020,建筑装饰,202010,建筑与工程,20201040,专业工程
605296,神农集团,30,主要消费,3020,农牧渔,302020,养殖,30202030,畜牧产品
605298,必得科技,20,工业,2040,机械制造,204030,交通运输设备,20403010,城轨铁路
605299,舒华体育,25,可选消费,2520,耐用消费品,252030,休闲设备与用品,25203010,休闲设备与用品
605300,佳禾食品,30,主要消费,3010,食品、饮料与烟草,301030,食品,30103050,其他食品
605303,园林股份,20,工业,2020,建筑装饰,202010,建筑与工程,20201030,园林工程
605305,中际联合,20,工业,2040,机械制造,204020,专用机械,20402080,其他专用机械
605318,法狮龙,20,工业,2020,建筑装饰,202030,建筑产品,20203010,建筑产品
605319,无锡振华,25,可选消费,2510,乘用车及零部件,251010,汽车零部件与轮胎,25101050,其他汽车零部件
605333,沪光股份,25,可选消费,2510,乘用车及零部件,251010,汽车零部件与轮胎,25101030,汽车电子
605336,帅丰电器,25,可选消费,2520,耐用消费品,252010,家用电器,25201050,厨卫电器
605337,李子园,30,主要消费,3010,食品、饮料与烟草,301020,软饮料,30102010,软饮料
605338,巴比食品,30,主要消费,3010,食品、饮料与烟草,301030,食品,30103050,其他食品
605339,南侨食品,30,主要消费,3010,食品、饮料与烟草,301030,食品,30103050,其他食品
605358,立昂微,45,信息技术,4530,半导体,453030,半导体材料与设备,45303010,半导体材料
605365,立达信,25,可选消费,2520,耐用消费品,252010,家用电器,25201040,照明电器
605366,宏柏新材,15,原材料,1510,化工,151040,化学制品,15104050,有机硅
605368,蓝天燃气,55,公用事业,5510,公用事业,551020,燃气,55102010,燃气
605369,拱东医疗,35,医药卫生,3510,医疗,351010,医疗器械,35101020,医疗耗材
605376,博迁新材,15,原材料,1520,有色金属,152010,工业金属,15201040,钴镍
605377,华旺科技,15,原材料,1550,造纸与包装,155020,纸类与林业产品,15502020,纸制品
605378,野马电池,20,工业,2030,电力设备,203030,储能设备,20303010,电池
605388,均瑶健康,30,主要消费,3010,食品、饮料与烟草,301020,软饮料,30102010,软饮料
605389,长龄液压,20,工业,2040,机械制造,204020,专用机械,20402010,工程机械
605398,新炬网络,50,通信服务,5020,通信设备及技术服务,502020,数据中心,50202010,数据中心
605399,晨光新材,15,原材料,1510,化工,151040,化学制品,15104050,有机硅
605488,福莱新材,15,原材料,1510,化工,151050,塑料,15105030,膜材料
605499,东鹏饮料,30,主要消费,3010,食品、饮料与烟草,301020,软饮料,30102010,软饮料
6055.HK,中烟香港,25,可选消费,2550,零售业,255020,专营零售,25502010,专营零售
605500,森林包装,15,原材料,1550,造纸与包装,155010,容器与包装,15501020,纸材料包装
605507,国邦医药,35,医药卫生,3520,医药,352020,化学药,35202010,原料药
605555,德昌股份,25,可选消费,2520,耐用消费品,252010,家用电器,25201030,小家电
605566,福莱蒽特,15,原材料,1510,化工,151040,化学制品,15104030,印染化学品
605567,春雪食品,30,主要消费,3010,食品、饮料与烟草,301030,食品,30103010,肉制品
605577,龙版传媒,50,通信服务,5030,传媒,503020,文化娱乐,50302030,出版
605580,恒盛能源,55,公用事业,5510,公用事业,551050,供热及其他,55105010,供热及其他
605588,冠石科技,45,信息技术,4520,电子,452030,光学光电子,45203010,面板
605589,圣泉集团,15,原材料,1510,化工,151050,塑料,15105020,合成树脂
605598,上海港湾,20,工业,2020,建筑装饰,202010,建筑与工程,20201040,专业工程
605599,菜百股份,25,可选消费,2530,纺织服装与珠宝,253020,珠宝与奢侈品,25302010,珠宝与奢侈品
6058.HK,兴证国际,40,金融,4030,资本市场,403010,证券公司,40301010,证券公司
6060.HK,众安在线,40,金融,4040,保险,404010,保险,40401020,多元化保险
6063.HK,智中国际,20,工业,2020,建筑装饰,202020,建筑装修,20202010,建筑装修
6066.HK,中信建投证券,40,金融,4030,资本市场,403010,证券公司,40301010,证券公司
6068.HK,光正教育,25,可选消费,2540,消费者服务,254020,教育服务,25402010,学历教育
6069.HK,盛业,40,金融,4020,其他金融,402010,其他金融服务,40201020,特殊金融服务
6078.HK,海吉亚医疗,35,医药卫生,3510,医疗,351020,医疗商业与服务,35102010,医疗服务
6080.HK,荣智控股,20,工业,2020,建筑装饰,202010,建筑与工程,20201040,专业工程
6082.HK,壁仞科技,45,信息技术,4530,半导体,453010,集成电路,45301010,集成电路设计
6083.HK,环宇物流(亚洲),20,工业,2070,交通运输,207010,运输业,20701020,物流综合
6086.HK,方舟健客,35,医药卫生,3510,医疗,351020,医疗商业与服务,35102010,医疗服务
6088.HK,FIT HON TENG,45,信息技术,4520,电子,452010,电子终端及组件,45201030,消费电子组件及零部件
6090.HK,不同集团,25,可选消费,2520,耐用消费品,252030,休闲设备与用品,25203010,休闲设备与用品
6093.HK,和泓服务,60,房地产,6010,房地产,601020,房地产管理与服务,60102010,房地产管理
6098.HK,碧桂园服务,60,房地产,6010,房地产,601020,房地产管理与服务,60102010,房地产管理
6099.HK,招商证券,40,金融,4030,资本市场,403010,证券公司,40301010,证券公司
6100.HK,同道猎聘,20,工业,2060,商业服务与用品,206010,商业服务与用品,20601050,其他商业服务与用品
6108.HK,新锐医药,35,医药卫生,3510,医疗,351020,医疗商业与服务,35102020,医药商业
6110.HK,滔搏,25,可选消费,2550,零售业,255020,专营零售,25502010,专营零售
6113.HK,比特策略,20,工业,2060,商业服务与用品,206010,商业服务与用品,20601050,其他商业服务与用品
6117.HK,日照港裕廊,20,工业,2070,交通运输,207020,交通基本设施,20702020,港口
6118.HK,奥星生命科技,20,工业,2040,机械制造,204020,专用机械,20402080,其他专用机械
6119.HK,天源集团,20,工业,2060,商业服务与用品,206010,商业服务与用品,20601040,贸易商
6123.HK,圆通国际快递,20,工业,2070,交通运输,207010,运输业,20701020,物流综合
6127.HK,昭衍新药,35,医药卫生,3520,医药,352040,制药与生物科技服务,35204010,制药与生物科技服务
6128.HK,烯石电车新材料,15,原材料,1540,非金属材料,154020,其他非金属材料,15402020,其他非金属材料
6133.HK,维太创科,45,信息技术,4520,电子,452010,电子终端及组件,45201020,消费电子终端
6136.HK,康达环保,20,工业,2050,环保,205010,污染治理,20501020,污水处理
6138.HK,哈尔滨银行,40,金融,4010,银行,401010,商业银行,40101020,区域性银行
6158.HK,正荣地产,60,房地产,6010,房地产,601010,房地产开发与园区,60101010,房地产开发
6160.HK,百济神州,35,医药卫生,3520,医药,352020,化学药,35202020,药品制剂
6162.HK,天瑞汽车内饰,25,可选消费,2510,乘用车及零部件,251010,汽车零部件与轮胎,25101020,汽车内饰与外饰
6163.HK,彭顺国际,20,工业,2040,机械制造,204030,交通运输设备,20403030,商用车
6166.HK,剑桥科技,50,通信服务,5020,通信设备及技术服务,502010,通信设备,50201020,通信系统设备及组件
6168.HK,周六福,25,可选消费,2530,纺织服装与珠宝,253020,珠宝与奢侈品,25302010,珠宝与奢侈品
6169.HK,宇华教育,25,可选消费,2540,消费者服务,254020,教育服务,25402010,学历教育
6178.HK,光大证券,40,金融,4030,资本市场,403010,证券公司,40301010,证券公司
6181.HK,老铺黄金,25,可选消费,2530,纺织服装与珠宝,253020,珠宝与奢侈品,25302010,珠宝与奢侈品
6182.HK,乙德投资控股,20,工业,2020,建筑装饰,202020,建筑装修,20202010,建筑装修
6185.HK,康希诺生物-B,35,医药卫生,3520,医药,352010,生物药品,35201020,疫苗
6186.HK,中国飞鹤,30,主要消费,3010,食品、饮料与烟草,301030,食品,30103030,乳制品
6188.HK,迪信通,25,可选消费,2550,零售业,255020,专营零售,25502010,专营零售
6189.HK,爱得威建设集团,20,工业,2020,建筑装饰,202020,建筑装修,20202010,建筑装修
6190.HK,九江银行,40,金融,4010,银行,401010,商业银行,40101020,区域性银行
6193.HK,泰林科建,15,原材料,1540,非金属材料,154010,建筑材料,15401010,水泥与混凝土
6196.HK,郑州银行,40,金融,4010,银行,401010,商业银行,40101020,区域性银行
6198.HK,青岛港,20,工业,2070,交通运输,207020,交通基本设施,20702020,港口
6199.HK,贵州银行,40,金融,4010,银行,401010,商业银行,40101020,区域性银行
6288.HK,FAST RETAIL-DRS,25,可选消费,2530,纺织服装与珠宝,253010,纺织服装,25301020,服装
6600.HK,卧安机器人,25,可选消费,2520,耐用消费品,252010,家用电器,25201030,小家电
6601.HK,朝云集团,30,主要消费,3030,家庭与个人用品,303010,家庭用品,30301010,家庭用品
6603.HK,IFBH,30,主要消费,3010,食品、饮料与烟草,301020,软饮料,30102010,软饮料
6608.HK,百融云-W,45,信息技术,4510,计算机,451020,信息技术服务,45102030,其他IT与互联网服务
6609.HK,心玮医疗-B,35,医药卫生,3510,医疗,351010,医疗器械,35101020,医疗耗材
6610.HK,飞天云动,45,信息技术,4510,计算机,451020,信息技术服务,45102030,其他IT与互联网服务
6611.HK,三巽集团,60,房地产,6010,房地产,601010,房地产开发与园区,60101010,房地产开发
6613.HK,蓝思科技,45,信息技术,4520,电子,452010,电子终端及组件,45201030,消费电子组件及零部件
6616.HK,环球新材国际,15,原材料,1510,化工,151040,化学制品,15104020,涂料油墨
6618.HK,京东健康,35,医药卫生,3510,医疗,351020,医疗商业与服务,35102020,医药商业
6622.HK,兆科眼科-B,35,医药卫生,3510,医疗,351010,医疗器械,35101020,医疗耗材
6623.HK,陆控,40,金融,4020,其他金融,402010,其他金融服务,40201020,特殊金融服务
6626.HK,越秀服务,60,房地产,6010,房地产,601020,房地产管理与服务,60102010,房地产管理
6628.HK,创胜集团-B,35,医药卫生,3520,医药,352040,制药与生物科技服务,35204010,制药与生物科技服务
6633.HK,青瓷游戏,50,通信服务,5030,传媒,503020,文化娱乐,50302020,游戏
6636.HK,极视角,45,信息技术,4510,计算机,451010,软件开发,45101010,通用软件
6639.HK,瑞尔集团,35,医药卫生,3510,医疗,351020,医疗商业与服务,35102010,医疗服务
6651.HK,五一视界,45,信息技术,4510,计算机,451010,软件开发,45101010,通用软件
6655.HK,华新建材,15,原材料,1540,非金属材料,154010,建筑材料,15401010,水泥与混凝土
6657.HK,百望股份,45,信息技术,4510,计算机,451020,信息技术服务,45102020,云计算服务
6660.HK,艾美疫苗,35,医药卫生,3520,医药,352010,生物药品,35201020,疫苗
6661.HK,湖州燃气,55,公用事业,5510,公用事业,551020,燃气,55102010,燃气
6663.HK,国际永胜集团,20,工业,2060,商业服务与用品,206010,商业服务与用品,20601050,其他商业服务与用品
6666.HK,恒大物业,60,房地产,6010,房地产,601020,房地产管理与服务,60102010,房地产管理
6667.HK,美因基因,35,医药卫生,3510,医疗,351010,医疗器械,35101030,体外诊断
6668.HK,星盛商业,60,房地产,6010,房地产,601020,房地产管理与服务,60102010,房地产管理
6669.HK,先瑞达医疗-B,35,医药卫生,3510,医疗,351010,医疗器械,35101020,医疗耗材
6676.HK,找钢网-W,45,信息技术,4510,计算机,451020,信息技术服务,45102030,其他IT与互联网服务
6677.HK,远洋服务,60,房地产,6010,房地产,601020,房地产管理与服务,60102010,房地产管理
6680.HK,金力永磁,15,原材料,1520,有色金属,152030,稀有金属,15203010,稀土金属
6681.HK,脑动极光-B,35,医药卫生,3510,医疗,351010,医疗器械,35101010,医疗设备
6682.HK,范式智能,45,信息技术,4510,计算机,451010,软件开发,45101010,通用软件
6683.HK,巨星传奇,30,主要消费,3010,食品、饮料与烟草,301020,软饮料,30102010,软饮料
6686.HK,诺亚控股,40,金融,4030,资本市场,403020,其他资本市场,40302010,资产管理
6687.HK,聚水潭,45,信息技术,4510,计算机,451020,信息技术服务,45102020,云计算服务
6690.HK,海尔智家,25,可选消费,2520,耐用消费品,252010,家用电器,25201010,白色家电
6693.HK,赤峰黄金,15,原材料,1520,有色金属,152020,贵金属,15202010,黄金
6696.HK,多想云,50,通信服务,5030,传媒,503010,营销与广告,50301010,数字营销
6698.HK,星空华文,50,通信服务,5030,传媒,503020,文化娱乐,50302010,影视动漫
6699.HK,时代天使,35,医药卫生,3510,医疗,351010,医疗器械,35101020,医疗耗材
6805.HK,金茂源环保,60,房地产,6010,房地产,601020,房地产管理与服务,60102020,房地产服务
6806.HK,申万宏源,40,金融,4030,资本市场,403010,证券公司,40301010,证券公司
6808.HK,高鑫零售,25,可选消费,2550,零售业,255010,一般零售,25501020,超市与便利店
6809.HK,澜起科技,45,信息技术,4530,半导体,453010,集成电路,45301010,集成电路设计
6811.HK,太兴集团,25,可选消费,2540,消费者服务,254010,休闲服务,25401040,餐饮服务
6812.HK,永顺控股香港,20,工业,2060,商业服务与用品,206010,商业服务与用品,20601050,其他商业服务与用品
6816.HK,PROSPER CONS,20,工业,2020,建筑装饰,202010,建筑与工程,20201040,专业工程
6818.HK,中国光大银行,40,金融,4010,银行,401010,商业银行,40101010,综合性银行
6820.HK,友谊时光,50,通信服务,5030,传媒,503020,文化娱乐,50302020,游戏
6821.HK,凯莱英,35,医药卫生,3520,医药,352040,制药与生物科技服务,35204010,制药与生物科技服务
6822.HK,科劲国际,25,可选消费,2520,耐用消费品,252020,家居,25202020,其他家居
6823.HK,香港电讯-SS,50,通信服务,5010,电信服务,501010,电信运营服务,50101010,电信运营服务
6826.HK,昊海生物科技,35,医药卫生,3510,医疗,351010,医疗器械,35101020,医疗耗材
6828.HK,北京燃气蓝天,55,公用事业,5510,公用事业,551020,燃气,55102010,燃气
6829.HK,龙升集团控股,20,工业,2020,建筑装饰,202010,建筑与工程,20201040,专业工程
6830.HK,华众车载,25,可选消费,2510,乘用车及零部件,251010,汽车零部件与轮胎,25101020,汽车内饰与外饰
6831.HK,绿茶集团,25,可选消费,2540,消费者服务,254010,休闲服务,25401040,餐饮服务
6833.HK,兴科蓉医药,35,医药卫生,3510,医疗,351020,医疗商业与服务,35102020,医药商业
6838.HK,盈利时,25,可选消费,2530,纺织服装与珠宝,253010,纺织服装,25301030,鞋帽与配饰
6839.HK,云南水务,55,公用事业,5510,公用事业,551030,水务,55103010,水务
6855.HK,亚盛医药-B,35,医药卫生,3520,医药,352020,化学药,35202020,药品制剂
6858.HK,本间高尔夫,25,可选消费,2520,耐用消费品,252030,休闲设备与用品,25203010,休闲设备与用品
6860.HK,指尖悦动,50,通信服务,5030,传媒,503020,文化娱乐,50302020,游戏
6862.HK,海底捞,25,可选消费,2540,消费者服务,254010,休闲服务,25401040,餐饮服务
6865.HK,福莱特玻璃,20,工业,2030,电力设备,203010,发电设备,20301010,光伏设备
6866.HK,佐力小贷,40,金融,4020,其他金融,402010,其他金融服务,40201020,特殊金融服务
6868.HK,天福,30,主要消费,3020,农牧渔,302010,种植,30201010,农产品
6869.HK,长飞光纤光缆,50,通信服务,5020,通信设备及技术服务,502010,通信设备,50201020,通信系统设备及组件
6877.HK,卓著健康,30,主要消费,3010,食品、饮料与烟草,301030,食品,30103050,其他食品
6878.HK,鼎丰集团汽车,40,金融,4020,其他金融,402010,其他金融服务,40201020,特殊金融服务
688001,华兴源创,20,工业,2040,机械制造,204020,专用机械,20402080,其他专用机械
688002,睿创微纳,45,信息技术,4530,半导体,453010,集成电路,45301010,集成电路设计
688003,天准科技,20,工业,2040,机械制造,204010,通用机械,20401050,仪器仪表
688004,博汇科技,45,信息技术,4510,计算机,451020,信息技术服务,45102010,系统集成服务
688005,容百科技,20,工业,2030,电力设备,203030,储能设备,20303020,电池部件及材料
688006,杭可科技,20,工业,2040,机械制造,204020,专用机械,20402080,其他专用机械
688007,光峰科技,25,可选消费,2520,耐用消费品,252010,家用电器,25201030,小家电
688008,澜起科技,45,信息技术,4530,半导体,453010,集成电路,45301010,集成电路设计
688009,中国通号,20,工业,2040,机械制造,204030,交通运输设备,20403010,城轨铁路
688010,福光股份,45,信息技术,4520,电子,452030,光学光电子,45203030,光学元件
688011,新光光电,20,工业,2010,航空航天与国防,201010,航空航天,20101020,航天
688012,中微公司,45,信息技术,4530,半导体,453030,半导体材料与设备,45303020,半导体设备
688013,天臣医疗,35,医药卫生,3510,医疗,351010,医疗器械,35101020,医疗耗材
688015,交控科技,20,工业,2040,机械制造,204030,交通运输设备,20403010,城轨铁路
688016,心脉医疗,35,医药卫生,3510,医疗,351010,医疗器械,35101020,医疗耗材
688017,绿的谐波,20,工业,2040,机械制造,204010,通用机械,20401040,电动机与工控自动化
688018,乐鑫科技,45,信息技术,4530,半导体,453010,集成电路,45301010,集成电路设计
688019,安集科技,45,信息技术,4530,半导体,453030,半导体材料与设备,45303010,半导体材料
688020,方邦股份,45,信息技术,4520,电子,452020,电子元件,45202010,印制电路板
688021,奥福科技,20,工业,2050,环保,205010,污染治理,20501030,烟气治理
688022,瀚川智能,20,工业,2040,机械制造,204020,专用机械,20402080,其他专用机械
688023,安恒信息,45,信息技术,4510,计算机,451010,软件开发,45101010,通用软件
688025,杰普特,20,工业,2040,机械制造,204010,通用机械,20401040,电动机与工控自动化
688026,洁特生物,35,医药卫生,3520,医药,352040,制药与生物科技服务,35204010,制药与生物科技服务
688027,国盾量子,50,通信服务,5020,通信设备及技术服务,502010,通信设备,50201020,通信系统设备及组件
688028,沃尔德,20,工业,2040,机械制造,204010,通用机械,20401010,加工机械
688029,南微医学,35,医药卫生,3510,医疗,351010,医疗器械,35101020,医疗耗材
688030,山石网科,45,信息技术,4510,计算机,451020,信息技术服务,45102010,系统集成服务
688031,星环科技,45,信息技术,4510,计算机,451010,软件开发,45101010,通用软件
688032,禾迈股份,20,工业,2030,电力设备,203010,发电设备,20301010,光伏设备
688033,天宜新材,20,工业,2030,电力设备,203010,发电设备,20301010,光伏设备
688035,德邦科技,45,信息技术,4520,电子,452040,电子化学品,45204010,电子化学品
688036,传音控股,45,信息技术,4520,电子,452010,电子终端及组件,45201020,消费电子终端
688037,芯源微,45,信息技术,4530,半导体,453030,半导体材料与设备,45303020,半导体设备
688038,中科通达,45,信息技术,4510,计算机,451020,信息技术服务,45102010,系统集成服务
688039,当虹科技,45,信息技术,4510,计算机,451010,软件开发,45101010,通用软件
688041,海光信息,45,信息技术,4530,半导体,453010,集成电路,45301010,集成电路设计
688045,必易微,45,信息技术,4530,半导体,453010,集成电路,45301010,集成电路设计
688046,药康生物,35,医药卫生,3520,医药,352040,制药与生物科技服务,35204010,制药与生物科技服务
688047,龙芯中科,45,信息技术,4530,半导体,453010,集成电路,45301010,集成电路设计
688048,长光华芯,45,信息技术,4520,电子,452030,光学光电子,45203030,光学元件
688049,炬芯科技,45,信息技术,4530,半导体,453010,集成电路,45301010,集成电路设计
688050,爱博医疗,35,医药卫生,3510,医疗,351010,医疗器械,35101020,医疗耗材
688051,佳华科技,45,信息技术,4510,计算机,451020,信息技术服务,45102010,系统集成服务
688052,纳芯微,45,信息技术,4530,半导体,453010,集成电路,45301010,集成电路设计
688053,ST思科瑞,20,工业,2010,航空航天与国防,201020,国防装备,20102010,国防装备
688055,龙腾光电,45,信息技术,4520,电子,452030,光学光电子,45203010,面板
688056,莱伯泰科,20,工业,2040,机械制造,204010,通用机械,20401050,仪器仪表
688057,金达莱,20,工业,2050,环保,205010,污染治理,20501020,污水处理
688058,宝兰德,45,信息技术,4510,计算机,451010,软件开发,45101010,通用软件
688059,华锐精密,20,工业,2040,机械制造,204010,通用机械,20401010,加工机械
688060,云涌科技,45,信息技术,4510,计算机,451020,信息技术服务,45102010,系统集成服务
688061,灿瑞科技,45,信息技术,4530,半导体,453010,集成电路,45301010,集成电路设计
688062,迈威生物,35,医药卫生,3520,医药,352010,生物药品,35201030,其他生物药品
688063,派能科技,20,工业,2030,电力设备,203030,储能设备,20303030,其他储能设备
688065,凯赛生物,15,原材料,1510,化工,151030,化学原料,15103050,其他化学原料
688066,航天宏图,45,信息技术,4510,计算机,451010,软件开发,45101010,通用软件
688067,爱威科技,35,医药卫生,3510,医疗,351010,医疗器械,35101030,体外诊断
688068,热景生物,35,医药卫生,3510,医疗,351010,医疗器械,35101030,体外诊断
688069,德林海,20,工业,2050,环保,205020,节能与生态修复,20502030,生态修复
688070,纵横股份,20,工业,2010,航空航天与国防,201010,航空航天,20101010,航空
688071,华依科技,20,工业,2040,机械制造,204020,专用机械,20402080,其他专用机械
688072,拓荆科技,45,信息技术,4530,半导体,453030,半导体材料与设备,45303020,半导体设备
688073,毕得医药,35,医药卫生,3520,医药,352040,制药与生物科技服务,35204010,制药与生物科技服务
688075,安旭生物,35,医药卫生,3510,医疗,351010,医疗器械,35101030,体外诊断
688076,ST诺泰,35,医药卫生,3520,医药,352020,化学药,35202010,原料药
688077,大地熊,15,原材料,1520,有色金属,152030,稀有金属,15203010,稀土金属
688078,龙软科技,45,信息技术,4510,计算机,451010,软件开发,45101020,行业应用软件
688079,美迪凯,45,信息技术,4520,电子,452030,光学光电子,45203030,光学元件
688080,映翰通,50,通信服务,5020,通信设备及技术服务,502010,通信设备,50201010,通信终端设备及组件
688081,兴图新科,20,工业,2010,航空航天与国防,201020,国防装备,20102010,国防装备
688082,盛美上海,45,信息技术,4530,半导体,453030,半导体材料与设备,45303020,半导体设备
688083,中望软件,45,信息技术,4510,计算机,451010,软件开发,45101020,行业应用软件
688084,晶品特装,20,工业,2010,航空航天与国防,201020,国防装备,20102010,国防装备
688085,三友医疗,35,医药卫生,3510,医疗,351010,医疗器械,35101020,医疗耗材
688087,英科再生,20,工业,2050,环保,205020,节能与生态修复,20502010,节能与资源回收
688088,虹软科技,45,信息技术,4510,计算机,451010,软件开发,45101010,通用软件
688089,嘉必优,30,主要消费,3010,食品、饮料与烟草,301030,食品,30103050,其他食品
688090,瑞松科技,20,工业,2040,机械制造,204010,通用机械,20401040,电动机与工控自动化
688091,上海谊众,35,医药卫生,3520,医药,352020,化学药,35202020,药品制剂
688092,爱科科技,20,工业,2040,机械制造,204010,通用机械,20401010,加工机械
688093,世华科技,45,信息技术,4520,电子,452040,电子化学品,45204010,电子化学品
688095,福昕软件,45,信息技术,4510,计算机,451010,软件开发,45101010,通用软件
688096,京源环保,20,工业,2050,环保,205010,污染治理,20501020,污水处理
688097,博众精工,20,工业,2040,机械制造,204010,通用机械,20401040,电动机与工控自动化
688098,申联生物,30,主要消费,3020,农牧渔,302020,养殖,30202020,动物保健与育种
688099,晶晨股份,45,信息技术,4530,半导体,453010,集成电路,45301010,集成电路设计
6881.HK,中国银河,40,金融,4030,资本市场,403010,证券公司,40301010,证券公司
688100,威胜信息,50,通信服务,5020,通信设备及技术服务,502010,通信设备,50201010,通信终端设备及组件
688101,三达膜,20,工业,2050,环保,205010,污染治理,20501020,污水处理
688102,斯瑞新材,15,原材料,1520,有色金属,152010,工业金属,15201010,铜
688103,国力电子,45,信息技术,4520,电子,452050,其他电子,45205010,其他电子
688105,诺唯赞,35,医药卫生,3510,医疗,351010,医疗器械,35101030,体外诊断
688106,金宏气体,15,原材料,1510,化工,151030,化学原料,15103050,其他化学原料
688107,安路科技,45,信息技术,4530,半导体,453010,集成电路,45301010,集成电路设计
688108,赛诺医疗,35,医药卫生,3510,医疗,351010,医疗器械,35101020,医疗耗材
688109,品茗科技,45,信息技术,4510,计算机,451010,软件开发,45101020,行业应用软件
688110,东芯股份,45,信息技术,4530,半导体,453010,集成电路,45301010,集成电路设计
688111,金山办公,45,信息技术,4510,计算机,451010,软件开发,45101010,通用软件
688112,鼎阳科技,20,工业,2040,机械制造,204010,通用机械,20401050,仪器仪表
688113,联测科技,20,工业,2040,机械制造,204020,专用机械,20402080,其他专用机械
688114,华大智造,35,医药卫生,3520,医药,352040,制药与生物科技服务,35204010,制药与生物科技服务
688115,思林杰,20,工业,2040,机械制造,204010,通用机械,20401050,仪器仪表
688116,天奈科技,20,工业,2030,电力设备,203030,储能设备,20303020,电池部件及材料
688117,圣诺生物,35,医药卫生,3520,医药,352020,化学药,35202020,药品制剂
688118,普元信息,45,信息技术,4510,计算机,451010,软件开发,45101010,通用软件
688119,中钢洛耐,15,原材料,1540,非金属材料,154020,其他非金属材料,15402020,其他非金属材料
688120,华海清科,45,信息技术,4530,半导体,453030,半导体材料与设备,45303020,半导体设备
688121,卓然股份,20,工业,2040,机械制造,204020,专用机械,20402030,化工机械
688122,西部超导,15,原材料,1520,有色金属,152040,其他有色金属及合金,15204010,钛
688123,聚辰股份,45,信息技术,4530,半导体,453010,集成电路,45301010,集成电路设计
688125,安达智能,20,工业,2040,机械制造,204020,专用机械,20402080,其他专用机械
688126,沪硅产业,45,信息技术,4530,半导体,453030,半导体材料与设备,45303010,半导体材料
688127,蓝特光学,45,信息技术,4520,电子,452030,光学光电子,45203030,光学元件
688128,中国电研,20,工业,2040,机械制造,204020,专用机械,20402080,其他专用机械
688129,东来技术,15,原材料,1510,化工,151040,化学制品,15104020,涂料油墨
688130,晶华微,45,信息技术,4530,半导体,453010,集成电路,45301010,集成电路设计
688131,皓元医药,35,医药卫生,3520,医药,352040,制药与生物科技服务,35204010,制药与生物科技服务
688132,邦彦技术,20,工业,2010,航空航天与国防,201020,国防装备,20102010,国防装备
688133,泰坦科技,15,原材料,1510,化工,151040,化学制品,15104080,其他化学制品
688135,利扬芯片,45,信息技术,4530,半导体,453010,集成电路,45301030,集成电路封测
688136,科兴制药,35,医药卫生,3520,医药,352010,生物药品,35201030,其他生物药品
688137,近岸蛋白,35,医药卫生,3520,医药,352010,生物药品,35201030,其他生物药品
688138,清溢光电,45,信息技术,4520,电子,452030,光学光电子,45203010,面板
688139,海尔生物,35,医药卫生,3510,医疗,351010,医疗器械,35101010,医疗设备
688141,杰华特,45,信息技术,4530,半导体,453010,集成电路,45301010,集成电路设计
688143,长盈通,20,工业,2010,航空航天与国防,201020,国防装备,20102010,国防装备
688146,中船特气,45,信息技术,4530,半导体,453030,半导体材料与设备,45303010,半导体材料
688147,微导纳米,20,工业,2030,电力设备,203010,发电设备,20301010,光伏设备
688148,芳源股份,20,工业,2030,电力设备,203030,储能设备,20303020,电池部件及材料
688150,莱特光电,45,信息技术,4520,电子,452030,光学光电子,45203010,面板
688151,华强科技,35,医药卫生,3510,医疗,351010,医疗器械,35101020,医疗耗材
688152,麒麟信安,45,信息技术,4510,计算机,451010,软件开发,45101010,通用软件
688153,唯捷创芯,45,信息技术,4530,半导体,453010,集成电路,45301010,集成电路设计
688155,先惠技术,20,工业,2030,电力设备,203030,储能设备,20303020,电池部件及材料
688156,路德科技,20,工业,2050,环保,205020,节能与生态修复,20502010,节能与资源回收
688157,松井股份,15,原材料,1510,化工,151040,化学制品,15104020,涂料油墨
688158,优刻得,45,信息技术,4510,计算机,451020,信息技术服务,45102020,云计算服务
688159,有方科技,50,通信服务,5020,通信设备及技术服务,502010,通信设备,50201010,通信终端设备及组件
688160,步科股份,20,工业,2040,机械制造,204010,通用机械,20401040,电动机与工控自动化
688161,威高骨科,35,医药卫生,3510,医疗,351010,医疗器械,35101020,医疗耗材
688162,巨一科技,20,工业,2040,机械制造,204020,专用机械,20402080,其他专用机械
688163,赛伦生物,35,医药卫生,3520,医药,352010,生物药品,35201010,血液制品
688165,埃夫特,20,工业,2040,机械制造,204010,通用机械,20401040,电动机与工控自动化
688166,博瑞医药,35,医药卫生,3520,医药,352020,化学药,35202010,原料药
688167,炬光科技,45,信息技术,4520,电子,452030,光学光电子,45203030,光学元件
688168,安博通,45,信息技术,4510,计算机,451010,软件开发,45101010,通用软件
688169,石头科技,25,可选消费,2520,耐用消费品,252010,家用电器,25201030,小家电
688170,德龙激光,20,工业,2040,机械制造,204010,通用机械,20401040,电动机与工控自动化
688171,纬德信息,45,信息技术,4510,计算机,451010,软件开发,45101010,通用软件
688172,燕东微,45,信息技术,4530,半导体,453010,集成电路,45301020,集成电路制造
688173,希荻微,45,信息技术,4530,半导体,453010,集成电路,45301010,集成电路设计
688175,高凌信息,50,通信服务,5020,通信设备及技术服务,502010,通信设备,50201020,通信系统设备及组件
688176,亚虹医药,35,医药卫生,3520,医药,352020,化学药,35202020,药品制剂
688177,百奥泰,35,医药卫生,3520,医药,352010,生物药品,35201030,其他生物药品
688178,万德斯,20,工业,2050,环保,205010,污染治理,20501010,固废处理
688179,阿拉丁,15,原材料,1510,化工,151040,化学制品,15104080,其他化学制品
688180,君实生物,35,医药卫生,3520,医药,352010,生物药品,35201030,其他生物药品
688181,八亿时空,45,信息技术,4520,电子,452030,光学光电子,45203010,面板
688182,灿勤科技,50,通信服务,5020,通信设备及技术服务,502010,通信设备,50201020,通信系统设备及组件
688183,生益电子,45,信息技术,4520,电子,452020,电子元件,45202010,印制电路板
688184,ST帕瓦,20,工业,2030,电力设备,203030,储能设备,20303020,电池部件及材料
688185,康希诺,35,医药卫生,3520,医药,352010,生物药品,35201020,疫苗
688186,广大特材,20,工业,2030,电力设备,203010,发电设备,20301020,风电设备
688187,时代电气,20,工业,2040,机械制造,204030,交通运输设备,20403010,城轨铁路
688188,柏楚电子,20,工业,2040,机械制造,204010,通用机械,20401040,电动机与工控自动化
688189,南新制药,35,医药卫生,3520,医药,352020,化学药,35202020,药品制剂
688190,云路股份,15,原材料,1520,有色金属,152030,稀有金属,15203010,稀土金属
688191,智洋创新,20,工业,2030,电力设备,203020,电网设备,20302010,电网自动化
688192,迪哲医药,35,医药卫生,3520,医药,352020,化学药,35202020,药品制剂
688193,仁度生物,35,医药卫生,3510,医疗,351010,医疗器械,35101030,体外诊断
688195,腾景科技,45,信息技术,4520,电子,452030,光学光电子,45203030,光学元件
688196,卓越新能,20,工业,2050,环保,205020,节能与生态修复,20502010,节能与资源回收
688197,首药控股,35,医药卫生,3520,医药,352020,化学药,35202020,药品制剂
688198,佰仁医疗,35,医药卫生,3510,医疗,351010,医疗器械,35101020,医疗耗材
688199,久日新材,15,原材料,1510,化工,151040,化学制品,15104080,其他化学制品
6882.HK,东瀛游,25,可选消费,2540,消费者服务,254010,休闲服务,25401020,旅游服务
688200,华峰测控,45,信息技术,4530,半导体,453030,半导体材料与设备,45303020,半导体设备
688201,信安世纪,45,信息技术,4510,计算机,451010,软件开发,45101010,通用软件
688202,美迪西,35,医药卫生,3520,医药,352040,制药与生物科技服务,35204010,制药与生物科技服务
688203,海正生材,15,原材料,1510,化工,151050,塑料,15105020,合成树脂
688205,德科立,50,通信服务,5020,通信设备及技术服务,502010,通信设备,50201020,通信系统设备及组件
688206,概伦电子,45,信息技术,4530,半导体,453010,集成电路,45301010,集成电路设计
688207,格灵深瞳,45,信息技术,4510,计算机,451010,软件开发,45101010,通用软件
688208,道通科技,20,工业,2040,机械制造,204010,通用机械,20401050,仪器仪表
688209,英集芯,45,信息技术,4530,半导体,453010,集成电路,45301010,集成电路设计
688210,统联精密,45,信息技术,4520,电子,452010,电子终端及组件,45201010,电脑与外围设备
688211,中科微至,20,工业,2040,机械制造,204010,通用机械,20401040,电动机与工控自动化
688212,澳华内镜,35,医药卫生,3510,医疗,351010,医疗器械,35101010,医疗设备
688213,思特威,45,信息技术,4530,半导体,453010,集成电路,45301010,集成电路设计
688215,瑞晟智能,20,工业,2040,机械制造,204010,通用机械,20401040,电动机与工控自动化
688216,气派科技,45,信息技术,4530,半导体,453010,集成电路,45301030,集成电路封测
688217,睿昂基因,35,医药卫生,3510,医疗,351010,医疗器械,35101030,体外诊断
688218,江苏北人,20,工业,2040,机械制造,204010,通用机械,20401040,电动机与工控自动化
688219,会通股份,15,原材料,1510,化工,151050,塑料,15105010,改性塑料
688220,翱捷科技,45,信息技术,4530,半导体,453010,集成电路,45301010,集成电路设计
688221,前沿生物,35,医药卫生,3520,医药,352020,化学药,35202020,药品制剂
688222,成都先导,35,医药卫生,3520,医药,352040,制药与生物科技服务,35204010,制药与生物科技服务
688223,晶科能源,20,工业,2030,电力设备,203010,发电设备,20301010,光伏设备
688225,亚信安全,45,信息技术,4510,计算机,451010,软件开发,45101010,通用软件
688226,威腾电气,20,工业,2030,电力设备,203020,电网设备,20302030,配电设备
688227,品高股份,45,信息技术,4510,计算机,451020,信息技术服务,45102020,云计算服务
688228,开普云,45,信息技术,4510,计算机,451010,软件开发,45101020,行业应用软件
688229,博睿数据,45,信息技术,4510,计算机,451020,信息技术服务,45102030,其他IT与互联网服务
688230,芯导科技,45,信息技术,4530,半导体,453020,分立器件,45302010,分立器件
688231,隆达股份,15,原材料,1520,有色金属,152040,其他有色金属及合金,15204020,其他有色金属及合金
688232,新点软件,45,信息技术,4510,计算机,451010,软件开发,45101020,行业应用软件
688233,神工股份,45,信息技术,4530,半导体,453030,半导体材料与设备,45303010,半导体材料
688234,天岳先进,45,信息技术,4530,半导体,453030,半导体材料与设备,45303010,半导体材料
688235,百济神州,35,医药卫生,3520,医药,352020,化学药,35202020,药品制剂
688236,春立医疗,35,医药卫生,3510,医疗,351010,医疗器械,35101020,医疗耗材
688237,超卓航科,20,工业,2010,航空航天与国防,201010,航空航天,20101010,航空
688238,和元生物,35,医药卫生,3520,医药,352040,制药与生物科技服务,35204010,制药与生物科技服务
688239,航宇科技,20,工业,2010,航空航天与国防,201010,航空航天,20101010,航空
688244,永信至诚,45,信息技术,4510,计算机,451010,软件开发,45101010,通用软件
688246,嘉和美康,45,信息技术,4510,计算机,451010,软件开发,45101020,行业应用软件
688247,宣泰医药,35,医药卫生,3520,医药,352020,化学药,35202020,药品制剂
688248,南网科技,20,工业,2030,电力设备,203020,电网设备,20302010,电网自动化
688249,晶合集成,45,信息技术,4530,半导体,453010,集成电路,45301020,集成电路制造
688251,井松智能,20,工业,2040,机械制造,204010,通用机械,20401040,电动机与工控自动化
688252,天德钰,45,信息技术,4530,半导体,453010,集成电路,45301010,集成电路设计
688253,英诺特,35,医药卫生,3510,医疗,351010,医疗器械,35101030,体外诊断
688255,凯尔达,20,工业,2040,机械制造,204010,通用机械,20401040,电动机与工控自动化
688256,寒武纪,45,信息技术,4530,半导体,453010,集成电路,45301010,集成电路设计
688257,新锐股份,20,工业,2040,机械制造,204020,专用机械,20402020,采矿冶金机械
688258,卓易信息,45,信息技术,4510,计算机,451020,信息技术服务,45102020,云计算服务
688259,创耀科技,45,信息技术,4530,半导体,453010,集成电路,45301010,集成电路设计
688260,昀冢科技,45,信息技术,4520,电子,452010,电子终端及组件,45201030,消费电子组件及零部件
688261,东微半导,45,信息技术,4530,半导体,453020,分立器件,45302010,分立器件
688262,国芯科技,45,信息技术,4530,半导体,453010,集成电路,45301010,集成电路设计
688265,南模生物,35,医药卫生,3520,医药,352040,制药与生物科技服务,35204010,制药与生物科技服务
688266,泽璟制药,35,医药卫生,3520,医药,352020,化学药,35202020,药品制剂
688267,中触媒,15,原材料,1510,化工,151040,化学制品,15104080,其他化学制品
688268,华特气体,45,信息技术,4520,电子,452040,电子化学品,45204010,电子化学品
688269,凯立新材,15,原材料,1510,化工,151040,化学制品,15104080,其他化学制品
688270,臻镭科技,45,信息技术,4530,半导体,453010,集成电路,45301010,集成电路设计
688271,联影医疗,35,医药卫生,3510,医疗,351010,医疗器械,35101010,医疗设备
688272,富吉瑞,20,工业,2010,航空航天与国防,201020,国防装备,20102010,国防装备
688273,麦澜德,35,医药卫生,3510,医疗,351010,医疗器械,35101010,医疗设备
688275,万润新能,20,工业,2030,电力设备,203030,储能设备,20303020,电池部件及材料
688276,百克生物,35,医药卫生,3520,医药,352010,生物药品,35201020,疫苗
688277,天智航,35,医药卫生,3510,医疗,351010,医疗器械,35101010,医疗设备
688278,特宝生物,35,医药卫生,3520,医药,352010,生物药品,35201030,其他生物药品
688279,峰岹科技,45,信息技术,4530,半导体,453010,集成电路,45301010,集成电路设计
688280,精进电动,25,可选消费,2510,乘用车及零部件,251010,汽车零部件与轮胎,25101030,汽车电子
688281,华秦科技,20,工业,2010,航空航天与国防,201010,航空航天,20101010,航空
688282,理工导航,20,工业,2010,航空航天与国防,201010,航空航天,20101020,航天
688283,坤恒顺维,20,工业,2040,机械制造,204010,通用机械,20401050,仪器仪表
688285,高铁电气,20,工业,2040,机械制造,204030,交通运输设备,20403010,城轨铁路
688286,敏芯股份,45,信息技术,4530,半导体,453010,集成电路,45301010,集成电路设计
688287,*ST观典,20,工业,2010,航空航天与国防,201010,航空航天,20101010,航空
688288,鸿泉技术,25,可选消费,2510,乘用车及零部件,251010,汽车零部件与轮胎,25101030,汽车电子
688289,圣湘生物,35,医药卫生,3510,医疗,351010,医疗器械,35101030,体外诊断
688290,景业智能,20,工业,2040,机械制造,204020,专用机械,20402080,其他专用机械
688291,金橙子,20,工业,2040,机械制造,204010,通用机械,20401040,电动机与工控自动化
688292,浩瀚深度,50,通信服务,5020,通信设备及技术服务,502010,通信设备,50201020,通信系统设备及组件
688293,奥浦迈,35,医药卫生,3520,医药,352040,制药与生物科技服务,35204010,制药与生物科技服务
688295,中复神鹰,15,原材料,1510,化工,151020,化学纤维,15102030,氨纶及其他化纤
688296,和达科技,45,信息技术,4510,计算机,451020,信息技术服务,45102010,系统集成服务
688297,中无人机,20,工业,2010,航空航天与国防,201010,航空航天,20101010,航空
688298,东方生物,35,医药卫生,3510,医疗,351010,医疗器械,35101030,体外诊断
688299,长阳科技,45,信息技术,4520,电子,452030,光学光电子,45203010,面板
6883.HK,颖通控股,25,可选消费,2550,零售业,255020,专营零售,25502010,专营零售
688300,联瑞新材,15,原材料,1540,非金属材料,154020,其他非金属材料,15402020,其他非金属材料
688301,奕瑞科技,35,医药卫生,3510,医疗,351010,医疗器械,35101010,医疗设备
688302,海创药业,35,医药卫生,3520,医药,352020,化学药,35202020,药品制剂
688303,大全能源,20,工业,2030,电力设备,203010,发电设备,20301010,光伏设备
688305,科德数控,20,工业,2040,机械制造,204010,通用机械,20401040,电动机与工控自动化
688306,均普智能,20,工业,2040,机械制造,204020,专用机械,20402080,其他专用机械
688307,中润光学,45,信息技术,4520,电子,452030,光学光电子,45203030,光学元件
688308,欧科亿,20,工业,2040,机械制造,204010,通用机械,20401010,加工机械
688309,恒誉环保,20,工业,2050,环保,205010,污染治理,20501010,固废处理
688310,迈得医疗,20,工业,2040,机械制造,204020,专用机械,20402080,其他专用机械
688311,盟升电子,20,工业,2010,航空航天与国防,201010,航空航天,20101020,航天
688312,燕麦科技,20,工业,2040,机械制造,204020,专用机械,20402080,其他专用机械
688313,仕佳光子,50,通信服务,5020,通信设备及技术服务,502010,通信设备,50201020,通信系统设备及组件
688314,康拓医疗,35,医药卫生,3510,医疗,351010,医疗器械,35101020,医疗耗材
688315,诺禾致源,35,医药卫生,3520,医药,352040,制药与生物科技服务,35204010,制药与生物科技服务
688316,青云科技,45,信息技术,4510,计算机,451020,信息技术服务,45102020,云计算服务
688317,之江生物,35,医药卫生,3510,医疗,351010,医疗器械,35101030,体外诊断
688318,财富趋势,45,信息技术,4510,计算机,451010,软件开发,45101020,行业应用软件
688319,欧林生物,35,医药卫生,3520,医药,352010,生物药品,35201020,疫苗
688320,禾川科技,20,工业,2040,机械制造,204010,通用机械,20401040,电动机与工控自动化
688321,微芯生物,35,医药卫生,3520,医药,352020,化学药,35202020,药品制剂
688322,奥比中光,45,信息技术,4520,电子,452030,光学光电子,45203030,光学元件
688323,瑞华泰,15,原材料,1510,化工,151050,塑料,15105030,膜材料
688325,赛微微电,45,信息技术,4530,半导体,453010,集成电路,45301010,集成电路设计
688326,经纬恒润,25,可选消费,2510,乘用车及零部件,251010,汽车零部件与轮胎,25101030,汽车电子
688327,云从科技,45,信息技术,4510,计算机,451020,信息技术服务,45102010,系统集成服务
688328,深科达,20,工业,2040,机械制造,204020,专用机械,20402080,其他专用机械
688329,艾隆科技,20,工业,2040,机械制造,204020,专用机械,20402080,其他专用机械
688330,宏力达,20,工业,2030,电力设备,203020,电网设备,20302010,电网自动化
688331,荣昌生物,35,医药卫生,3520,医药,352010,生物药品,35201030,其他生物药品
688332,中科蓝讯,45,信息技术,4530,半导体,453010,集成电路,45301010,集成电路设计
688333,铂力特,20,工业,2040,机械制造,204010,通用机械,20401040,电动机与工控自动化
688334,西高院,20,工业,2060,商业服务与用品,206010,商业服务与用品,20601050,其他商业服务与用品
688335,复洁科技,20,工业,2050,环保,205010,污染治理,20501020,污水处理
688336,三生国健,35,医药卫生,3520,医药,352010,生物药品,35201030,其他生物药品
688337,普源精电,20,工业,2040,机械制造,204010,通用机械,20401050,仪器仪表
688338,赛科希德,35,医药卫生,3510,医疗,351010,医疗器械,35101030,体外诊断
688339,亿华通,20,工业,2030,电力设备,203030,储能设备,20303010,电池
688343,云天励飞,45,信息技术,4510,计算机,451020,信息技术服务,45102010,系统集成服务
688345,博力威,20,工业,2030,电力设备,203030,储能设备,20303010,电池
688347,华虹公司,45,信息技术,4530,半导体,453010,集成电路,45301020,集成电路制造
688348,昱能科技,20,工业,2030,电力设备,203010,发电设备,20301010,光伏设备
688349,三一重能,20,工业,2030,电力设备,203010,发电设备,20301020,风电设备
688350,富淼科技,15,原材料,1510,化工,151040,化学制品,15104080,其他化学制品
688351,微电生理,35,医药卫生,3510,医疗,351010,医疗器械,35101020,医疗耗材
688352,颀中科技,45,信息技术,4530,半导体,453010,集成电路,45301030,集成电路封测
688353,华盛锂电,20,工业,2030,电力设备,203030,储能设备,20303020,电池部件及材料
688355,明志科技,20,工业,2040,机械制造,204010,通用机械,20401070,其他通用机械
688356,键凯科技,35,医药卫生,3520,医药,352020,化学药,35202010,原料药
688357,建龙微纳,15,原材料,1510,化工,151040,化学制品,15104080,其他化学制品
688358,祥生医疗,35,医药卫生,3510,医疗,351010,医疗器械,35101010,医疗设备
688359,三孚新科,45,信息技术,4520,电子,452040,电子化学品,45204010,电子化学品
688360,德马科技,20,工业,2040,机械制造,204020,专用机械,20402080,其他专用机械
688361,中科飞测,45,信息技术,4530,半导体,453030,半导体材料与设备,45303020,半导体设备
688362,甬矽电子,45,信息技术,4530,半导体,453010,集成电路,45301030,集成电路封测
688363,华熙生物,30,主要消费,3030,家庭与个人用品,303020,美容护理,30302010,美容护理
688365,光云科技,45,信息技术,4510,计算机,451020,信息技术服务,45102020,云计算服务
688366,昊海生科,35,医药卫生,3510,医疗,351010,医疗器械,35101020,医疗耗材
688367,工大高科,20,工业,2040,机械制造,204030,交通运输设备,20403010,城轨铁路
688368,晶丰明源,45,信息技术,4520,电子,452030,光学光电子,45203020,LED
688369,致远互联,45,信息技术,4510,计算机,451010,软件开发,45101010,通用软件
688370,丛麟科技,20,工业,2050,环保,205010,污染治理,20501010,固废处理
688371,菲沃泰,45,信息技术,4520,电子,452010,电子终端及组件,45201030,消费电子组件及零部件
688372,伟测科技,45,信息技术,4530,半导体,453010,集成电路,45301030,集成电路封测
688373,盟科药业,35,医药卫生,3520,医药,352020,化学药,35202020,药品制剂
688375,国博电子,20,工业,2010,航空航天与国防,201020,国防装备,20102010,国防装备
688376,美埃科技,20,工业,2040,机械制造,204020,专用机械,20402070,楼宇设备
688377,迪威尔,10,能源,1010,能源,101010,油气开采与油田服务,10101010,油气开采
688378,奥来德,45,信息技术,4520,电子,452030,光学光电子,45203010,面板
688379,华光新材,20,工业,2040,机械制造,204010,通用机械,20401070,其他通用机械
688380,中微半导,45,信息技术,4530,半导体,453010,集成电路,45301010,集成电路设计
688381,帝奥微,45,信息技术,4530,半导体,453010,集成电路,45301010,集成电路设计
688382,益方生物,35,医药卫生,3520,医药,352020,化学药,35202020,药品制剂
688383,新益昌,20,工业,2040,机械制造,204020,专用机械,20402080,其他专用机械
688385,复旦微电,45,信息技术,4530,半导体,453010,集成电路,45301010,集成电路设计
688386,泛亚微透,25,可选消费,2510,乘用车及零部件,251010,汽车零部件与轮胎,25101050,其他汽车零部件
688387,信科移动,50,通信服务,5020,通信设备及技术服务,502010,通信设备,50201020,通信系统设备及组件
688388,嘉元科技,20,工业,2030,电力设备,203030,储能设备,20303020,电池部件及材料
688389,普门科技,35,医药卫生,3510,医疗,351010,医疗器械,35101030,体外诊断
688390,固德威,20,工业,2030,电力设备,203010,发电设备,20301010,光伏设备
688391,钜泉科技,45,信息技术,4530,半导体,453010,集成电路,45301010,集成电路设计
688392,骄成超声,20,工业,2040,机械制造,204020,专用机械,20402080,其他专用机械
688393,安必平,35,医药卫生,3510,医疗,351010,医疗器械,35101030,体外诊断
688395,正弦电气,20,工业,2040,机械制造,204010,通用机械,20401040,电动机与工控自动化
688396,华润微,45,信息技术,4530,半导体,453010,集成电路,45301020,集成电路制造
688398,赛特新材,15,原材料,1540,非金属材料,154020,其他非金属材料,15402010,玻璃纤维
688399,硕世生物,35,医药卫生,3510,医疗,351010,医疗器械,35101030,体外诊断
688400,凌云光,20,工业,2040,机械制造,204010,通用机械,20401050,仪器仪表
688401,路维光电,45,信息技术,4520,电子,452030,光学光电子,45203010,面板
688403,汇成股份,45,信息技术,4530,半导体,453010,集成电路,45301030,集成电路封测
688408,中信博,20,工业,2030,电力设备,203010,发电设备,20301010,光伏设备
688409,富创精密,45,信息技术,4530,半导体,453030,半导体材料与设备,45303020,半导体设备
688410,山外山,35,医药卫生,3510,医疗,351010,医疗器械,35101010,医疗设备
688411,海博思创,20,工业,2030,电力设备,203030,储能设备,20303030,其他储能设备
688416,恒烁股份,45,信息技术,4530,半导体,453010,集成电路,45301010,集成电路设计
688418,震有科技,50,通信服务,5020,通信设备及技术服务,502010,通信设备,50201010,通信终端设备及组件
688419,耐科装备,20,工业,2040,机械制造,204010,通用机械,20401010,加工机械
688420,美腾科技,20,工业,2040,机械制造,204020,专用机械,20402020,采矿冶金机械
688425,铁建重工,20,工业,2040,机械制造,204020,专用机械,20402010,工程机械
688426,康为世纪,35,医药卫生,3510,医疗,351010,医疗器械,35101030,体外诊断
688428,诺诚健华,35,医药卫生,3520,医药,352010,生物药品,35201030,其他生物药品
688429,时创能源,20,工业,2030,电力设备,203010,发电设备,20301010,光伏设备
688432,有研硅,45,信息技术,4530,半导体,453030,半导体材料与设备,45303010,半导体材料
688433,华曙高科,20,工业,2040,机械制造,204010,通用机械,20401040,电动机与工控自动化
688435,英方软件,45,信息技术,4510,计算机,451010,软件开发,45101010,通用软件
688439,振华风光,20,工业,2010,航空航天与国防,201020,国防装备,20102010,国防装备
688443,智翔金泰,35,医药卫生,3520,医药,352010,生物药品,35201030,其他生物药品
688448,磁谷科技,20,工业,2040,机械制造,204010,通用机械,20401030,气液机械
688449,联芸科技,45,信息技术,4530,半导体,453010,集成电路,45301010,集成电路设计
688450,光格科技,20,工业,2030,电力设备,203020,电网设备,20302010,电网自动化
688455,科捷智能,20,工业,2040,机械制造,204010,通用机械,20401040,电动机与工控自动化
688456,有研粉材,15,原材料,1520,有色金属,152010,工业金属,15201010,铜
688458,美芯晟,45,信息技术,4530,半导体,453010,集成电路,45301010,集成电路设计
688459,哈铁科技,20,工业,2040,机械制造,204030,交通运输设备,20403010,城轨铁路
688466,金科环境,20,工业,2050,环保,205010,污染治理,20501020,污水处理
688468,科美诊断,35,医药卫生,3510,医疗,351010,医疗器械,35101030,体外诊断
688469,芯联集成,45,信息技术,4530,半导体,453020,分立器件,45302010,分立器件
688472,阿特斯,20,工业,2030,电力设备,203010,发电设备,20301010,光伏设备
688475,萤石网络,45,信息技术,4520,电子,452010,电子终端及组件,45201040,安防设备及其他
688478,晶升股份,45,信息技术,4530,半导体,453030,半导体材料与设备,45303020,半导体设备
688479,友车科技,45,信息技术,4510,计算机,451010,软件开发,45101020,行业应用软件
688480,赛恩斯,20,工业,2050,环保,205010,污染治理,20501020,污水处理
688484,南芯科技,45,信息技术,4530,半导体,453010,集成电路,45301010,集成电路设计
688485,九州一轨,20,工业,2040,机械制造,204030,交通运输设备,20403010,城轨铁路
688486,龙迅股份,45,信息技术,4530,半导体,453010,集成电路,45301010,集成电路设计
688488,艾迪药业,35,医药卫生,3520,医药,352010,生物药品,35201030,其他生物药品
688489,三未信安,45,信息技术,4510,计算机,451020,信息技术服务,45102010,系统集成服务
688496,清越科技,45,信息技术,4520,电子,452030,光学光电子,45203010,面板
688498,源杰科技,45,信息技术,4520,电子,452030,光学光电子,45203030,光学元件
688499,利元亨,20,工业,2040,机械制造,204020,专用机械,20402080,其他专用机械
6885.HK,金马能源,10,能源,1010,能源,101030,煤炭,10103020,焦炭
688500,慧辰股份,45,信息技术,4510,计算机,451020,信息技术服务,45102030,其他IT与互联网服务
688501,青达环保,20,工业,2050,环保,205010,污染治理,20501010,固废处理
688502,茂莱光学,45,信息技术,4520,电子,452030,光学光电子,45203030,光学元件
688503,聚和材料,20,工业,2030,电力设备,203010,发电设备,20301010,光伏设备
688505,复旦张江,35,医药卫生,3520,医药,352020,化学药,35202020,药品制剂
688506,百利天恒,35,医药卫生,3520,医药,352020,化学药,35202020,药品制剂
688507,索辰科技,45,信息技术,4510,计算机,451010,软件开发,45101020,行业应用软件
688508,芯朋微,45,信息技术,4530,半导体,453010,集成电路,45301010,集成电路设计
688509,正元地信,20,工业,2060,商业服务与用品,206010,商业服务与用品,20601050,其他商业服务与用品
688510,航亚科技,20,工业,2010,航空航天与国防,201010,航空航天,20101010,航空
688511,*ST天微,20,工业,2010,航空航天与国防,201020,国防装备,20102010,国防装备
688512,慧智微,45,信息技术,4530,半导体,453010,集成电路,45301010,集成电路设计
688513,苑东生物,35,医药卫生,3520,医药,352020,化学药,35202020,药品制剂
688515,裕太微,45,信息技术,4530,半导体,453010,集成电路,45301010,集成电路设计
688516,奥特维,20,工业,2030,电力设备,203010,发电设备,20301010,光伏设备
688517,金冠电气,20,工业,2030,电力设备,203020,电网设备,20302030,配电设备
688518,联赢激光,20,工业,2040,机械制造,204020,专用机械,20402080,其他专用机械
688519,南亚新材,45,信息技术,4520,电子,452020,电子元件,45202010,印制电路板
688520,神州细胞,35,医药卫生,3520,医药,352010,生物药品,35201030,其他生物药品
688521,芯原股份,45,信息技术,4530,半导体,453010,集成电路,45301010,集成电路设计
688522,纳睿雷达,20,工业,2010,航空航天与国防,201020,国防装备,20102010,国防装备
688523,航天环宇,20,工业,2010,航空航天与国防,201010,航空航天,20101020,航天
688525,佰维存储,45,信息技术,4530,半导体,453010,集成电路,45301010,集成电路设计
688526,科前生物,30,主要消费,3020,农牧渔,302020,养殖,30202020,动物保健与育种
688528,秦川物联,20,工业,2040,机械制造,204010,通用机械,20401050,仪器仪表
688529,豪森智能,20,工业,2040,机械制造,204020,专用机械,20402080,其他专用机械
688530,欧莱新材,45,信息技术,4530,半导体,453030,半导体材料与设备,45303010,半导体材料
688531,日联科技,20,工业,2040,机械制造,204020,专用机械,20402080,其他专用机械
688533,上声电子,25,可选消费,2510,乘用车及零部件,251010,汽车零部件与轮胎,25101030,汽车电子
688535,华海诚科,45,信息技术,4530,半导体,453030,半导体材料与设备,45303010,半导体材料
688536,思瑞浦,45,信息技术,4530,半导体,453010,集成电路,45301010,集成电路设计
688538,和辉光电,45,信息技术,4520,电子,452030,光学光电子,45203010,面板
688539,高华科技,20,工业,2010,航空航天与国防,201010,航空航天,20101020,航天
688543,国科军工,20,工业,2010,航空航天与国防,201020,国防装备,20102010,国防装备
688545,兴福电子,45,信息技术,4530,半导体,453030,半导体材料与设备,45303010,半导体材料
688548,广钢气体,45,信息技术,4520,电子,452040,电子化学品,45204010,电子化学品
688549,中巨芯,45,信息技术,4530,半导体,453030,半导体材料与设备,45303010,半导体材料
688550,瑞联新材,45,信息技术,4520,电子,452030,光学光电子,45203010,面板
688551,科威尔,20,工业,2040,机械制造,204020,专用机械,20402080,其他专用机械
688552,航天南湖,20,工业,2010,航空航天与国防,201020,国防装备,20102010,国防装备
688553,汇宇制药,35,医药卫生,3520,医药,352020,化学药,35202020,药品制剂
688556,高测股份,20,工业,2030,电力设备,203010,发电设备,20301010,光伏设备
688557,兰剑智能,20,工业,2040,机械制造,204020,专用机械,20402080,其他专用机械
688558,国盛智科,20,工业,2040,机械制造,204010,通用机械,20401040,电动机与工控自动化
688559,海目星,20,工业,2040,机械制造,204020,专用机械,20402080,其他专用机械
688560,明冠新材,20,工业,2030,电力设备,203010,发电设备,20301010,光伏设备
688561,奇安信,45,信息技术,4510,计算机,451020,信息技术服务,45102010,系统集成服务
688562,航天软件,45,信息技术,4510,计算机,451010,软件开发,45101020,行业应用软件
688563,航材股份,20,工业,2010,航空航天与国防,201010,航空航天,20101010,航空
688565,力源科技,20,工业,2050,环保,205020,节能与生态修复,20502010,节能与资源回收
688566,吉贝尔,35,医药卫生,3520,医药,352020,化学药,35202020,药品制剂
688567,孚能科技,20,工业,2030,电力设备,203030,储能设备,20303010,电池
688568,中科星图,45,信息技术,4510,计算机,451010,软件开发,45101010,通用软件
688569,铁科轨道,20,工业,2040,机械制造,204030,交通运输设备,20403010,城轨铁路
688570,天玛智控,20,工业,2040,机械制造,204010,通用机械,20401040,电动机与工控自动化
688571,杭华股份,15,原材料,1510,化工,151040,化学制品,15104020,涂料油墨
688573,信宇人,20,工业,2040,机械制造,204020,专用机械,20402080,其他专用机械
688575,亚辉龙,35,医药卫生,3510,医疗,351010,医疗器械,35101030,体外诊断
688576,西山科技,35,医药卫生,3510,医疗,351010,医疗器械,35101020,医疗耗材
688577,浙海德曼,20,工业,2040,机械制造,204010,通用机械,20401040,电动机与工控自动化
688578,艾力斯,35,医药卫生,3520,医药,352020,化学药,35202020,药品制剂
688579,地纬智能,45,信息技术,4510,计算机,451010,软件开发,45101020,行业应用软件
688580,伟思医疗,35,医药卫生,3510,医疗,351010,医疗器械,35101010,医疗设备
688581,安杰思,35,医药卫生,3510,医疗,351010,医疗器械,35101020,医疗耗材
688582,芯动联科,45,信息技术,4530,半导体,453010,集成电路,45301010,集成电路设计
688583,思看科技,20,工业,2040,机械制造,204010,通用机械,20401050,仪器仪表
688584,上海合晶,45,信息技术,4530,半导体,453030,半导体材料与设备,45303010,半导体材料
688585,上纬新材,15,原材料,1510,化工,151050,塑料,15105020,合成树脂
688586,江航装备,20,工业,2010,航空航天与国防,201010,航空航天,20101010,航空
688588,凌志软件,45,信息技术,4510,计算机,451010,软件开发,45101020,行业应用软件
688589,力合微,45,信息技术,4530,半导体,453010,集成电路,45301010,集成电路设计
688590,新致软件,45,信息技术,4510,计算机,451010,软件开发,45101020,行业应用软件
688591,泰凌微,45,信息技术,4530,半导体,453010,集成电路,45301010,集成电路设计
688592,司南导航,50,通信服务,5020,通信设备及技术服务,502010,通信设备,50201010,通信终端设备及组件
688593,新相微,45,信息技术,4530,半导体,453010,集成电路,45301010,集成电路设计
688595,芯海科技,45,信息技术,4530,半导体,453010,集成电路,45301010,集成电路设计
688596,正帆科技,20,工业,2040,机械制造,204020,专用机械,20402030,化工机械
688597,煜邦电力,20,工业,2030,电力设备,203020,电网设备,20302010,电网自动化
688598,金博股份,20,工业,2030,电力设备,203010,发电设备,20301010,光伏设备
688599,天合光能,20,工业,2030,电力设备,203010,发电设备,20301010,光伏设备
6886.HK,HTSC,40,金融,4030,资本市场,403010,证券公司,40301010,证券公司
688600,皖仪科技,20,工业,2040,机械制造,204010,通用机械,20401050,仪器仪表
688601,力芯微,45,信息技术,4530,半导体,453010,集成电路,45301010,集成电路设计
688602,康鹏科技,35,医药卫生,3520,医药,352040,制药与生物科技服务,35204010,制药与生物科技服务
688603,天承科技,45,信息技术,4520,电子,452040,电子化学品,45204010,电子化学品
688605,先锋精科,45,信息技术,4530,半导体,453030,半导体材料与设备,45303020,半导体设备
688606,奥泰生物,35,医药卫生,3510,医疗,351010,医疗器械,35101030,体外诊断
688607,康众医疗,35,医药卫生,3510,医疗,351010,医疗器械,35101010,医疗设备
688608,恒玄科技,45,信息技术,4530,半导体,453010,集成电路,45301010,集成电路设计
688609,九联科技,50,通信服务,5020,通信设备及技术服务,502010,通信设备,50201010,通信终端设备及组件
688610,埃科光电,20,工业,2040,机械制造,204010,通用机械,20401050,仪器仪表
688611,杭州柯林,20,工业,2030,电力设备,203020,电网设备,20302010,电网自动化
688612,威迈斯,25,可选消费,2510,乘用车及零部件,251010,汽车零部件与轮胎,25101030,汽车电子
688613,奥精医疗,35,医药卫生,3510,医疗,351010,医疗器械,35101020,医疗耗材
688615,合合信息,45,信息技术,4510,计算机,451010,软件开发,45101010,通用软件
688616,西力科技,20,工业,2030,电力设备,203020,电网设备,20302010,电网自动化
688617,惠泰医疗,35,医药卫生,3510,医疗,351010,医疗器械,35101020,医疗耗材
688618,三旺通信,50,通信服务,5020,通信设备及技术服务,502010,通信设备,50201020,通信系统设备及组件
688619,罗普特,45,信息技术,4510,计算机,451020,信息技术服务,45102010,系统集成服务
688620,安凯微,45,信息技术,4530,半导体,453010,集成电路,45301010,集成电路设计
688621,阳光诺和,35,医药卫生,3520,医药,352040,制药与生物科技服务,35204010,制药与生物科技服务
688622,禾信仪器,20,工业,2050,环保,205020,节能与生态修复,20502020,环境监测
688623,双元科技,20,工业,2040,机械制造,204010,通用机械,20401040,电动机与工控自动化
688625,呈和科技,15,原材料,1510,化工,151050,塑料,15105040,其他塑料制品
688626,翔宇医疗,35,医药卫生,3510,医疗,351010,医疗器械,35101010,医疗设备
688627,精智达,20,工业,2040,机械制造,204020,专用机械,20402080,其他专用机械
688628,优利德,20,工业,2030,电力设备,203020,电网设备,20302010,电网自动化
688629,华丰科技,20,工业,2010,航空航天与国防,201020,国防装备,20102010,国防装备
688630,芯碁微装,20,工业,2040,机械制造,204020,专用机械,20402080,其他专用机械
688631,莱斯信息,45,信息技术,4510,计算机,451010,软件开发,45101020,行业应用软件
688633,星球石墨,20,工业,2040,机械制造,204020,专用机械,20402030,化工机械
688636,智明达,20,工业,2010,航空航天与国防,201010,航空航天,20101010,航空
688638,誉辰智能,20,工业,2040,机械制造,204020,专用机械,20402080,其他专用机械
688639,华恒生物,15,原材料,1510,化工,151040,化学制品,15104080,其他化学制品
688646,ST逸飞,20,工业,2040,机械制造,204010,通用机械,20401040,电动机与工控自动化
688648,中邮科技,20,工业,2040,机械制造,204010,通用机械,20401040,电动机与工控自动化
688651,盛邦安全,45,信息技术,4510,计算机,451010,软件开发,45101010,通用软件
688652,京仪装备,45,信息技术,4530,半导体,453030,半导体材料与设备,45303020,半导体设备
688653,康希通信,45,信息技术,4530,半导体,453010,集成电路,45301010,集成电路设计
688655,迅捷兴,45,信息技术,4520,电子,452020,电子元件,45202010,印制电路板
688656,浩欧博,35,医药卫生,3510,医疗,351010,医疗器械,35101030,体外诊断
688657,浩辰软件,45,信息技术,4510,计算机,451010,软件开发,45101020,行业应用软件
688658,悦康药业,35,医药卫生,3520,医药,352020,化学药,35202020,药品制剂
688659,元琛科技,20,工业,2050,环保,205010,污染治理,20501030,烟气治理
688660,电气风电,20,工业,2030,电力设备,203010,发电设备,20301020,风电设备
688661,和林微纳,45,信息技术,4520,电子,452010,电子终端及组件,45201030,消费电子组件及零部件
688662,富信科技,25,可选消费,2520,耐用消费品,252010,家用电器,25201060,家电零部件及其他
688663,新风光,20,工业,2030,电力设备,203020,电网设备,20302010,电网自动化
688665,四方光电,20,工业,2040,机械制造,204010,通用机械,20401050,仪器仪表
688667,菱电电控,25,可选消费,2510,乘用车及零部件,251010,汽车零部件与轮胎,25101030,汽车电子
688668,鼎通科技,50,通信服务,5020,通信设备及技术服务,502010,通信设备,50201020,通信系统设备及组件
688669,聚石化学,15,原材料,1510,化工,151050,塑料,15105010,改性塑料
688670,金迪克,35,医药卫生,3520,医药,352010,生物药品,35201020,疫苗
688671,碧兴物联,20,工业,2050,环保,205020,节能与生态修复,20502020,环境监测
688676,金盘科技,20,工业,2030,电力设备,203020,电网设备,20302020,输变电设备
688677,海泰新光,35,医药卫生,3510,医疗,351010,医疗器械,35101010,医疗设备
688678,福立旺,45,信息技术,4520,电子,452010,电子终端及组件,45201030,消费电子组件及零部件
688679,通源环境,20,工业,2050,环保,205010,污染治理,20501010,固废处理
688680,海优新材,20,工业,2030,电力设备,203010,发电设备,20301010,光伏设备
688681,科汇股份,20,工业,2030,电力设备,203020,电网设备,20302010,电网自动化
688682,霍莱沃,20,工业,2010,航空航天与国防,201020,国防装备,20102010,国防装备
688683,莱尔科技,45,信息技术,4520,电子,452010,电子终端及组件,45201030,消费电子组件及零部件
688685,迈信林,20,工业,2010,航空航天与国防,201010,航空航天,20101010,航空
688686,奥普特,20,工业,2040,机械制造,204010,通用机械,20401050,仪器仪表
688687,凯因科技,35,医药卫生,3520,医药,352020,化学药,35202020,药品制剂
688689,银河微电,45,信息技术,4530,半导体,453020,分立器件,45302010,分立器件
688690,纳微科技,35,医药卫生,3520,医药,352010,生物药品,35201030,其他生物药品
688691,灿芯股份,45,信息技术,4530,半导体,453010,集成电路,45301010,集成电路设计
688692,达梦数据,45,信息技术,4510,计算机,451010,软件开发,45101010,通用软件
688693,锴威特,45,信息技术,4530,半导体,453020,分立器件,45302010,分立器件
688695,中创股份,45,信息技术,4510,计算机,451010,软件开发,45101010,通用软件
688696,极米科技,25,可选消费,2520,耐用消费品,252010,家用电器,25201030,小家电
688697,纽威数控,20,工业,2040,机械制造,204010,通用机械,20401040,电动机与工控自动化
688698,伟创电气,20,工业,2040,机械制造,204010,通用机械,20401040,电动机与工控自动化
688699,明微电子,45,信息技术,4520,电子,452030,光学光电子,45203020,LED
6887.HK,东阳光药,35,医药卫生,3520,医药,352020,化学药,35202020,药品制剂
688700,东威科技,20,工业,2040,机械制造,204020,专用机械,20402080,其他专用机械
688701,卓锦股份,20,工业,2050,环保,205020,节能与生态修复,20502030,生态修复
688702,盛科通信,45,信息技术,4530,半导体,453010,集成电路,45301010,集成电路设计
688707,振华新材,20,工业,2030,电力设备,203030,储能设备,20303020,电池部件及材料
688708,佳驰科技,20,工业,2010,航空航天与国防,201020,国防装备,20102010,国防装备
688709,成都华微,45,信息技术,4530,半导体,453010,集成电路,45301010,集成电路设计
688710,益诺思,35,医药卫生,3520,医药,352040,制药与生物科技服务,35204010,制药与生物科技服务
688711,宏微科技,45,信息技术,4530,半导体,453020,分立器件,45302010,分立器件
688712,北芯生命,35,医药卫生,3510,医疗,351010,医疗器械,35101010,医疗设备
688716,中研股份,15,原材料,1510,化工,151050,塑料,15105040,其他塑料制品
688717,艾罗能源,20,工业,2030,电力设备,203030,储能设备,20303030,其他储能设备
688718,唯赛勃,20,工业,2050,环保,205010,污染治理,20501020,污水处理
688719,爱科赛博,20,工业,2040,机械制造,204020,专用机械,20402080,其他专用机械
688720,艾森股份,45,信息技术,4530,半导体,453030,半导体材料与设备,45303010,半导体材料
688721,龙图光罩,45,信息技术,4530,半导体,453030,半导体材料与设备,45303010,半导体材料
688722,同益中,15,原材料,1510,化工,151020,化学纤维,15102030,氨纶及其他化纤
688726,拉普拉斯,20,工业,2030,电力设备,203010,发电设备,20301010,光伏设备
688727,恒坤新材,45,信息技术,4530,半导体,453030,半导体材料与设备,45303010,半导体材料
688728,格科微,45,信息技术,4530,半导体,453010,集成电路,45301010,集成电路设计
688729,屹唐股份,45,信息技术,4530,半导体,453030,半导体材料与设备,45303020,半导体设备
688733,壹石通,20,工业,2030,电力设备,203030,储能设备,20303020,电池部件及材料
688737,中自科技,25,可选消费,2510,乘用车及零部件,251010,汽车零部件与轮胎,25101050,其他汽车零部件
688739,成大生物,35,医药卫生,3520,医药,352010,生物药品,35201020,疫苗
688750,金天钛业,15,原材料,1520,有色金属,152040,其他有色金属及合金,15204010,钛
688755,汉邦科技,20,工业,2040,机械制造,204020,专用机械,20402080,其他专用机械
688757,胜科纳米,20,工业,2060,商业服务与用品,206010,商业服务与用品,20601050,其他商业服务与用品
688758,赛分科技,35,医药卫生,3520,医药,352040,制药与生物科技服务,35204010,制药与生物科技服务
688759,必贝特,35,医药卫生,3520,医药,352020,化学药,35202020,药品制剂
688765,禾元生物,35,医药卫生,3520,医药,352010,生物药品,35201030,其他生物药品
688766,普冉股份,45,信息技术,4530,半导体,453010,集成电路,45301010,集成电路设计
688767,博拓生物,35,医药卫生,3510,医疗,351010,医疗器械,35101030,体外诊断
688768,容知日新,20,工业,2040,机械制造,204010,通用机械,20401050,仪器仪表
688772,珠海冠宇,20,工业,2030,电力设备,203030,储能设备,20303010,电池
688775,影石创新,45,信息技术,4520,电子,452010,电子终端及组件,45201020,消费电子终端
688776,国光电气,20,工业,2010,航空航天与国防,201020,国防装备,20102010,国防装备
688777,中控技术,20,工业,2040,机械制造,204010,通用机械,20401040,电动机与工控自动化
688778,厦钨新能,20,工业,2030,电力设备,203030,储能设备,20303020,电池部件及材料
688779,五矿新能,20,工业,2030,电力设备,203030,储能设备,20303020,电池部件及材料
688781,视涯科技,45,信息技术,4520,电子,452030,光学光电子,45203020,LED
688783,西安奕材,45,信息技术,4530,半导体,453030,半导体材料与设备,45303010,半导体材料
688785,恒运昌,45,信息技术,4530,半导体,453030,半导体材料与设备,45303020,半导体设备
688786,悦安新材,15,原材料,1520,有色金属,152040,其他有色金属及合金,15204020,其他有色金属及合金
688787,海天瑞声,45,信息技术,4510,计算机,451010,软件开发,45101010,通用软件
688788,科思科技,20,工业,2010,航空航天与国防,201020,国防装备,20102010,国防装备
688789,宏华数科,20,工业,2040,机械制造,204020,专用机械,20402050,纺织服装机械
688790,昂瑞微,45,信息技术,4530,半导体,453010,集成电路,45301010,集成电路设计
688793,倍轻松,25,可选消费,2520,耐用消费品,252010,家用电器,25201030,小家电
688795,摩尔线程,45,信息技术,4530,半导体,453010,集成电路,45301010,集成电路设计
688796,百奥赛图,35,医药卫生,3520,医药,352040,制药与生物科技服务,35204010,制药与生物科技服务
688798,艾为电子,45,信息技术,4530,半导体,453010,集成电路,45301010,集成电路设计
688799,华纳药厂,35,医药卫生,3520,医药,352020,化学药,35202020,药品制剂
6888.HK,英达公路再生科技,20,工业,2020,建筑装饰,202010,建筑与工程,20201020,基础设施建设
688800,瑞可达,25,可选消费,2510,乘用车及零部件,251010,汽车零部件与轮胎,25101030,汽车电子
688802,沐曦股份,45,信息技术,4530,半导体,453010,集成电路,45301010,集成电路设计
688805,健信超导,35,医药卫生,3510,医疗,351010,医疗器械,35101010,医疗设备
688807,优迅股份,45,信息技术,4530,半导体,453010,集成电路,45301010,集成电路设计
688809,强一股份,45,信息技术,4530,半导体,453030,半导体材料与设备,45303020,半导体设备
688813,泰金新能,20,工业,2040,机械制造,204020,专用机械,20402020,采矿冶金机械
688816,易思维,20,工业,2040,机械制造,204010,通用机械,20401050,仪器仪表
688818,电科蓝天,20,工业,2010,航空航天与国防,201010,航空航天,20101020,航天
688819,天能股份,20,工业,2030,电力设备,203030,储能设备,20303010,电池
6889.HK,DYNAM JAPAN,25,可选消费,2540,消费者服务,254010,休闲服务,25401060,博彩
688981,中芯国际,45,信息技术,4530,半导体,453010,集成电路,45301020,集成电路制造
6890.HK,康利国际控股,15,原材料,1530,钢铁,153010,钢铁,15301030,其他钢铁
689009,九号公司,25,可选消费,2520,耐用消费品,252030,休闲设备与用品,25203010,休闲设备与用品
6893.HK,衍生集团,30,主要消费,3010,食品、饮料与烟草,301030,食品,30103050,其他食品
6896.HK,金嗓子,35,医药卫生,3520,医药,352030,中药,35203020,中成药
6898.HK,中国铝罐,15,原材料,1550,造纸与包装,155010,容器与包装,15501010,金属、玻璃与塑料包装
6899.HK,联众,50,通信服务,5030,传媒,503020,文化娱乐,50302020,游戏
6908.HK,宏光半导体,45,信息技术,4520,电子,452030,光学光电子,45203020,LED
6909.HK,百得利控股,25,可选消费,2510,乘用车及零部件,251040,汽车经销商与汽车服务,25104010,汽车经销商
6911.HK,澜沧古茶,30,主要消费,3020,农牧渔,302010,种植,30201010,农产品
6913.HK,华南职业教育,25,可选消费,2540,消费者服务,254020,教育服务,25402010,学历教育
6918.HK,奇士达,25,可选消费,2520,耐用消费品,252030,休闲设备与用品,25203010,休闲设备与用品
6919.HK,人瑞人才,20,工业,2060,商业服务与用品,206010,商业服务与用品,20601050,其他商业服务与用品
6922.HK,康沣生物-B,35,医药卫生,3510,医疗,351010,医疗器械,35101020,医疗耗材
6928.HK,万马控股,25,可选消费,2510,乘用车及零部件,251010,汽车零部件与轮胎,25101050,其他汽车零部件
6929.HK,业聚医疗,35,医药卫生,3510,医疗,351010,医疗器械,35101020,医疗耗材
6933.HK,新娱科控股,50,通信服务,5030,传媒,503020,文化娱乐,50302020,游戏
6936.HK,顺丰控股,20,工业,2070,交通运输,207010,运输业,20701010,快递
6938.HK,瑞博生物-B,35,医药卫生,3520,医药,352020,化学药,35202020,药品制剂
6939.HK,美佳音控股,20,工业,2060,商业服务与用品,206010,商业服务与用品,20601030,办公服务与用品
6955.HK,博安生物,35,医药卫生,3520,医药,352010,生物药品,35201030,其他生物药品
6958.HK,正荣服务,60,房地产,6010,房地产,601020,房地产管理与服务,60102010,房地产管理
6959.HK,长久股份,20,工业,2060,商业服务与用品,206010,商业服务与用品,20601050,其他商业服务与用品
6960.HK,双登股份,20,工业,2030,电力设备,203030,储能设备,20303010,电池
6963.HK,阳光保险,40,金融,4040,保险,404010,保险,40401010,人寿与健康保险
6966.HK,中国万桐园,25,可选消费,2540,消费者服务,254030,其他消费者服务,25403010,其他消费者服务
6968.HK,港龙中国地产,60,房地产,6010,房地产,601010,房地产开发与园区,60101010,房地产开发
6969.HK,思摩尔国际,30,主要消费,3010,食品、饮料与烟草,301040,烟草,30104010,烟草
6978.HK,永泰生物-B,35,医药卫生,3520,医药,352010,生物药品,35201030,其他生物药品
6979.HK,珍酒李渡,30,主要消费,3010,食品、饮料与烟草,301010,酒,30101010,白酒
6980.HK,八马茶业,30,主要消费,3020,农牧渔,302010,种植,30201010,农产品
6988.HK,乐享集团,50,通信服务,5030,传媒,503010,营销与广告,50301010,数字营销
6989.HK,卓越商企服务,60,房地产,6010,房地产,601020,房地产管理与服务,60102010,房地产管理
6990.HK,科伦博泰生物-B,35,医药卫生,3520,医药,352010,生物药品,35201030,其他生物药品
6993.HK,蓝月亮,30,主要消费,3030,家庭与个人用品,303010,家庭用品,30301010,家庭用品
6996.HK,德琪医药-B,35,医药卫生,3520,医药,352010,生物药品,35201030,其他生物药品
6998.HK,亿腾嘉和,35,医药卫生,3520,医药,352010,生物药品,35201030,其他生物药品
6999.HK,领地控股,60,房地产,6010,房地产,601010,房地产开发与园区,60101010,房地产开发
7489.HK,岚图汽车,25,可选消费,2510,乘用车及零部件,251020,乘用车,25102010,乘用车
7618.HK,京东工业,45,信息技术,4510,计算机,451020,信息技术服务,45102030,其他IT与互联网服务
8003.HK,世大控股,50,通信服务,5030,传媒,503010,营销与广告,50301010,数字营销
8005.HK,裕兴科技,50,通信服务,5020,通信设备及技术服务,502010,通信设备,50201010,通信终端设备及组件
8006.HK,华泰瑞银,50,通信服务,5030,传媒,503020,文化娱乐,50302030,出版
8007.HK,环球战略集团,55,公用事业,5510,公用事业,551020,燃气,55102010,燃气
8013.HK,ECI TECH,20,工业,2060,商业服务与用品,206010,商业服务与用品,20601050,其他商业服务与用品
8017.HK,捷利交易宝,45,信息技术,4510,计算机,451010,软件开发,45101020,行业应用软件
8018.HK,汇财金融投资,45,信息技术,4510,计算机,451010,软件开发,45101020,行业应用软件
8019.HK,皓文控股,40,金融,4020,其他金融,402020,消费信贷,40202010,消费信贷
8020.HK,宏海控股集团,20,工业,2070,交通运输,207010,运输业,20701040,航运
8021.HK,汇隆控股,40,金融,4020,其他金融,402020,消费信贷,40202010,消费信贷
8023.HK,邝文记,20,工业,2020,建筑装饰,202020,建筑装修,20202010,建筑装修
8026.HK,朗华国际集团,25,可选消费,2530,纺织服装与珠宝,253020,珠宝与奢侈品,25302010,珠宝与奢侈品
8027.HK,吉辉控股,20,工业,2060,商业服务与用品,206010,商业服务与用品,20601050,其他商业服务与用品
8028.HK,天时资源,15,原材料,1520,有色金属,152010,工业金属,15201010,铜
8029.HK,帝国金融集团,40,金融,4020,其他金融,402010,其他金融服务,40201020,特殊金融服务
8030.HK,丰银禾控股,40,金融,4020,其他金融,402010,其他金融服务,40201020,特殊金融服务
8031.HK,易通讯集团,20,工业,2060,商业服务与用品,206010,商业服务与用品,20601050,其他商业服务与用品
8033.HK,爱达利网络,50,通信服务,5020,通信设备及技术服务,502030,通信技术服务,50203010,通信技术服务
8035.HK,骏高控股,20,工业,2070,交通运输,207010,运输业,20701020,物流综合
8036.HK,电子交易集团,45,信息技术,4510,计算机,451010,软件开发,45101020,行业应用软件
8037.HK,中国生物科技服务,35,医药卫生,3510,医疗,351010,医疗器械,35101030,体外诊断
8039.HK,中国来骑哦,20,工业,2020,建筑装饰,202010,建筑与工程,20201050,建筑设计及服务
8040.HK,快意智能,20,工业,2020,建筑装饰,202020,建筑装修,20202010,建筑装修
8041.HK,中微智码,25,可选消费,2530,纺织服装与珠宝,253010,纺织服装,25301020,服装
8042.HK,高奥士国际,20,工业,2060,商业服务与用品,206010,商业服务与用品,20601050,其他商业服务与用品
8043.HK,ATLINKS,50,通信服务,5020,通信设备及技术服务,502010,通信设备,50201010,通信终端设备及组件
8047.HK,中国海洋发展,20,工业,2070,交通运输,207010,运输业,20701020,物流综合
8048.HK,御德国际控股,45,信息技术,4510,计算机,451010,软件开发,45101020,行业应用软件
8049.HK,吉林长龙药业,35,医药卫生,3520,医药,352020,化学药,35202020,药品制剂
8050.HK,城市酷选,50,通信服务,5010,电信服务,501020,电信增值服务,50102010,电信增值服务
8051.HK,讯智海,25,可选消费,2550,零售业,255020,专营零售,25502010,专营零售
8052.HK,陆庆娱乐,25,可选消费,2540,消费者服务,254010,休闲服务,25401070,其他休闲服务
8056.HK,生活概念,25,可选消费,2540,消费者服务,254010,休闲服务,25401040,餐饮服务
8057.HK,麦迪森控股,40,金融,4010,银行,401020,抵押信贷机构,40102010,抵押信贷机构
8059.HK,朝威控股,20,工业,2020,建筑装饰,202010,建筑与工程,20201040,专业工程
8060.HK,国联通信,45,信息技术,4510,计算机,451010,软件开发,45101020,行业应用软件
8062.HK,俊盟国际,45,信息技术,4510,计算机,451020,信息技术服务,45102030,其他IT与互联网服务
8065.HK,高萌科技,45,信息技术,4510,计算机,451020,信息技术服务,45102010,系统集成服务
8066.HK,品创控股,50,通信服务,5020,通信设备及技术服务,502010,通信设备,50201010,通信终端设备及组件
8067.HK,东方大学城控股,60,房地产,6010,房地产,601020,房地产管理与服务,60102020,房地产服务
8069.HK,飞道旅游科技,25,可选消费,2540,消费者服务,254010,休闲服务,25401020,旅游服务
8070.HK,侨洋国际控股,20,工业,2030,电力设备,203020,电网设备,20302020,输变电设备
8071.HK,中彩网通控股,45,信息技术,4510,计算机,451010,软件开发,45101020,行业应用软件
8072.HK,兰谷股份,20,工业,2060,商业服务与用品,206010,商业服务与用品,20601050,其他商业服务与用品
8073.HK,水发兴业新材料,45,信息技术,4520,电子,452030,光学光电子,45203010,面板
8076.HK,新利软件,45,信息技术,4510,计算机,451020,信息技术服务,45102030,其他IT与互联网服务
8079.HK,仍志集团控股,40,金融,4020,其他金融,402010,其他金融服务,40201020,特殊金融服务
8080.HK,北亚策略,20,工业,2060,商业服务与用品,206010,商业服务与用品,20601040,贸易商
8081.HK,白居易控股,25,可选消费,2540,消费者服务,254010,休闲服务,25401030,酒店
8082.HK,擎华控股,25,可选消费,2540,消费者服务,254010,休闲服务,25401070,其他休闲服务
8083.HK,有赞,45,信息技术,4510,计算机,451020,信息技术服务,45102020,云计算服务
8087.HK,中国三三传媒,40,金融,4020,其他金融,402010,其他金融服务,40201020,特殊金融服务
8091.HK,奥传思维控股,50,通信服务,5030,传媒,503010,营销与广告,50301020,其他广告营销
8092.HK,ITE HOLDINGS,45,信息技术,4510,计算机,451020,信息技术服务,45102010,系统集成服务
8093.HK,瓦普思瑞元宇宙,50,通信服务,5030,传媒,503010,营销与广告,50301010,数字营销
8095.HK,北大青鸟环宇,25,可选消费,2540,消费者服务,254010,休闲服务,25401010,景点
8096.HK,赏之味,25,可选消费,2540,消费者服务,254010,休闲服务,25401040,餐饮服务
8098.HK,昌利控股,40,金融,4030,资本市场,403010,证券公司,40301010,证券公司
8100.HK,名科国际,45,信息技术,4510,计算机,451010,软件开发,45101010,通用软件
8103.HK,HMVOD视频,50,通信服务,5030,传媒,503020,文化娱乐,50302040,广播与电视
8106.HK,芯化兰德,45,信息技术,4510,计算机,451020,信息技术服务,45102010,系统集成服务
8107.HK,细叶榕科技,25,可选消费,2530,纺织服装与珠宝,253010,纺织服装,25301020,服装
8111.HK,中国科技产业集团,20,工业,2030,电力设备,203010,发电设备,20301010,光伏设备
8112.HK,基石金融,50,通信服务,5030,传媒,503010,营销与广告,50301020,其他广告营销
8113.HK,时腾科技,45,信息技术,4530,半导体,453010,集成电路,45301010,集成电路设计
8115.HK,上海青浦消防,20,工业,2060,商业服务与用品,206010,商业服务与用品,20601050,其他商业服务与用品
8117.HK,中国基础能源,55,公用事业,5510,公用事业,551020,燃气,55102010,燃气
8118.HK,中资国际控股,25,可选消费,2520,耐用消费品,252010,家用电器,25201040,照明电器
8120.HK,国农金融投资,25,可选消费,2540,消费者服务,254010,休闲服务,25401040,餐饮服务
8121.HK,国恩控股,50,通信服务,5030,传媒,503010,营销与广告,50301010,数字营销
8123.HK,华亿金控,25,可选消费,2510,乘用车及零部件,251040,汽车经销商与汽车服务,25104010,汽车经销商
8125.HK,中新控股,20,工业,2020,建筑装饰,202010,建筑与工程,20201050,建筑设计及服务
8126.HK,Ｇ·Ａ·控股,25,可选消费,2510,乘用车及零部件,251040,汽车经销商与汽车服务,25104010,汽车经销商
8128.HK,中国恒有源集团,20,工业,2050,环保,205020,节能与生态修复,20502010,节能与资源回收
8130.HK,大地国际集团,20,工业,2050,环保,205020,节能与生态修复,20502020,环境监测
8131.HK,辰罡科技,45,信息技术,4510,计算机,451010,软件开发,45101020,行业应用软件
8132.HK,百能国际能源,10,能源,1010,能源,101020,石油与天然气,10102040,油气流通及其他
8133.HK,吉盛集团控股,20,工业,2040,机械制造,204010,通用机械,20401070,其他通用机械
8136.HK,英马斯集团,25,可选消费,2520,耐用消费品,252010,家用电器,25201040,照明电器
8137.HK,洪桥集团,20,工业,2030,电力设备,203030,储能设备,20303010,电池
8139.HK,长安仁恒,15,原材料,1540,非金属材料,154020,其他非金属材料,15402020,其他非金属材料
8140.HK,人和科技,20,工业,2020,建筑装饰,202030,建筑产品,20203010,建筑产品
8143.HK,金威医疗,35,医药卫生,3510,医疗,351020,医疗商业与服务,35102010,医疗服务
8146.HK,怡园酒业,30,主要消费,3010,食品、饮料与烟草,301010,酒,30101040,葡萄酒及其他
8147.HK,汇思太平洋,45,信息技术,4520,电子,452010,电子终端及组件,45201020,消费电子终端
8148.HK,悟喜生活,45,信息技术,4510,计算机,451010,软件开发,45101020,行业应用软件
8149.HK,浩德控股,60,房地产,6010,房地产,601020,房地产管理与服务,60102020,房地产服务
8152.HK,明樑控股,20,工业,2040,机械制造,204020,专用机械,20402010,工程机械
8153.HK,嘉鼎国际集团,50,通信服务,5030,传媒,503010,营销与广告,50301010,数字营销
8156.HK,国药科技股份,20,工业,2070,交通运输,207010,运输业,20701020,物流综合
8158.HK,中国再生医学,35,医药卫生,3510,医疗,351020,医疗商业与服务,35102010,医疗服务
8159.HK,新华联合投资,45,信息技术,4520,电子,452010,电子终端及组件,45201030,消费电子组件及零部件
8160.HK,GOLDWAY EDU,25,可选消费,2540,消费者服务,254020,教育服务,25402010,学历教育
8161.HK,医汇集团,35,医药卫生,3510,医疗,351020,医疗商业与服务,35102010,医疗服务
8162.HK,港银控股,20,工业,2060,商业服务与用品,206010,商业服务与用品,20601040,贸易商
8163.HK,声扬集团,40,金融,4020,其他金融,402010,其他金融服务,40201020,特殊金融服务
8168.HK,宝积资本,40,金融,4020,其他金融,402010,其他金融服务,40201020,特殊金融服务
8169.HK,环康集团,20,工业,2050,环保,205010,污染治理,20501020,污水处理
8172.HK,中国星文化产业,50,通信服务,5030,传媒,503020,文化娱乐,50302010,影视动漫
8173.HK,客思控股,20,工业,2020,建筑装饰,202020,建筑装修,20202010,建筑装修
8176.HK,超人智能,20,工业,2040,机械制造,204010,通用机械,20401040,电动机与工控自动化
8178.HK,中国信息科技,45,信息技术,4510,计算机,451020,信息技术服务,45102030,其他IT与互联网服务
8179.HK,百利达集团控股,25,可选消费,2550,零售业,255020,专营零售,25502010,专营零售
8181.HK,港深智能管理,60,房地产,6010,房地产,601020,房地产管理与服务,60102010,房地产管理
8186.HK,曼妠,25,可选消费,2520,耐用消费品,252020,家居,25202010,家具
8187.HK,积木集团,25,可选消费,2550,零售业,255020,专营零售,25502010,专营零售
8188.HK,骏杰集团控股,20,工业,2020,建筑装饰,202010,建筑与工程,20201020,基础设施建设
8189.HK,泰达生物,15,原材料,1510,化工,151010,农用化工,15101030,复合肥
8191.HK,鸿伟亚洲,15,原材料,1550,造纸与包装,155020,纸类与林业产品,15502010,林业产品
8193.HK,亚太金融投资,40,金融,4020,其他金融,402010,其他金融服务,40201020,特殊金融服务
8195.HK,传承教育集团,25,可选消费,2540,消费者服务,254020,教育服务,25402020,培训教育及其他
8196.HK,福田股份,20,工业,2050,环保,205010,污染治理,20501020,污水处理
8198.HK,加幂科技,50,通信服务,5020,通信设备及技术服务,502020,数据中心,50202010,数据中心
8200.HK,修身堂,25,可选消费,2550,零售业,255020,专营零售,25502010,专营零售
8201.HK,宝联控股,20,工业,2060,商业服务与用品,206010,商业服务与用品,20601050,其他商业服务与用品
8203.HK,凯顺控股,20,工业,2070,交通运输,207010,运输业,20701020,物流综合
8205.HK,交大慧谷,45,信息技术,4510,计算机,451020,信息技术服务,45102010,系统集成服务
8206.HK,神通机器人教育,25,可选消费,2540,消费者服务,254020,教育服务,25402020,培训教育及其他
8208.HK,WMCH GLOBAL,20,工业,2020,建筑装饰,202010,建筑与工程,20201050,建筑设计及服务
8210.HK,衍汇亚洲,40,金融,4030,资本市场,403020,其他资本市场,40302030,其他资本市场
8213.HK,荣晖控股,25,可选消费,2540,消费者服务,254010,休闲服务,25401040,餐饮服务
8217.HK,菊福堂生物,20,工业,2020,建筑装饰,202020,建筑装修,20202010,建筑装修
8218.HK,毅高国际控股,45,信息技术,4520,电子,452010,电子终端及组件,45201030,消费电子组件及零部件
8219.HK,恒伟集团控股,25,可选消费,2530,纺织服装与珠宝,253010,纺织服装,25301030,鞋帽与配饰
8220.HK,比高集团,50,通信服务,5030,传媒,503020,文化娱乐,50302010,影视动漫
8221.HK,高裕金融,40,金融,4030,资本市场,403010,证券公司,40301010,证券公司
8222.HK,壹照明,25,可选消费,2550,零售业,255020,专营零售,25502010,专营零售
8223.HK,紫元元,35,医药卫生,3510,医疗,351020,医疗商业与服务,35102020,医药商业
8225.HK,中国医疗集团,20,工业,2060,商业服务与用品,206010,商业服务与用品,20601050,其他商业服务与用品
8226.HK,树熊金融集团,40,金融,4030,资本市场,403010,证券公司,40301010,证券公司
8227.HK,海天天线,50,通信服务,5020,通信设备及技术服务,502010,通信设备,50201020,通信系统设备及组件
8229.HK,未来数据集团,45,信息技术,4510,计算机,451020,信息技术服务,45102010,系统集成服务
8232.HK,一木集团,25,可选消费,2540,消费者服务,254010,休闲服务,25401040,餐饮服务
8237.HK,华星控股,25,可选消费,2540,消费者服务,254010,休闲服务,25401030,酒店
8238.HK,惠陶集团,50,通信服务,5030,传媒,503010,营销与广告,50301020,其他广告营销
8239.HK,首都金融控股,40,金融,4020,其他金融,402010,其他金融服务,40201020,特殊金融服务
8241.HK,英记茶庄集团,25,可选消费,2550,零售业,255020,专营零售,25502010,专营零售
8245.HK,烽翼集团,50,通信服务,5020,通信设备及技术服务,502010,通信设备,50201010,通信终端设备及组件
8246.HK,中华燃气,55,公用事业,5510,公用事业,551020,燃气,55102010,燃气
8247.HK,中生北控生物科技,35,医药卫生,3510,医疗,351010,医疗器械,35101030,体外诊断
8249.HK,瑞远智控,45,信息技术,4520,电子,452010,电子终端及组件,45201040,安防设备及其他
8250.HK,都都控股,25,可选消费,2550,零售业,255020,专营零售,25502010,专营零售
8262.HK,宏强控股,20,工业,2020,建筑装饰,202010,建筑与工程,20201010,房屋建设
8267.HK,蓝港互动,50,通信服务,5030,传媒,503020,文化娱乐,50302020,游戏
8268.HK,智城发展控股,20,工业,2020,建筑装饰,202010,建筑与工程,20201010,房屋建设
8269.HK,倍升教育科技,25,可选消费,2550,零售业,255020,专营零售,25502010,专营零售
8270.HK,中国煤层气,55,公用事业,5510,公用事业,551020,燃气,55102010,燃气
8271.HK,环球数码创意,60,房地产,6010,房地产,601020,房地产管理与服务,60102020,房地产服务
8275.HK,中国新消费集团,20,工业,2020,建筑装饰,202010,建筑与工程,20201040,专业工程
8277.HK,骏东控股,15,原材料,1550,造纸与包装,155020,纸类与林业产品,15502010,林业产品
8279.HK,亚博科技控股,40,金融,4020,其他金融,402010,其他金融服务,40201020,特殊金融服务
8280.HK,中国数字视频,45,信息技术,4510,计算机,451020,信息技术服务,45102010,系统集成服务
8281.HK,中国金典集团,30,主要消费,3030,家庭与个人用品,303010,家庭用品,30301010,家庭用品
8282.HK,智傲控股,45,信息技术,4510,计算机,451010,软件开发,45101010,通用软件
8283.HK,中食民安,25,可选消费,2510,乘用车及零部件,251040,汽车经销商与汽车服务,25104020,汽车服务
8285.HK,森浩集团,25,可选消费,2530,纺织服装与珠宝,253010,纺织服装,25301030,鞋帽与配饰
8286.HK,长城微光,50,通信服务,5020,通信设备及技术服务,502010,通信设备,50201020,通信系统设备及组件
8290.HK,亚势备份,45,信息技术,4510,计算机,451010,软件开发,45101010,通用软件
8291.HK,港娱国际,15,原材料,1550,造纸与包装,155010,容器与包装,15501010,金属、玻璃与塑料包装
8292.HK,VSING,20,工业,2070,交通运输,207010,运输业,20701020,物流综合
8293.HK,星亚控股,20,工业,2060,商业服务与用品,206010,商业服务与用品,20601050,其他商业服务与用品
8295.HK,金慧科技,50,通信服务,5010,电信服务,501020,电信增值服务,50102010,电信增值服务
8296.HK,中国生命集团,25,可选消费,2540,消费者服务,254030,其他消费者服务,25403010,其他消费者服务
8297.HK,海纳星空科技,25,可选消费,2530,纺织服装与珠宝,253010,纺织服装,25301020,服装
8299.HK,大唐潼金,15,原材料,1520,有色金属,152020,贵金属,15202010,黄金
8300.HK,今米房集团,25,可选消费,2540,消费者服务,254010,休闲服务,25401040,餐饮服务
8305.HK,圣唐控股,20,工业,2020,建筑装饰,202020,建筑装修,20202010,建筑装修
8307.HK,密迪斯肌,35,医药卫生,3510,医疗,351020,医疗商业与服务,35102010,医疗服务
8308.HK,古兜控股,25,可选消费,2540,消费者服务,254010,休闲服务,25401030,酒店
8309.HK,万成环球控股,55,公用事业,5510,公用事业,551040,市政环卫,55104010,市政环卫
8310.HK,盐城港,20,工业,2060,商业服务与用品,206010,商业服务与用品,20601040,贸易商
8311.HK,圆美光电,20,工业,2060,商业服务与用品,206010,商业服务与用品,20601040,贸易商
8313.HK,杰地集团,40,金融,4030,资本市场,403020,其他资本市场,40302010,资产管理
8315.HK,新都酒店,20,工业,2060,商业服务与用品,206010,商业服务与用品,20601050,其他商业服务与用品
8316.HK,中国红包,20,工业,2020,建筑装饰,202010,建筑与工程,20201040,专业工程
8317.HK,财华社集团,50,通信服务,5030,传媒,503030,数字媒体,50303030,图文媒体
8319.HK,思博系统,45,信息技术,4510,计算机,451020,信息技术服务,45102010,系统集成服务
8320.HK,沛然环保,20,工业,2020,建筑装饰,202010,建筑与工程,20201050,建筑设计及服务
8321.HK,泰锦控股,20,工业,2020,建筑装饰,202010,建筑与工程,20201040,专业工程
8326.HK,同景新能源,20,工业,2030,电力设备,203010,发电设备,20301010,光伏设备
8328.HK,信义储电,20,工业,2020,建筑装饰,202010,建筑与工程,20201020,基础设施建设
8329.HK,海王英特龙,35,医药卫生,3520,医药,352020,化学药,35202020,药品制剂
8331.HK,倍搏集团,15,原材料,1540,非金属材料,154020,其他非金属材料,15402020,其他非金属材料
8333.HK,阿仕特朗金融,40,金融,4030,资本市场,403010,证券公司,40301010,证券公司
8337.HK,直通电讯,25,可选消费,2550,零售业,255020,专营零售,25502010,专营零售
8340.HK,紫荆国际金融,40,金融,4030,资本市场,403010,证券公司,40301010,证券公司
8341.HK,艾硕控股,20,工业,2020,建筑装饰,202020,建筑装修,20202010,建筑装修
8347.HK,F8企业,10,能源,1010,能源,101020,石油与天然气,10102040,油气流通及其他
8348.HK,滨海泰达物流,20,工业,2070,交通运输,207010,运输业,20701020,物流综合
8349.HK,硅鑫集团,15,原材料,1540,非金属材料,154020,其他非金属材料,15402010,玻璃纤维
8350.HK,立桥证券控股,40,金融,4030,资本市场,403010,证券公司,40301010,证券公司
8356.HK,进业控股,20,工业,2020,建筑装饰,202010,建筑与工程,20201020,基础设施建设
8357.HK,REPUBLIC HC,35,医药卫生,3510,医疗,351020,医疗商业与服务,35102010,医疗服务
8360.HK,简朴新生活,20,工业,2020,建筑装饰,202020,建筑装修,20202010,建筑装修
8362.HK,运兴泰集团,30,主要消费,3010,食品、饮料与烟草,301030,食品,30103010,肉制品
8365.HK,亦辰集团,20,工业,2060,商业服务与用品,206010,商业服务与用品,20601050,其他商业服务与用品
8366.HK,浙江联合投资,20,工业,2020,建筑装饰,202010,建筑与工程,20201040,专业工程
8367.HK,倩碧控股,25,可选消费,2540,消费者服务,254010,休闲服务,25401040,餐饮服务
8368.HK,中国创意控股,50,通信服务,5030,传媒,503020,文化娱乐,50302040,广播与电视
8370.HK,智昇集团控股,25,可选消费,2520,耐用消费品,252020,家居,25202010,家具
8371.HK,嚐高美集团,25,可选消费,2540,消费者服务,254010,休闲服务,25401040,餐饮服务
8372.HK,君百延集团,35,医药卫生,3510,医疗,351020,医疗商业与服务,35102020,医药商业
8373.HK,靛蓝星,20,工业,2020,建筑装饰,202010,建筑与工程,20201010,房屋建设
8375.HK,数盟资本,45,信息技术,4520,电子,452020,电子元件,45202020,被动元件
8377.HK,维港育马,25,可选消费,2530,纺织服装与珠宝,253010,纺织服装,25301010,纺织品
8379.HK,盈证国际,45,信息技术,4510,计算机,451020,信息技术服务,45102010,系统集成服务
8385.HK,万里印刷,20,工业,2060,商业服务与用品,206010,商业服务与用品,20601010,商业印刷
8391.HK,基石科技控股,25,可选消费,2510,乘用车及零部件,251040,汽车经销商与汽车服务,25104020,汽车服务
8392.HK,舍图控股,25,可选消费,2520,耐用消费品,252020,家居,25202020,其他家居
8395.HK,中显智能齐家控股,25,可选消费,2550,零售业,255020,专营零售,25502010,专营零售
8400.HK,亚洲先锋娱乐,20,工业,2040,机械制造,204020,专用机械,20402080,其他专用机械
8401.HK,源想集团,50,通信服务,5030,传媒,503010,营销与广告,50301010,数字营销
8402.HK,高原之宝,20,工业,2020,建筑装饰,202010,建筑与工程,20201040,专业工程
8403.HK,天平道合,20,工业,2060,商业服务与用品,206010,商业服务与用品,20601050,其他商业服务与用品
8406.HK,中国口腔产业,25,可选消费,2520,耐用消费品,252030,休闲设备与用品,25203010,休闲设备与用品
8411.HK,K W NELSON GP,20,工业,2020,建筑装饰,202020,建筑装修,20202010,建筑装修
8412.HK,新爱德集团,25,可选消费,2540,消费者服务,254010,休闲服务,25401070,其他休闲服务
8413.HK,亚洲富思,25,可选消费,2550,零售业,255020,专营零售,25502010,专营零售
8416.HK,HM INTL HLDGS,20,工业,2060,商业服务与用品,206010,商业服务与用品,20601010,商业印刷
8417.HK,大地教育,25,可选消费,2540,消费者服务,254020,教育服务,25402020,培训教育及其他
8418.HK,傲迪玛汽车,25,可选消费,2510,乘用车及零部件,251040,汽车经销商与汽车服务,25104020,汽车服务
8419.HK,AV 策划推广,20,工业,2060,商业服务与用品,206010,商业服务与用品,20601050,其他商业服务与用品
8420.HK,NEXION TECH,45,信息技术,4510,计算机,451020,信息技术服务,45102010,系统集成服务
8422.HK,WT集团,20,工业,2020,建筑装饰,202010,建筑与工程,20201040,专业工程
8423.HK,CHI HO DEV,20,工业,2020,建筑装饰,202020,建筑装修,20202010,建筑装修
8425.HK,兴铭控股,20,工业,2060,商业服务与用品,206010,商业服务与用品,20601050,其他商业服务与用品
8426.HK,雅居投资控股,60,房地产,6010,房地产,601020,房地产管理与服务,60102010,房地产管理
8427.HK,万顺瑞强集团,15,原材料,1540,非金属材料,154010,建筑材料,15401010,水泥与混凝土
8428.HK,汉诺佳池,25,可选消费,2540,消费者服务,254010,休闲服务,25401040,餐饮服务
8429.HK,华美乐乐,50,通信服务,5030,传媒,503010,营销与广告,50301020,其他广告营销
8430.HK,春能控股,20,工业,2070,交通运输,207010,运输业,20701060,公路运输
8431.HK,浩柏国际,20,工业,2020,建筑装饰,202020,建筑装修,20202010,建筑装修
8432.HK,太平洋酒吧,25,可选消费,2540,消费者服务,254010,休闲服务,25401040,餐饮服务
8436.HK,德宝集团控股,30,主要消费,3030,家庭与个人用品,303020,美容护理,30302010,美容护理
8437.HK,德斯控股,35,医药卫生,3510,医疗,351020,医疗商业与服务,35102010,医疗服务
8439.HK,新百利融资,40,金融,4030,资本市场,403010,证券公司,40301010,证券公司
8445.HK,怡康泰工程集团,20,工业,2020,建筑装饰,202020,建筑装修,20202010,建筑装修
8446.HK,耀星科技集团,20,工业,2060,商业服务与用品,206010,商业服务与用品,20601050,其他商业服务与用品
8447.HK,MS CONCEPT,25,可选消费,2540,消费者服务,254010,休闲服务,25401040,餐饮服务
8448.HK,环球印馆,20,工业,2060,商业服务与用品,206010,商业服务与用品,20601010,商业印刷
8450.HK,钜京控股,20,工业,2060,商业服务与用品,206010,商业服务与用品,20601010,商业印刷
8451.HK,日光控股,30,主要消费,3030,家庭与个人用品,303010,家庭用品,30301010,家庭用品
8452.HK,富银融资股份,20,工业,2030,电力设备,203030,储能设备,20303030,其他储能设备
8455.HK,礼建德集团,20,工业,2020,建筑装饰,202020,建筑装修,20202010,建筑装修
8456.HK,民信国际控股,25,可选消费,2530,纺织服装与珠宝,253010,纺织服装,25301020,服装
8460.HK,基地锦标集团,20,工业,2020,建筑装饰,202010,建筑与工程,20201040,专业工程
8462.HK,中安控股集团,20,工业,2060,商业服务与用品,206010,商业服务与用品,20601050,其他商业服务与用品
8471.HK,新达控股,25,可选消费,2530,纺织服装与珠宝,253010,纺织服装,25301020,服装
8472.HK,立高控股,20,工业,2060,商业服务与用品,206010,商业服务与用品,20601050,其他商业服务与用品
8473.HK,弥明生活百货,25,可选消费,2550,零售业,255020,专营零售,25502010,专营零售
8475.HK,易站绿色科技,25,可选消费,2540,消费者服务,254010,休闲服务,25401040,餐饮服务
8480.HK,飞霓控股,25,可选消费,2530,纺织服装与珠宝,253010,纺织服装,25301010,纺织品
8481.HK,盛龙锦秀国际,20,工业,2020,建筑装饰,202030,建筑产品,20203010,建筑产品
8482.HK,万励达,20,工业,2070,交通运输,207010,运输业,20701020,物流综合
8483.HK,名仕快相,25,可选消费,2540,消费者服务,254030,其他消费者服务,25403010,其他消费者服务
8487.HK,ISP GLOBAL,25,可选消费,2550,零售业,255040,互联网零售,25504010,互联网零售
8489.HK,裕程物流,20,工业,2070,交通运输,207010,运输业,20701030,航空运输
8490.HK,骏码半导体,45,信息技术,4520,电子,452030,光学光电子,45203020,LED
8491.HK,COOL LINK,25,可选消费,2550,零售业,255020,专营零售,25502010,专营零售
8493.HK,炙龙控股,25,可选消费,2540,消费者服务,254010,休闲服务,25401040,餐饮服务
8495.HK,1957 & Co.,25,可选消费,2540,消费者服务,254010,休闲服务,25401040,餐饮服务
8496.HK,环球友饮智能,25,可选消费,2540,消费者服务,254010,休闲服务,25401040,餐饮服务
8500.HK,天泓文创,50,通信服务,5030,传媒,503010,营销与广告,50301020,其他广告营销
8501.HK,庄皇集团公司,20,工业,2020,建筑装饰,202020,建筑装修,20202010,建筑装修
8502.HK,远航港口,20,工业,2070,交通运输,207020,交通基本设施,20702020,港口
8507.HK,爱世纪集团,25,可选消费,2530,纺织服装与珠宝,253010,纺织服装,25301020,服装
8509.HK,威扬酒业控股,25,可选消费,2550,零售业,255020,专营零售,25502010,专营零售
8510.HK,TOPSTANDARDCORP,25,可选消费,2540,消费者服务,254010,休闲服务,25401040,餐饮服务
8511.HK,民富国际,20,工业,2040,机械制造,204010,通用机械,20401050,仪器仪表
8512.HK,凯富善集团控股,25,可选消费,2520,耐用消费品,252020,家居,25202020,其他家居
8513.HK,加和国际控股,35,医药卫生,3510,医疗,351010,医疗器械,35101020,医疗耗材
8516.HK,中盈国际,20,工业,2020,建筑装饰,202010,建筑与工程,20201020,基础设施建设
8519.HK,新享时代,25,可选消费,2540,消费者服务,254010,休闲服务,25401040,餐饮服务
8521.HK,智云国际控股,25,可选消费,2530,纺织服装与珠宝,253010,纺织服装,25301010,纺织品
8525.HK,百应控股,40,金融,4020,其他金融,402010,其他金融服务,40201020,特殊金融服务
8526.HK,荣丰集团亚洲,20,工业,2020,建筑装饰,202020,建筑装修,20202010,建筑装修
8527.HK,聚利宝控股,25,可选消费,2540,消费者服务,254010,休闲服务,25401040,餐饮服务
8529.HK,优博控股,45,信息技术,4530,半导体,453010,集成电路,45301030,集成电路封测
8532.HK,宝发控股,20,工业,2020,建筑装饰,202020,建筑装修,20202010,建筑装修
8535.HK,荧德控股,20,工业,2020,建筑装饰,202020,建筑装修,20202010,建筑装修
8536.HK,TL NATURAL GAS,55,公用事业,5510,公用事业,551020,燃气,55102010,燃气
8537.HK,创辉珠宝,25,可选消费,2530,纺织服装与珠宝,253020,珠宝与奢侈品,25302010,珠宝与奢侈品
8540.HK,胜利证券,40,金融,4030,资本市场,403010,证券公司,40301010,证券公司
8545.HK,佰悦集团,25,可选消费,2520,耐用消费品,252030,休闲设备与用品,25203010,休闲设备与用品
8547.HK,PACIFIC LEGEND,25,可选消费,2550,零售业,255020,专营零售,25502010,专营零售
8549.HK,金叶国际集团,20,工业,2020,建筑装饰,202020,建筑装修,20202010,建筑装修
8601.HK,宝燵控股,20,工业,2020,建筑装饰,202010,建筑与工程,20201050,建筑设计及服务
8603.HK,亮晴控股,25,可选消费,2540,消费者服务,254010,休闲服务,25401050,本地生活服务
8606.HK,倢冠控股,45,信息技术,4510,计算机,451020,信息技术服务,45102030,其他IT与互联网服务
8610.HK,BBSB INTL,20,工业,2020,建筑装饰,202010,建筑与工程,20201020,基础设施建设
8611.HK,九福来,45,信息技术,4510,计算机,451010,软件开发,45101020,行业应用软件
8612.HK,维亮控股,20,工业,2060,商业服务与用品,206010,商业服务与用品,20601050,其他商业服务与用品
8613.HK,东方支付集团控股,40,金融,4020,其他金融,402010,其他金融服务,40201020,特殊金融服务
8616.HK,新威工程集团,20,工业,2020,建筑装饰,202020,建筑装修,20202010,建筑装修
8619.HK,NIU HOLDINGS,20,工业,2020,建筑装饰,202010,建筑与工程,20201050,建筑设计及服务
8620.HK,亚洲速运,20,工业,2070,交通运输,207010,运输业,20701030,航空运输
8621.HK,METROPOLIS CAP,40,金融,4020,其他金融,402020,消费信贷,40202010,消费信贷
8622.HK,愉悦集团,35,医药卫生,3510,医疗,351010,医疗器械,35101030,体外诊断
8623.HK,中国蜀塔,20,工业,2030,电力设备,203020,电网设备,20302040,线缆及其他
8627.HK,旅橙文化,50,通信服务,5030,传媒,503010,营销与广告,50301020,其他广告营销
8629.HK,集信国控,20,工业,2020,建筑装饰,202010,建筑与工程,20201050,建筑设计及服务
8631.HK,申港控股,10,能源,1010,能源,101020,石油与天然气,10102040,油气流通及其他
8635.HK,大象控股集团,45,信息技术,4510,计算机,451010,软件开发,45101020,行业应用软件
8637.HK,元续科技,45,信息技术,4530,半导体,453030,半导体材料与设备,45303020,半导体设备
8645.HK,比特元宇宙,50,通信服务,5020,通信设备及技术服务,502030,通信技术服务,50203010,通信技术服务
8646.HK,中国宏光,15,原材料,1540,非金属材料,154010,建筑材料,15401020,玻璃
8657.HK,TRUE PARTNER,40,金融,4030,资本市场,403020,其他资本市场,40302010,资产管理
8659.HK,易和国际控股,15,原材料,1550,造纸与包装,155010,容器与包装,15501010,金属、玻璃与塑料包装
8668.HK,瀛海集团,25,可选消费,2540,消费者服务,254010,休闲服务,25401020,旅游服务
87001.HK,汇贤产业信托,60,房地产,6010,房地产,601030,房地产投资信托(REITs),60103010,房地产投资信托(REITs)
900901,云赛B股,50,通信服务,5020,通信设备及技术服务,502020,数据中心,50202010,数据中心
900902,市北B股,60,房地产,6010,房地产,601010,房地产开发与园区,60101020,园区
900903,大众Ｂ股,20,工业,2070,交通运输,207010,运输业,20701060,公路运输
900904,神奇B股,35,医药卫生,3520,医药,352020,化学药,35202020,药品制剂
900905,老凤祥B,25,可选消费,2530,纺织服装与珠宝,253020,珠宝与奢侈品,25302010,珠宝与奢侈品
900906,中毅达B,15,原材料,1510,化工,151040,化学制品,15104080,其他化学制品
900908,氯碱Ｂ股,15,原材料,1510,化工,151030,化学原料,15103020,氯碱
900909,华谊B股,15,原材料,1510,化工,151040,化学制品,15104080,其他化学制品
900910,海立Ｂ股,25,可选消费,2520,耐用消费品,252010,家用电器,25201060,家电零部件及其他
900911,金桥Ｂ股,60,房地产,6010,房地产,601010,房地产开发与园区,60101020,园区
900912,外高Ｂ股,60,房地产,6010,房地产,601010,房地产开发与园区,60101020,园区
900913,国新B股,55,公用事业,5510,公用事业,551020,燃气,55102010,燃气
900914,锦在线B,20,工业,2070,交通运输,207010,运输业,20701060,公路运输
900915,中路Ｂ股,25,可选消费,2520,耐用消费品,252030,休闲设备与用品,25203010,休闲设备与用品
900916,凤凰B股,25,可选消费,2520,耐用消费品,252030,休闲设备与用品,25203010,休闲设备与用品
900917,海欣Ｂ股,35,医药卫生,3520,医药,352020,化学药,35202020,药品制剂
900918,耀皮Ｂ股,15,原材料,1540,非金属材料,154010,建筑材料,15401020,玻璃
900920,动力B股,20,工业,2040,机械制造,204030,交通运输设备,20403030,商用车
900921,金煤B股,15,原材料,1510,化工,151030,化学原料,15103050,其他化学原料
900922,三毛B股,20,工业,2060,商业服务与用品,206010,商业服务与用品,20601040,贸易商
900923,百联B股,25,可选消费,2550,零售业,255010,一般零售,25501020,超市与便利店
900924,上工Ｂ股,20,工业,2040,机械制造,204020,专用机械,20402050,纺织服装机械
900925,机电Ｂ股,20,工业,2040,机械制造,204020,专用机械,20402070,楼宇设备
900926,宝信Ｂ股,45,信息技术,4510,计算机,451010,软件开发,45101020,行业应用软件
900927,物贸Ｂ股,25,可选消费,2510,乘用车及零部件,251040,汽车经销商与汽车服务,25104010,汽车经销商
900928,临港B股,60,房地产,6010,房地产,601010,房地产开发与园区,60101020,园区
900929,锦旅Ｂ股,25,可选消费,2540,消费者服务,254010,休闲服务,25401020,旅游服务
900932,陆家Ｂ股,60,房地产,6010,房地产,601010,房地产开发与园区,60101010,房地产开发
900934,锦江Ｂ股,25,可选消费,2540,消费者服务,254010,休闲服务,25401030,酒店
900936,鄂资B股,15,原材料,1530,钢铁,153010,钢铁,15301030,其他钢铁
900937,华电B股,10,能源,1010,能源,101030,煤炭,10103010,煤炭
900938,海科B,20,工业,2070,交通运输,207010,运输业,20701040,航运
900939,汇丽B,20,工业,2060,商业服务与用品,206010,商业服务与用品,20601050,其他商业服务与用品
900940,大名城B,60,房地产,6010,房地产,601010,房地产开发与园区,60101010,房地产开发
900941,东信Ｂ股,50,通信服务,5020,通信设备及技术服务,502010,通信设备,50201020,通信系统设备及组件
900942,黄山Ｂ股,25,可选消费,2540,消费者服务,254010,休闲服务,25401010,景点
900943,开开Ｂ股,35,医药卫生,3510,医疗,351020,医疗商业与服务,35102020,医药商业
900945,海控B股,20,工业,2070,交通运输,207010,运输业,20701030,航空运输
900946,天雁B股,25,可选消费,2510,乘用车及零部件,251010,汽车零部件与轮胎,25101010,汽车系统部件
900947,振华Ｂ股,20,工业,2040,机械制造,204020,专用机械,20402010,工程机械
900948,伊泰Ｂ股,10,能源,1010,能源,101030,煤炭,10103010,煤炭
920000,安徽凤凰,25,可选消费,2510,乘用车及零部件,251010,汽车零部件与轮胎,25101010,汽车系统部件
920001,纬达光电,45,信息技术,4520,电子,452030,光学光电子,45203010,面板
920002,万达轴承,20,工业,2040,机械制造,204020,专用机械,20402010,工程机械
920003,中诚咨询,20,工业,2020,建筑装饰,202010,建筑与工程,20201050,建筑设计及服务
920005,鼎佳精密,45,信息技术,4520,电子,452010,电子终端及组件,45201030,消费电子组件及零部件
920006,晟楠科技,20,工业,2010,航空航天与国防,201010,航空航天,20101010,航空
920007,酉立智能,20,工业,2030,电力设备,203010,发电设备,20301010,光伏设备
920008,成电光信,20,工业,2010,航空航天与国防,201020,国防装备,20102010,国防装备
920009,丹娜生物,35,医药卫生,3510,医疗,351010,医疗器械,35101030,体外诊断
920010,凯添燃气,55,公用事业,5510,公用事业,551020,燃气,55102010,燃气
920014,特瑞斯,10,能源,1010,能源,101020,石油与天然气,10102040,油气流通及其他
920015,锦华新材,15,原材料,1510,化工,151040,化学制品,15104050,有机硅
920016,中草香料,30,主要消费,3010,食品、饮料与烟草,301030,食品,30103050,其他食品
920017,星昊医药,35,医药卫生,3520,医药,352020,化学药,35202020,药品制剂
920018,宏远股份,20,工业,2030,电力设备,203020,电网设备,20302040,线缆及其他
920019,铜冠矿建,20,工业,2020,建筑装饰,202010,建筑与工程,20201040,专业工程
920020,泰凯英,25,可选消费,2510,乘用车及零部件,251010,汽车零部件与轮胎,25101040,轮胎
920021,流金科技,50,通信服务,5030,传媒,503020,文化娱乐,50302040,广播与电视
920022,世昌股份,25,可选消费,2510,乘用车及零部件,251010,汽车零部件与轮胎,25101010,汽车系统部件
920023,田野股份,30,主要消费,3010,食品、饮料与烟草,301020,软饮料,30102010,软饮料
920026,卓兆点胶,20,工业,2040,机械制造,204020,专用机械,20402080,其他专用机械
920027,交大铁发,20,工业,2040,机械制造,204030,交通运输设备,20403010,城轨铁路
920028,新恒泰,15,原材料,1510,化工,151050,塑料,15105040,其他塑料制品
920029,开发科技,20,工业,2030,电力设备,203020,电网设备,20302010,电网自动化
920030,德众汽车,25,可选消费,2510,乘用车及零部件,251040,汽车经销商与汽车服务,25104020,汽车服务
920033,康普化学,15,原材料,1510,化工,151040,化学制品,15104080,其他化学制品
920035,精创电气,45,信息技术,4520,电子,452010,电子终端及组件,45201040,安防设备及其他
920036,觅睿科技,45,信息技术,4520,电子,452010,电子终端及组件,45201040,安防设备及其他
920037,广信科技,20,工业,2030,电力设备,203020,电网设备,20302040,线缆及其他
920039,国义招标,20,工业,2060,商业服务与用品,206010,商业服务与用品,20601050,其他商业服务与用品
920045,蘅东光,50,通信服务,5020,通信设备及技术服务,502010,通信设备,50201020,通信系统设备及组件
920046,亿能电力,20,工业,2030,电力设备,203020,电网设备,20302020,输变电设备
920047,诺思兰德,35,医药卫生,3520,医药,352010,生物药品,35201030,其他生物药品
920050,爱舍伦,35,医药卫生,3510,医疗,351010,医疗器械,35101020,医疗耗材
920055,隆源股份,25,可选消费,2510,乘用车及零部件,251010,汽车零部件与轮胎,25101050,其他汽车零部件
920056,能之光,15,原材料,1510,化工,151050,塑料,15105010,改性塑料
920057,百甲科技,20,工业,2020,建筑装饰,202010,建筑与工程,20201040,专业工程
920058,华洋赛车,25,可选消费,2510,乘用车及零部件,251030,摩托车及其他,25103010,摩托车及其他
920060,万源通,45,信息技术,4520,电子,452020,电子元件,45202010,印制电路板
920061,西磁科技,20,工业,2040,机械制造,204010,通用机械,20401070,其他通用机械
920062,科润智控,20,工业,2030,电力设备,203020,电网设备,20302020,输变电设备
920066,科拜尔,15,原材料,1510,化工,151050,塑料,15105010,改性塑料
920068,天工股份,15,原材料,1520,有色金属,152040,其他有色金属及合金,15204010,钛
920069,普昂医疗,35,医药卫生,3510,医疗,351010,医疗器械,35101020,医疗耗材
920075,柏星龙,15,原材料,1550,造纸与包装,155010,容器与包装,15501020,纸材料包装
920076,国亮新材,15,原材料,1540,非金属材料,154020,其他非金属材料,15402020,其他非金属材料
920077,吉林碳谷,15,原材料,1510,化工,151020,化学纤维,15102030,氨纶及其他化纤
920078,族兴新材,15,原材料,1510,化工,151040,化学制品,15104020,涂料油墨
920080,奥美森,20,工业,2040,机械制造,204010,通用机械,20401010,加工机械
920082,方正阀门,20,工业,2040,机械制造,204010,通用机械,20401030,气液机械
920086,科马材料,25,可选消费,2510,乘用车及零部件,251010,汽车零部件与轮胎,25101010,汽车系统部件
920087,秋乐种业,30,主要消费,3020,农牧渔,302010,种植,30201020,种业
920088,科力股份,10,能源,1010,能源,101010,油气开采与油田服务,10101020,油田服务
920089,禾昌聚合,15,原材料,1510,化工,151050,塑料,15105010,改性塑料
920090,同辉信息,45,信息技术,4510,计算机,451020,信息技术服务,45102010,系统集成服务
920091,大鹏工业,20,工业,2040,机械制造,204010,通用机械,20401070,其他通用机械
920092,汉鑫科技,45,信息技术,4510,计算机,451020,信息技术服务,45102010,系统集成服务
920098,科隆新材,20,工业,2040,机械制造,204010,通用机械,20401070,其他通用机械
920099,瑞华技术,20,工业,2060,商业服务与用品,206010,商业服务与用品,20601050,其他商业服务与用品
920100,三协电机,20,工业,2040,机械制造,204010,通用机械,20401040,电动机与工控自动化
920101,志高机械,20,工业,2040,机械制造,204020,专用机械,20402010,工程机械
920106,林泰新材,25,可选消费,2510,乘用车及零部件,251010,汽车零部件与轮胎,25101010,汽车系统部件
920108,宏海科技,25,可选消费,2520,耐用消费品,252010,家用电器,25201060,家电零部件及其他
920110,雷特科技,45,信息技术,4520,电子,452030,光学光电子,45203020,LED
920111,聚星科技,20,工业,2030,电力设备,203020,电网设备,20302030,配电设备
920112,巴兰仕,20,工业,2040,机械制造,204020,专用机械,20402080,其他专用机械
920116,星图测控,45,信息技术,4510,计算机,451010,软件开发,45101020,行业应用软件
920118,太湖远大,15,原材料,1510,化工,151050,塑料,15105040,其他塑料制品
920119,美德乐,20,工业,2040,机械制造,204010,通用机械,20401040,电动机与工控自动化
920121,江天科技,15,原材料,1550,造纸与包装,155010,容器与包装,15501020,纸材料包装
920122,中纺标,20,工业,2060,商业服务与用品,206010,商业服务与用品,20601050,其他商业服务与用品
920123,芭薇股份,30,主要消费,3030,家庭与个人用品,303020,美容护理,30302010,美容护理
920124,南特科技,20,工业,2040,机械制造,204010,通用机械,20401030,气液机械
920128,胜业电气,45,信息技术,4520,电子,452020,电子元件,45202020,被动元件
920130,立方控股,45,信息技术,4510,计算机,451020,信息技术服务,45102010,系统集成服务
920132,泰鹏智能,25,可选消费,2520,耐用消费品,252030,休闲设备与用品,25203010,休闲设备与用品
920139,华岭股份,45,信息技术,4530,半导体,453010,集成电路,45301030,集成电路封测
920145,恒合股份,20,工业,2050,环保,205020,节能与生态修复,20502010,节能与资源回收
920146,华阳变速,25,可选消费,2510,乘用车及零部件,251010,汽车零部件与轮胎,25101010,汽车系统部件
920149,旭杰科技,20,工业,2020,建筑装饰,202010,建筑与工程,20201020,基础设施建设
920152,昆工科技,15,原材料,1520,有色金属,152040,其他有色金属及合金,15204020,其他有色金属及合金
920158,长江能科,20,工业,2040,机械制造,204020,专用机械,20402030,化工机械
920159,农大科技,15,原材料,1510,化工,151010,农用化工,15101030,复合肥
920160,北矿检测,20,工业,2060,商业服务与用品,206010,商业服务与用品,20601050,其他商业服务与用品
920163,方大新材,15,原材料,1550,造纸与包装,155010,容器与包装,15501010,金属、玻璃与塑料包装
920166,海圣医疗,35,医药卫生,3510,医疗,351010,医疗器械,35101020,医疗耗材
920167,同享科技,20,工业,2030,电力设备,203010,发电设备,20301010,光伏设备
920168,通宝光电,25,可选消费,2510,乘用车及零部件,251010,汽车零部件与轮胎,25101020,汽车内饰与外饰
920169,七丰精工,20,工业,2040,机械制造,204010,通用机械,20401070,其他通用机械
920171,志晟信息,45,信息技术,4510,计算机,451020,信息技术服务,45102010,系统集成服务
920174,五新隧装,20,工业,2040,机械制造,204020,专用机械,20402010,工程机械
920175,东方碳素,15,原材料,1540,非金属材料,154020,其他非金属材料,15402020,其他非金属材料
920179,凯德石英,15,原材料,1540,非金属材料,154020,其他非金属材料,15402020,其他非金属材料
920180,爱得科技,35,医药卫生,3510,医疗,351010,医疗器械,35101020,医疗耗材
920183,海菲曼,45,信息技术,4520,电子,452010,电子终端及组件,45201020,消费电子终端
920184,国源科技,45,信息技术,4510,计算机,451020,信息技术服务,45102030,其他IT与互联网服务
920185,贝特瑞,20,工业,2030,电力设备,203030,储能设备,20303020,电池部件及材料
920187,通领科技,25,可选消费,2510,乘用车及零部件,251010,汽车零部件与轮胎,25101020,汽车内饰与外饰
920188,悦龙科技,15,原材料,1510,化工,151060,橡胶,15106020,橡胶制品
920190,雷神科技,45,信息技术,4520,电子,452010,电子终端及组件,45201010,电脑与外围设备
920195,三祥科技,25,可选消费,2510,乘用车及零部件,251010,汽车零部件与轮胎,25101010,汽车系统部件
920198,微创光电,45,信息技术,4520,电子,452010,电子终端及组件,45201040,安防设备及其他
920199,倍益康,35,医药卫生,3510,医疗,351010,医疗器械,35101010,医疗设备
920204,沪江材料,15,原材料,1550,造纸与包装,155010,容器与包装,15501010,金属、玻璃与塑料包装
920207,众诚科技,45,信息技术,4510,计算机,451020,信息技术服务,45102010,系统集成服务
920208,青矩技术,20,工业,2020,建筑装饰,202010,建筑与工程,20201050,建筑设计及服务
920212,智新电子,25,可选消费,2510,乘用车及零部件,251010,汽车零部件与轮胎,25101030,汽车电子
920221,易实精密,25,可选消费,2510,乘用车及零部件,251010,汽车零部件与轮胎,25101050,其他汽车零部件
920223,荣亿精密,20,工业,2040,机械制造,204010,通用机械,20401070,其他通用机械
920225,利通科技,15,原材料,1510,化工,151060,橡胶,15106020,橡胶制品
920227,美登科技,45,信息技术,4510,计算机,451010,软件开发,45101020,行业应用软件
920230,欧康医药,30,主要消费,3010,食品、饮料与烟草,301030,食品,30103050,其他食品
920237,力佳科技,20,工业,2030,电力设备,203030,储能设备,20303010,电池
920239,长虹能源,20,工业,2030,电力设备,203030,储能设备,20303010,电池
920242,建邦科技,25,可选消费,2510,乘用车及零部件,251010,汽车零部件与轮胎,25101010,汽车系统部件
920245,威博液压,20,工业,2040,机械制造,204010,通用机械,20401030,气液机械
920247,华密新材,15,原材料,1510,化工,151060,橡胶,15106020,橡胶制品
920249,利尔达,20,工业,2060,商业服务与用品,206010,商业服务与用品,20601040,贸易商
920252,天宏锂电,20,工业,2030,电力设备,203030,储能设备,20303010,电池
920260,中寰股份,10,能源,1010,能源,101010,油气开采与油田服务,10101020,油田服务
920261,一诺威,15,原材料,1510,化工,151040,化学制品,15104060,聚氨酯
920262,太湖雪,25,可选消费,2530,纺织服装与珠宝,253010,纺织服装,25301040,家用纺织
920263,中航泰达,20,工业,2050,环保,205010,污染治理,20501030,烟气治理
920266,生物谷,35,医药卫生,3520,医药,352030,中药,35203020,中成药
920267,鑫汇科,25,可选消费,2520,耐用消费品,252010,家用电器,25201060,家电零部件及其他
920270,天铭科技,25,可选消费,2510,乘用车及零部件,251010,汽车零部件与轮胎,25101050,其他汽车零部件
920271,邦德股份,25,可选消费,2510,乘用车及零部件,251010,汽车零部件与轮胎,25101010,汽车系统部件
920273,一致魔芋,30,主要消费,3010,食品、饮料与烟草,301030,食品,30103050,其他食品
920274,宏裕包材,15,原材料,1550,造纸与包装,155010,容器与包装,15501010,金属、玻璃与塑料包装
920275,驱动力,30,主要消费,3020,农牧渔,302020,养殖,30202010,饲料
920278,鹿得医疗,35,医药卫生,3510,医疗,351010,医疗器械,35101010,医疗设备
920284,灵鸽科技,20,工业,2040,机械制造,204020,专用机械,20402080,其他专用机械
920299,灿能电力,20,工业,2030,电力设备,203020,电网设备,20302010,电网自动化
920300,辰光医疗,35,医药卫生,3510,医疗,351010,医疗器械,35101010,医疗设备
920304,迪尔化工,15,原材料,1510,化工,151030,化学原料,15103050,其他化学原料
920305,*ST云创,45,信息技术,4510,计算机,451020,信息技术服务,45102020,云计算服务
920339,恒太照明,45,信息技术,4520,电子,452030,光学光电子,45203020,LED
920344,三元基因,35,医药卫生,3520,医药,352010,生物药品,35201030,其他生物药品
920346,威贸电子,45,信息技术,4520,电子,452010,电子终端及组件,45201030,消费电子组件及零部件
920351,华光源海,20,工业,2070,交通运输,207010,运输业,20701020,物流综合
920357,雅葆轩,45,信息技术,4520,电子,452020,电子元件,45202010,印制电路板
920363,莱赛激光,20,工业,2040,机械制造,204010,通用机械,20401050,仪器仪表
920367,新赣江,35,医药卫生,3520,医药,352020,化学药,35202010,原料药
920368,连城数控,20,工业,2030,电力设备,203010,发电设备,20301010,光伏设备
920370,新安洁,55,公用事业,5510,公用事业,551040,市政环卫,55104010,市政环卫
920371,欧福蛋业,30,主要消费,3010,食品、饮料与烟草,301030,食品,30103010,肉制品
920374,云里物里,50,通信服务,5020,通信设备及技术服务,502010,通信设备,50201010,通信终端设备及组件
920375,派诺科技,20,工业,2030,电力设备,203020,电网设备,20302010,电网自动化
920378,泰德股份,25,可选消费,2510,乘用车及零部件,251010,汽车零部件与轮胎,25101010,汽车系统部件
920392,佳合科技,15,原材料,1550,造纸与包装,155010,容器与包装,15501020,纸材料包装
920394,民士达,15,原材料,1510,化工,151020,化学纤维,15102030,氨纶及其他化纤
920395,朗鸿科技,45,信息技术,4520,电子,452010,电子终端及组件,45201040,安防设备及其他
920396,常辅股份,20,工业,2040,机械制造,204010,通用机械,20401040,电动机与工控自动化
920402,硅烷科技,15,原材料,1510,化工,151030,化学原料,15103050,其他化学原料
920403,康农种业,30,主要消费,3020,农牧渔,302010,种植,30201020,种业
920405,海希通讯,20,工业,2040,机械制造,204010,通用机械,20401040,电动机与工控自动化
920407,驰诚股份,20,工业,2040,机械制造,204010,通用机械,20401050,仪器仪表
920414,欧普泰,20,工业,2030,电力设备,203010,发电设备,20301010,光伏设备
920415,恒拓开源,45,信息技术,4510,计算机,451010,软件开发,45101020,行业应用软件
920418,苏轴股份,20,工业,2040,机械制造,204010,通用机械,20401020,动力机械
920419,路斯股份,30,主要消费,3030,家庭与个人用品,303010,家庭用品,30301010,家庭用品
920422,润普食品,30,主要消费,3010,食品、饮料与烟草,301030,食品,30103050,其他食品
920425,乐创技术,20,工业,2040,机械制造,204010,通用机械,20401040,电动机与工控自动化
920427,华维设计,20,工业,2020,建筑装饰,202010,建筑与工程,20201050,建筑设计及服务
920429,康比特,30,主要消费,3010,食品、饮料与烟草,301030,食品,30103050,其他食品
920433,大唐药业,35,医药卫生,3520,医药,352030,中药,35203020,中成药
920436,大地电气,25,可选消费,2510,乘用车及零部件,251010,汽车零部件与轮胎,25101030,汽车电子
920438,戈碧迦,45,信息技术,4520,电子,452030,光学光电子,45203030,光学元件
920445,龙竹科技,25,可选消费,2520,耐用消费品,252020,家居,25202020,其他家居
920454,同心传动,20,工业,2040,机械制造,204030,交通运输设备,20403030,商用车
920455,汇隆活塞,20,工业,2040,机械制造,204010,通用机械,20401020,动力机械
920469,富恒新材,15,原材料,1510,化工,151050,塑料,15105010,改性塑料
920471,美邦科技,15,原材料,1510,化工,151040,化学制品,15104080,其他化学制品
920475,三友科技,20,工业,2040,机械制造,204020,专用机械,20402020,采矿冶金机械
920476,海能技术,20,工业,2040,机械制造,204010,通用机械,20401050,仪器仪表
920478,峆一药业,35,医药卫生,3520,医药,352020,化学药,35202010,原料药
920489,佳先股份,15,原材料,1510,化工,151050,塑料,15105040,其他塑料制品
920491,奥迪威,20,工业,2040,机械制造,204010,通用机械,20401050,仪器仪表
920493,并行科技,45,信息技术,4510,计算机,451020,信息技术服务,45102020,云计算服务
920496,许昌智能,20,工业,2030,电力设备,203020,电网设备,20302030,配电设备
920504,博迅生物,20,工业,2040,机械制造,204010,通用机械,20401050,仪器仪表
920505,九菱科技,20,工业,2040,机械制造,204010,通用机械,20401070,其他通用机械
920508,殷图网联,20,工业,2030,电力设备,203020,电网设备,20302010,电网自动化
920509,同惠电子,20,工业,2040,机械制造,204010,通用机械,20401050,仪器仪表
920510,丰光精密,20,工业,2040,机械制造,204010,通用机械,20401070,其他通用机械
920519,万德股份,15,原材料,1510,化工,151040,化学制品,15104080,其他化学制品
920522,纳科诺尔,20,工业,2040,机械制造,204020,专用机械,20402080,其他专用机械
920523,德瑞锂电,20,工业,2030,电力设备,203030,储能设备,20303010,电池
920526,凯华材料,45,信息技术,4520,电子,452040,电子化学品,45204010,电子化学品
920527,夜光明,15,原材料,1540,非金属材料,154020,其他非金属材料,15402020,其他非金属材料
920533,骏创科技,25,可选消费,2510,乘用车及零部件,251010,汽车零部件与轮胎,25101020,汽车内饰与外饰
920541,铁大科技,20,工业,2040,机械制造,204030,交通运输设备,20403010,城轨铁路
920547,无锡晶海,35,医药卫生,3520,医药,352020,化学药,35202010,原料药
920553,凯腾精工,20,工业,2040,机械制造,204020,专用机械,20402040,印刷包装机械
920556,雅达股份,20,工业,2030,电力设备,203020,电网设备,20302010,电网自动化
920564,天润科技,45,信息技术,4510,计算机,451020,信息技术服务,45102030,其他IT与互联网服务
920566,梓橦宫,35,医药卫生,3520,医药,352020,化学药,35202020,药品制剂
920570,坤博精工,20,工业,2030,电力设备,203010,发电设备,20301020,风电设备
920571,国航远洋,20,工业,2070,交通运输,207010,运输业,20701040,航运
920575,康乐卫士,35,医药卫生,3520,医药,352010,生物药品,35201020,疫苗
920576,天力复合,15,原材料,1520,有色金属,152040,其他有色金属及合金,15204020,其他有色金属及合金
920578,巨能股份,20,工业,2040,机械制造,204010,通用机械,20401040,电动机与工控自动化
920579,机科股份,20,工业,2040,机械制造,204010,通用机械,20401040,电动机与工控自动化
920580,科创新材,15,原材料,1540,非金属材料,154020,其他非金属材料,15402020,其他非金属材料
920592,华信永道,45,信息技术,4510,计算机,451010,软件开发,45101020,行业应用软件
920593,鼎智科技,20,工业,2040,机械制造,204010,通用机械,20401040,电动机与工控自动化
920599,同力股份,20,工业,2040,机械制造,204020,专用机械,20402010,工程机械
920608,丰安股份,20,工业,2040,机械制造,204020,专用机械,20402060,农业机械
920627,力王股份,20,工业,2030,电力设备,203030,储能设备,20303010,电池
920634,新威凌,15,原材料,1520,有色金属,152010,工业金属,15201030,铅锌
920639,晨光电缆,20,工业,2030,电力设备,203020,电网设备,20302040,线缆及其他
920640,富士达,50,通信服务,5020,通信设备及技术服务,502010,通信设备,50201020,通信系统设备及组件
920641,格利尔,45,信息技术,4520,电子,452050,其他电子,45205010,其他电子
920642,通易航天,20,工业,2010,航空航天与国防,201010,航空航天,20101010,航空
920651,天罡股份,20,工业,2040,机械制造,204010,通用机械,20401050,仪器仪表
920656,海昇药业,35,医药卫生,3520,医药,352020,化学药,35202010,原料药
920662,方盛股份,20,工业,2040,机械制造,204010,通用机械,20401070,其他通用机械
920663,明阳科技,25,可选消费,2510,乘用车及零部件,251010,汽车零部件与轮胎,25101020,汽车内饰与外饰
920665,科强股份,15,原材料,1510,化工,151060,橡胶,15106020,橡胶制品
920670,数字人,45,信息技术,4510,计算机,451010,软件开发,45101020,行业应用软件
920675,秉扬科技,15,原材料,1540,非金属材料,154020,其他非金属材料,15402020,其他非金属材料
920679,前进科技,20,工业,2040,机械制造,204010,通用机械,20401070,其他通用机械
920682,球冠电缆,20,工业,2030,电力设备,203020,电网设备,20302040,线缆及其他
920685,新芝生物,20,工业,2040,机械制造,204010,通用机械,20401050,仪器仪表
920689,克莱特,20,工业,2040,机械制造,204010,通用机械,20401030,气液机械
920690,捷众科技,25,可选消费,2510,乘用车及零部件,251010,汽车零部件与轮胎,25101020,汽车内饰与外饰
920693,阿为特,20,工业,2040,机械制造,204010,通用机械,20401070,其他通用机械
920694,中裕科技,15,原材料,1510,化工,151060,橡胶,15106020,橡胶制品
920699,海达尔,25,可选消费,2520,耐用消费品,252010,家用电器,25201060,家电零部件及其他
920701,豪声电子,45,信息技术,4520,电子,452010,电子终端及组件,45201030,消费电子组件及零部件
920703,广厦环能,20,工业,2040,机械制造,204020,专用机械,20402030,化工机械
920706,铁拓机械,20,工业,2040,机械制造,204020,专用机械,20402010,工程机械
920717,瑞星股份,20,工业,2040,机械制造,204010,通用机械,20401030,气液机械
920718,合肥高科,25,可选消费,2520,耐用消费品,252010,家用电器,25201060,家电零部件及其他
920719,宁新新材,15,原材料,1540,非金属材料,154020,其他非金属材料,15402020,其他非金属材料
920720,吉冈精密,25,可选消费,2510,乘用车及零部件,251010,汽车零部件与轮胎,25101050,其他汽车零部件
920725,惠丰钻石,20,工业,2040,机械制造,204010,通用机械,20401060,磨具磨料
920726,朱老六,30,主要消费,3010,食品、饮料与烟草,301030,食品,30103020,调味品与食用油
920729,永顺生物,30,主要消费,3020,农牧渔,302020,养殖,30202020,动物保健与育种
920735,德源药业,35,医药卫生,3520,医药,352020,化学药,35202020,药品制剂
920748,路桥信息,45,信息技术,4510,计算机,451020,信息技术服务,45102010,系统集成服务
920751,惠同新材,15,原材料,1530,钢铁,153010,钢铁,15301030,其他钢铁
920753,天纺标,20,工业,2060,商业服务与用品,206010,商业服务与用品,20601050,其他商业服务与用品
920765,美之高,25,可选消费,2520,耐用消费品,252020,家居,25202010,家具
920768,拾比佰,25,可选消费,2520,耐用消费品,252010,家用电器,25201060,家电零部件及其他
920770,艾能聚,55,公用事业,5510,公用事业,551010,电力及电网,55101050,光伏发电
920779,武汉蓝电,20,工业,2040,机械制造,204020,专用机械,20402080,其他专用机械
920781,瑞奇智造,20,工业,2040,机械制造,204020,专用机械,20402080,其他专用机械
920786,骑士乳业,30,主要消费,3010,食品、饮料与烟草,301030,食品,30103030,乳制品
920790,联迪信息,45,信息技术,4510,计算机,451010,软件开发,45101020,行业应用软件
920792,东和新材,15,原材料,1540,非金属材料,154020,其他非金属材料,15402020,其他非金属材料
920799,艾融软件,45,信息技术,4510,计算机,451010,软件开发,45101020,行业应用软件
920802,保丽洁,20,工业,2050,环保,205010,污染治理,20501030,烟气治理
920806,云星宇,45,信息技术,4510,计算机,451020,信息技术服务,45102010,系统集成服务
920807,奔朗新材,20,工业,2040,机械制造,204010,通用机械,20401060,磨具磨料
920808,曙光数创,50,通信服务,5020,通信设备及技术服务,502020,数据中心,50202010,数据中心
920809,安达科技,20,工业,2030,电力设备,203030,储能设备,20303020,电池部件及材料
920810,春光智能,20,工业,2040,机械制造,204020,专用机械,20402040,印刷包装机械
920819,颖泰生物,15,原材料,1510,化工,151010,农用化工,15101040,农药
920821,则成电子,45,信息技术,4520,电子,452020,电子元件,45202010,印制电路板
920826,盖世食品,30,主要消费,3010,食品、饮料与烟草,301030,食品,30103050,其他食品
920832,齐鲁华信,15,原材料,1510,化工,151040,化学制品,15104080,其他化学制品
920833,美心翼申,20,工业,2040,机械制造,204010,通用机械,20401020,动力机械
920834,三维装备,20,工业,2040,机械制造,204010,通用机械,20401070,其他通用机械
920837,华原股份,20,工业,2040,机械制造,204010,通用机械,20401030,气液机械
920839,万通液压,20,工业,2040,机械制造,204010,通用机械,20401030,气液机械
920855,浙江大农,20,工业,2040,机械制造,204010,通用机械,20401070,其他通用机械
920856,浩淼科技,20,工业,2040,机械制造,204030,交通运输设备,20403030,商用车
920857,泓禧科技,45,信息技术,4520,电子,452010,电子终端及组件,45201030,消费电子组件及零部件
920866,绿亨科技,15,原材料,1510,化工,151010,农用化工,15101040,农药
920870,恒进感应,20,工业,2040,机械制造,204010,通用机械,20401040,电动机与工控自动化
920871,派特尔,15,原材料,1510,化工,151050,塑料,15105040,其他塑料制品
920873,中设咨询,20,工业,2020,建筑装饰,202010,建筑与工程,20201050,建筑设计及服务
920876,慧为智能,45,信息技术,4520,电子,452010,电子终端及组件,45201020,消费电子终端
920879,基康技术,20,工业,2040,机械制造,204010,通用机械,20401050,仪器仪表
920885,星辰科技,20,工业,2040,机械制造,204010,通用机械,20401040,电动机与工控自动化
920892,广咨国际,20,工业,2020,建筑装饰,202010,建筑与工程,20201050,建筑设计及服务
920895,花溪科技,20,工业,2040,机械制造,204020,专用机械,20402060,农业机械
920896,旺成科技,20,工业,2040,机械制造,204010,通用机械,20401020,动力机械
920906,舜宇精工,25,可选消费,2510,乘用车及零部件,251010,汽车零部件与轮胎,25101020,汽车内饰与外饰
920914,远航精密,20,工业,2030,电力设备,203030,储能设备,20303020,电池部件及材料
920924,广脉科技,50,通信服务,5020,通信设备及技术服务,502030,通信技术服务,50203010,通信技术服务
920925,锦好医疗,35,医药卫生,3510,医疗,351010,医疗器械,35101010,医疗设备
920926,鸿智科技,25,可选消费,2520,耐用消费品,252010,家用电器,25201030,小家电
920931,无锡鼎邦,20,工业,2040,机械制造,204020,专用机械,20402030,化工机械
920932,科达自控,45,信息技术,4510,计算机,451020,信息技术服务,45102010,系统集成服务
920942,恒立钻具,20,工业,2040,机械制造,204020,专用机械,20402010,工程机械
920943,优机股份,20,工业,2040,机械制造,204010,通用机械,20401030,气液机械
920946,森萱医药,35,医药卫生,3520,医药,352020,化学药,35202010,原料药
920950,迅安科技,20,工业,2040,机械制造,204010,通用机械,20401010,加工机械
920953,国子软件,45,信息技术,4510,计算机,451010,软件开发,45101010,通用软件
920957,汉维科技,15,原材料,1510,化工,151050,塑料,15105040,其他塑料制品
920961,创远信科,20,工业,2040,机械制造,204010,通用机械,20401050,仪器仪表
920964,润农节水,20,工业,2050,环保,205020,节能与生态修复,20502010,节能与资源回收
920970,大禹生物,30,主要消费,3020,农牧渔,302020,养殖,30202010,饲料
920971,天马新材,15,原材料,1520,有色金属,152010,工业金属,15201020,铝
920974,凯大催化,15,原材料,1510,化工,151040,化学制品,15104080,其他化学制品
920976,视声智能,45,信息技术,4520,电子,452010,电子终端及组件,45201040,安防设备及其他
920978,开特股份,25,可选消费,2510,乘用车及零部件,251010,汽车零部件与轮胎,25101030,汽车电子
920981,晶赛科技,45,信息技术,4520,电子,452020,电子元件,45202020,被动元件
920982,锦波生物,35,医药卫生,3510,医疗,351010,医疗器械,35101020,医疗耗材
920985,海泰新能,20,工业,2030,电力设备,203010,发电设备,20301010,光伏设备
920992,中科美菱,35,医药卫生,3510,医疗,351010,医疗器械,35101010,医疗设备
9600.HK,新纽科技,45,信息技术,4510,计算机,451010,软件开发,45101020,行业应用软件
9606.HK,映恩生物-B,35,医药卫生,3520,医药,352010,生物药品,35201030,其他生物药品
9608.HK,宋都服务,60,房地产,6010,房地产,601020,房地产管理与服务,60102010,房地产管理
9609.HK,海伟股份,45,信息技术,4520,电子,452020,电子元件,45202020,被动元件
9611.HK,龙旗科技,45,信息技术,4520,电子,452010,电子终端及组件,45201020,消费电子终端
9616.HK,东软教育,25,可选消费,2540,消费者服务,254020,教育服务,25402010,学历教育
9618.HK,京东集团-SW,25,可选消费,2550,零售业,255040,互联网零售,25504010,互联网零售
9626.HK,哔哩哔哩-W,50,通信服务,5030,传媒,503030,数字媒体,50303020,视频媒体
9633.HK,农夫山泉,30,主要消费,3010,食品、饮料与烟草,301020,软饮料,30102010,软饮料
9636.HK,九方智投控股,45,信息技术,4510,计算机,451010,软件开发,45101020,行业应用软件
9638.HK,法拉帝,20,工业,2040,机械制造,204030,交通运输设备,20403020,船舶及其他航运设备
9639.HK,荣利营造,20,工业,2020,建筑装饰,202010,建筑与工程,20201020,基础设施建设
9658.HK,特海国际,25,可选消费,2540,消费者服务,254010,休闲服务,25401040,餐饮服务
9660.HK,地平线,25,可选消费,2510,乘用车及零部件,251010,汽车零部件与轮胎,25101030,汽车电子
9663.HK,国鸿氢能,20,工业,2030,电力设备,203030,储能设备,20303010,电池
9668.HK,渤海银行,40,金融,4010,银行,401010,商业银行,40101010,综合性银行
9669.HK,北森控股,45,信息技术,4510,计算机,451020,信息技术服务,45102020,云计算服务
9676.HK,十月稻田,30,主要消费,3020,农牧渔,302010,种植,30201010,农产品
9677.HK,威海银行,40,金融,4010,银行,401010,商业银行,40101020,区域性银行
9678.HK,云知声,45,信息技术,4510,计算机,451010,软件开发,45101010,通用软件
9680.HK,如祺出行,25,可选消费,2540,消费者服务,254010,休闲服务,25401050,本地生活服务
9686.HK,熙康云医院,35,医药卫生,3510,医疗,351020,医疗商业与服务,35102010,医疗服务
9688.HK,再鼎医药,35,医药卫生,3520,医药,352010,生物药品,35201030,其他生物药品
9689.HK,金泰丰国际控股,10,能源,1010,能源,101020,石油与天然气,10102040,油气流通及其他
9690.HK,途虎-W,25,可选消费,2510,乘用车及零部件,251040,汽车经销商与汽车服务,25104020,汽车服务
9696.HK,天齐锂业,15,原材料,1520,有色金属,152030,稀有金属,15203030,锂
9698.HK,万国数据-SW,50,通信服务,5020,通信设备及技术服务,502020,数据中心,50202010,数据中心
9699.HK,顺丰同城,20,工业,2070,交通运输,207010,运输业,20701010,快递
9857.HK,柠萌影视,50,通信服务,5030,传媒,503020,文化娱乐,50302010,影视动漫
9858.HK,优然牧业,30,主要消费,3010,食品、饮料与烟草,301030,食品,30103030,乳制品
9860.HK,艾迪康控股,35,医药卫生,3510,医疗,351010,医疗器械,35101030,体外诊断
9863.HK,零跑汽车,25,可选消费,2510,乘用车及零部件,251020,乘用车,25102010,乘用车
9866.HK,蔚来-SW,25,可选消费,2510,乘用车及零部件,251020,乘用车,25102010,乘用车
9868.HK,小鹏集团-W,25,可选消费,2510,乘用车及零部件,251020,乘用车,25102010,乘用车
9869.HK,海伦司,25,可选消费,2540,消费者服务,254010,休闲服务,25401040,餐饮服务
9876.HK,大洋环球控股,25,可选消费,2550,零售业,255020,专营零售,25502010,专营零售
9877.HK,健世科技-B,35,医药卫生,3510,医疗,351010,医疗器械,35101020,医疗耗材
9878.HK,汇通达网络,25,可选消费,2550,零售业,255040,互联网零售,25504010,互联网零售
9879.HK,米高集团,15,原材料,1510,化工,151010,农用化工,15101020,钾肥
9880.HK,优必选,45,信息技术,4510,计算机,451020,信息技术服务,45102010,系统集成服务
9881.HK,容大科技,45,信息技术,4520,电子,452010,电子终端及组件,45201010,电脑与外围设备
9882.HK,永联丰控股,20,工业,2040,机械制造,204010,通用机械,20401020,动力机械
9885.HK,药师帮,35,医药卫生,3510,医疗,351020,医疗商业与服务,35102020,医药商业
9886.HK,叮当健康,35,医药卫生,3510,医疗,351020,医疗商业与服务,35102020,医药商业
9887.HK,维立志博-B,35,医药卫生,3520,医药,352010,生物药品,35201030,其他生物药品
9888.HK,百度集团-SW,50,通信服务,5030,传媒,503030,数字媒体,50303040,互动媒体
9889.HK,东莞农商银行,40,金融,4010,银行,401010,商业银行,40101020,区域性银行
9890.HK,贪玩,50,通信服务,5030,传媒,503020,文化娱乐,50302020,游戏
9893.HK,比优集团,15,原材料,1510,化工,151040,化学制品,15104010,民爆制品
9896.HK,名创优品,25,可选消费,2550,零售业,255020,专营零售,25502010,专营零售
9898.HK,微博-SW,50,通信服务,5030,传媒,503030,数字媒体,50303040,互动媒体
9899.HK,网易云音乐,50,通信服务,5030,传媒,503030,数字媒体,50303010,音频媒体
9900.HK,智云科技建设,20,工业,2020,建筑装饰,202020,建筑装修,20202010,建筑装修
9901.HK,新东方-S,25,可选消费,2540,消费者服务,254020,教育服务,25402020,培训教育及其他
9903.HK,天数智芯,45,信息技术,4530,半导体,453010,集成电路,45301010,集成电路设计
9906.HK,宏力医疗管理,35,医药卫生,3510,医疗,351020,医疗商业与服务,35102010,医疗服务
9908.HK,嘉兴燃气,55,公用事业,5510,公用事业,551020,燃气,55102010,燃气
9909.HK,宝龙商业,60,房地产,6010,房地产,601020,房地产管理与服务,60102010,房地产管理
9911.HK,赤子城科技,50,通信服务,5030,传媒,503030,数字媒体,50303040,互动媒体
9913.HK,智勤控股,20,工业,2020,建筑装饰,202010,建筑与工程,20201040,专业工程
9916.HK,兴业物联,60,房地产,6010,房地产,601020,房地产管理与服务,60102010,房地产管理
9918.HK,丽年国际,45,信息技术,4520,电子,452010,电子终端及组件,45201030,消费电子组件及零部件
9919.HK,艾德韦宣集团,50,通信服务,5030,传媒,503010,营销与广告,50301020,其他广告营销
9922.HK,九毛九,25,可选消费,2540,消费者服务,254010,休闲服务,25401040,餐饮服务
9923.HK,移卡,40,金融,4020,其他金融,402010,其他金融服务,40201020,特殊金融服务
9926.HK,康方生物,35,医药卫生,3520,医药,352010,生物药品,35201030,其他生物药品
9927.HK,赛力斯,25,可选消费,2510,乘用车及零部件,251020,乘用车,25102010,乘用车
9928.HK,时代邻里,60,房地产,6010,房地产,601020,房地产管理与服务,60102010,房地产管理
9929.HK,澳达控股,20,工业,2020,建筑装饰,202020,建筑装修,20202010,建筑装修
9930.HK,宏信建发,20,工业,2060,商业服务与用品,206010,商业服务与用品,20601050,其他商业服务与用品
9933.HK,GHW INTL,15,原材料,1510,化工,151040,化学制品,15104080,其他化学制品
9936.HK,稀美资源,15,原材料,1520,有色金属,152030,稀有金属,15203040,其他稀有金属
9938.HK,华和控股,20,工业,2020,建筑装饰,202020,建筑装修,20202010,建筑装修
9939.HK,开拓药业-B,35,医药卫生,3520,医药,352010,生物药品,35201030,其他生物药品
9955.HK,智云健康,35,医药卫生,3510,医疗,351020,医疗商业与服务,35102020,医药商业
9958.HK,力天影业,50,通信服务,5030,传媒,503020,文化娱乐,50302010,影视动漫
9959.HK,联易融科技-W,45,信息技术,4510,计算机,451020,信息技术服务,45102020,云计算服务
9960.HK,康圣环球,35,医药卫生,3510,医疗,351010,医疗器械,35101030,体外诊断
9961.HK,携程集团-S,25,可选消费,2540,消费者服务,254010,休闲服务,25401020,旅游服务
9963.HK,高科桥,50,通信服务,5020,通信设备及技术服务,502010,通信设备,50201020,通信系统设备及组件
9966.HK,康宁杰瑞制药-B,35,医药卫生,3520,医药,352010,生物药品,35201030,其他生物药品
9968.HK,汇景控股,60,房地产,6010,房地产,601010,房地产开发与园区,60101010,房地产开发
9969.HK,诺诚健华-B,35,医药卫生,3520,医药,352010,生物药品,35201030,其他生物药品
9973.HK,奇瑞汽车,25,可选消费,2510,乘用车及零部件,251020,乘用车,25102010,乘用车
9978.HK,方圆生活服务,60,房地产,6010,房地产,601020,房地产管理与服务,60102010,房地产管理
9979.HK,绿城管理控股,20,工业,2020,建筑装饰,202010,建筑与工程,20201010,房屋建设
9980.HK,东鹏饮料,30,主要消费,3010,食品、饮料与烟草,301020,软饮料,30102010,软饮料
9981.HK,沃尔核材,45,信息技术,4520,电子,452050,其他电子,45205010,其他电子
9982.HK,中原建业,20,工业,2020,建筑装饰,202010,建筑与工程,20201010,房屋建设
9983.HK,建业新生活,60,房地产,6010,房地产,601020,房地产管理与服务,60102010,房地产管理
9985.HK,卫龙美味,30,主要消费,3010,食品、饮料与烟草,301030,食品,30103040,休闲食品
9986.HK,大山教育,25,可选消费,2540,消费者服务,254020,教育服务,25402020,培训教育及其他
9987.HK,百胜中国,25,可选消费,2540,消费者服务,254010,休闲服务,25401040,餐饮服务
9988.HK,阿里巴巴-W,25,可选消费,2550,零售业,255040,互联网零售,25504010,互联网零售
9989.HK,海普瑞,35,医药卫生,3520,医药,352020,化学药,35202020,药品制剂
9990.HK,祖龙娱乐,50,通信服务,5030,传媒,503020,文化娱乐,50302020,游戏
9991.HK,宝尊电商-W,25,可选消费,2550,零售业,255040,互联网零售,25504010,互联网零售
9992.HK,泡泡玛特,25,可选消费,2520,耐用消费品,252030,休闲设备与用品,25203010,休闲设备与用品
9993.HK,金辉控股,60,房地产,6010,房地产,601010,房地产开发与园区,60101010,房地产开发
9995.HK,荣昌生物-B,35,医药卫生,3520,医药,352010,生物药品,35201030,其他生物药品
9996.HK,沛嘉医疗-B,35,医药卫生,3510,医疗,351010,医疗器械,35101020,医疗耗材
9998.HK,光荣控股,20,工业,2020,建筑装饰,202010,建筑与工程,20201010,房屋建设
9999.HK,网易-S,50,通信服务,5030,传媒,503020,文化娱乐,50302020,游戏
